Backbone_1553 2008 1971 101971 1 1
Backbone_1553 2008 51971 151971 2 1
Backbone_1553 2008 101971 201971 3 1
Backbone_1557 1388 1598 101598 4 1
Backbone_1557 1388 51598 151598 5 1
Backbone_15584 401 153 100153 6 1
Backbone_1558 1460 3657 103657 7 1
Backbone_1558 1460 53657 153657 8 1
Backbone_1558 1460 103657 203657 9 1
Backbone_15612 771 194 100194 10 1
Backbone_15646 900 4619 104619 11 1
Backbone_1564 1312 280 100280 12 1
Backbone_1564 1312 50280 150280 13 1
Backbone_1565 687 284 100284 14 1
Backbone_15693 810 12530 112530 15 1
Backbone_15762 706 187 100187 16 1
Backbone_15783 658 1576 101576 17 1
Backbone_15788 572 206 100206 18 1
Backbone_1578 1683 2224 102224 19 1
Backbone_1578 1683 52224 152224 20 1
Backbone_1578 1683 102224 202224 21 1
Backbone_1578 1683 152224 252224 22 1
Backbone_15831 1703 23231 123231 23 1
Backbone_15831 1703 73231 173231 24 1
Backbone_15831 1703 123231 223231 25 1
Backbone_15831 1703 173231 273231 26 2
Backbone_15846 671 646 100646 27 2
Backbone_15866 1486 563 100563 28 2
Backbone_15866 1486 50563 150563 29 2
Backbone_1586 2143 430 100430 30 2
Backbone_1586 2143 50430 150430 31 2
Backbone_1586 2143 100430 200430 32 2
Backbone_1586 2143 150430 250430 33 2
Backbone_1586 2143 200430 300430 34 2
Backbone_1590 2431 3954 103954 35 2
Backbone_1590 2431 53954 153954 36 2
Backbone_1590 2431 103954 203954 37 2
Backbone_1590 2431 153954 253954 38 2
Backbone_1590 2431 203954 303954 39 2
Backbone_15942 644 69 100069 40 2
Backbone_15942 644 50069 150069 41 2
Backbone_15953 731 8305 108305 42 2
Backbone_15958 739 443 100443 43 2
Backbone_15958 739 50443 150443 44 2
Backbone_1595 1650 22583 122583 45 2
Backbone_1595 1650 72583 172583 46 2
Backbone_1595 1650 122583 222583 47 2
Backbone_15970 1559 293 100293 48 2
Backbone_15970 1559 50293 150293 49 2
Backbone_15970 1559 100293 200293 50 2
Backbone_1597 1509 7473 107473 51 3
Backbone_1597 1509 57473 157473 52 3
Backbone_1597 1509 107473 207473 53 3
Backbone_15987 926 1444 101444 54 3
Backbone_1601 1360 167 100167 55 3
Backbone_1601 1360 50167 150167 56 3
Backbone_16047 808 145 100145 57 3
Backbone_16047 808 50145 150145 58 3
Backbone_16066 322 661 100661 59 3
Backbone_16078 231 3316 103316 60 3
Backbone_16092 990 174 100174 61 3
Backbone_10553 822 701 100701 62 3
Backbone_10558 906 341 100341 63 3
Backbone_10558 906 50341 150341 64 3
Backbone_10566 281 2635 102635 65 3
Backbone_10568 917 363 100363 66 3
Backbone_10573 929 798 100798 67 3
Backbone_10573 929 50798 150798 68 3
Backbone_10575 2029 373 100373 69 3
Backbone_10575 2029 50373 150373 70 3
Backbone_10575 2029 100373 200373 71 3
Backbone_10575 2029 150373 250373 72 3
Backbone_1057 2341 5217 105217 73 3
Backbone_1057 2341 55217 155217 74 3
Backbone_1057 2341 105217 205217 75 3
Backbone_1057 2341 155217 255217 76 4
Backbone_1057 2341 205217 305217 77 4
Backbone_10583 1359 545 100545 78 4
Backbone_10583 1359 50545 150545 79 4
Backbone_10585 1840 134 100134 80 4
Backbone_10585 1840 50134 150134 81 4
Backbone_10585 1840 100134 200134 82 4
Backbone_10585 1840 150134 250134 83 4
Backbone_10601 631 565 100565 84 4
Backbone_16115 655 661 100661 85 4
Backbone_16118 531 163 100163 86 4
Backbone_16121 645 4233 104233 87 4
Backbone_1612 857 11776 111776 88 4
Backbone_1612 857 61776 161776 89 4
Backbone_16145 725 490 100490 90 4
Backbone_16247 956 230 100230 91 4
Backbone_16298 574 2378 102378 92 4
Backbone_16302 1118 148 100148 93 4
Backbone_16302 1118 50148 150148 94 4
Backbone_16340 543 5189 105189 95 4
Backbone_16357 1002 6236 106236 96 4
Backbone_16357 1002 56236 156236 97 4
Backbone_1635 669 738 100738 98 4
Backbone_1636 743 114 100114 99 4
Backbone_1637 1871 4334 104334 100 4
Backbone_1637 1871 54334 154334 101 5
Backbone_1637 1871 104334 204334 102 5
Backbone_16382 1147 90 100090 103 5
Backbone_16382 1147 50090 150090 104 5
Backbone_16437 887 1629 101629 105 5
Backbone_16437 887 51629 151629 106 5
Backbone_16449 2542 1811 101811 107 5
Backbone_16449 2542 51811 151811 108 5
Backbone_16449 2542 101811 201811 109 5
Backbone_16449 2542 151811 251811 110 5
Backbone_16449 2542 201811 301811 111 5
Backbone_16449 2542 251811 351811 112 5
Backbone_1644 540 491 100491 113 5
Backbone_16516 840 5502 105502 114 5
Backbone_16516 840 55502 155502 115 5
Backbone_16537 685 286 100286 116 5
Backbone_1656 477 1163 101163 117 5
Backbone_16573 1059 2603 102603 118 5
Backbone_16573 1059 52603 152603 119 5
Backbone_16577 737 13897 113897 120 5
Backbone_16582 742 254 100254 121 5
Backbone_165 1221 777 100777 122 5
Backbone_165 1221 50777 150777 123 5
Backbone_16605 978 188 100188 124 5
Backbone_16655 477 7826 107826 125 5
Backbone_16681 766 272 100272 126 6
Backbone_16713 735 659 100659 127 6
Backbone_1672 1537 10720 110720 128 6
Backbone_1672 1537 60720 160720 129 6
Backbone_1672 1537 110720 210720 130 6
Backbone_1672 1537 160720 260720 131 6
Backbone_1672 1537 210720 310720 132 6
Backbone_1672 1537 260720 360720 133 6
Backbone_16751 879 218 100218 134 6
Backbone_1677 2534 148 100148 135 6
Backbone_1677 2534 50148 150148 136 6
Backbone_1677 2534 100148 200148 137 6
Backbone_1677 2534 150148 250148 138 6
Backbone_1677 2534 200148 300148 139 6
Backbone_1677 2534 250148 350148 140 6
Backbone_16821 639 292 100292 141 6
Backbone_1683 1853 190 100190 142 6
Backbone_1683 1853 50190 150190 143 6
Backbone_1683 1853 100190 200190 144 6
Backbone_1683 1853 150190 250190 145 6
Backbone_1683 1853 200190 300190 146 6
Backbone_16853 1026 194 100194 147 6
Backbone_16860 532 1043 101043 148 6
Backbone_16868 404 1334 101334 149 6
Backbone_16907 1165 129 100129 150 6
Backbone_16910 550 144 100144 151 7
Backbone_16967 488 568 100568 152 7
Backbone_16988 771 226 100226 153 7
Backbone_1699 893 1909 101909 154 7
Backbone_17031 829 457 100457 155 7
Backbone_17076 887 423 100423 156 7
Backbone_1713 944 636 100636 157 7
Backbone_17161 827 163 100163 158 7
Backbone_17171 1726 1705 101705 159 7
Backbone_17171 1726 51705 151705 160 7
Backbone_17171 1726 101705 201705 161 7
Backbone_17171 1726 151705 251705 162 7
Backbone_1721 2020 175 100175 163 7
Backbone_1721 2020 50175 150175 164 7
Backbone_1721 2020 100175 200175 165 7
Backbone_1721 2020 150175 250175 166 7
Backbone_10668 713 1808 101808 167 7
Backbone_10671 977 15639 115639 168 7
Backbone_10671 977 65639 165639 169 7
Backbone_10675 802 6030 106030 170 7
Backbone_10678 2278 2593 102593 171 7
Backbone_10678 2278 52593 152593 172 7
Backbone_10678 2278 102593 202593 173 7
Backbone_10678 2278 152593 252593 174 7
Backbone_10678 2278 202593 302593 175 7
Backbone_1068 1788 190 100190 176 8
Backbone_1068 1788 50190 150190 177 8
Backbone_1068 1788 100190 200190 178 8
Backbone_10701 504 4683 104683 179 8
Backbone_10705 1949 1903 101903 180 8
Backbone_10705 1949 51903 151903 181 8
Backbone_10705 1949 101903 201903 182 8
Backbone_10705 1949 151903 251903 183 8
Backbone_17237 772 1962 101962 184 8
Backbone_1723 1014 7414 107414 185 8
Backbone_17253 485 3203 103203 186 8
Backbone_17253 485 53203 153203 187 8
Backbone_17267 1452 2073 102073 188 8
Backbone_17267 1452 52073 152073 189 8
Backbone_17268 515 280 100280 190 8
Backbone_17269 1073 8369 108369 191 8
Backbone_1726 1301 1195 101195 192 8
Backbone_1726 1301 51195 151195 193 8
Backbone_17270 781 7854 107854 194 8
Backbone_17284 353 6066 106066 195 8
Backbone_17324 1346 3175 103175 196 8
Backbone_17340 370 2405 102405 197 8
Backbone_17343 1057 333 100333 198 8
Backbone_17353 461 728 100728 199 8
Backbone_1735 2554 229 100229 200 8
Backbone_1735 2554 50229 150229 201 9
Backbone_1735 2554 100229 200229 202 9
Backbone_1735 2554 150229 250229 203 9
Backbone_1735 2554 200229 300229 204 9
Backbone_1735 2554 250229 350229 205 9
Backbone_17371 636 137 100137 206 9
Backbone_17378 1129 448 100448 207 9
Backbone_17379 911 2589 102589 208 9
Backbone_17401 532 515 100515 209 9
Backbone_1740 907 2694 102694 210 9
Backbone_17415 257 303 100303 211 9
Backbone_17438 744 360 100360 212 9
Backbone_17438 744 50360 150360 213 9
Backbone_1745 795 920 100920 214 9
Backbone_1745 795 50920 150920 215 9
Backbone_1746 1023 4168 104168 216 9
Backbone_1748 447 6507 106507 217 9
Backbone_1748 447 56507 156507 218 9
Backbone_1748 447 106507 206507 219 9
Backbone_174 1400 404 100404 220 9
Backbone_174 1400 50404 150404 221 9
Backbone_17517 543 1028 101028 222 9
Backbone_17522 1161 442 100442 223 9
Backbone_17522 1161 50442 150442 224 9
Backbone_1754 1278 1342 101342 225 9
Backbone_1754 1278 51342 151342 226 10
Backbone_17570 587 3597 103597 227 10
Backbone_17570 587 53597 153597 228 10
Backbone_1762 2403 722 100722 229 10
Backbone_1762 2403 50722 150722 230 10
Backbone_1762 2403 100722 200722 231 10
Backbone_1762 2403 150722 250722 232 10
Backbone_1762 2403 200722 300722 233 10
Backbone_1763 3090 3263 103263 234 10
Backbone_1763 3090 53263 153263 235 10
Backbone_1763 3090 103263 203263 236 10
Backbone_1763 3090 153263 253263 237 10
Backbone_1763 3090 203263 303263 238 10
Backbone_1763 3090 253263 353263 239 10
Backbone_1763 3090 303263 403263 240 10
Backbone_17644 1190 420 100420 241 10
Backbone_17644 1190 50420 150420 242 10
Backbone_1768 1611 3239 103239 243 10
Backbone_1768 1611 53239 153239 244 10
Backbone_1768 1611 103239 203239 245 10
Backbone_1768 1611 153239 253239 246 10
Backbone_1772 892 7137 107137 247 10
Backbone_1772 892 57137 157137 248 10
Backbone_1773 868 248 100248 249 10
Backbone_1775 1350 1228 101228 250 10
Backbone_1775 1350 51228 151228 251 11
Backbone_17768 555 196 100196 252 11
Backbone_10708 1343 398 100398 253 11
Backbone_1071 743 10653 110653 254 11
Backbone_1071 743 60653 160653 255 11
Backbone_10734 1207 1258 101258 256 11
Backbone_10760 180 944 100944 257 11
Backbone_17814 795 684 100684 258 11
Backbone_17818 758 339 100339 259 11
Backbone_17836 559 492 100492 260 11
Backbone_1784 920 260 100260 261 11
Backbone_1784 920 50260 150260 262 11
Backbone_1786 1094 219 100219 263 11
Backbone_17884 352 3500 103500 264 11
Backbone_1788 1043 1292 101292 265 11
Backbone_17894 1109 482 100482 266 11
Backbone_17894 1109 50482 150482 267 11
Backbone_1791 1469 6208 106208 268 11
Backbone_1791 1469 56208 156208 269 11
Backbone_1793 1332 319 100319 270 11
Backbone_1793 1332 50319 150319 271 11
Backbone_1793 1332 100319 200319 272 11
Backbone_1793 1332 150319 250319 273 11
Backbone_1795 626 1471 101471 274 11
Backbone_17960 921 3127 103127 275 11
Backbone_17978 928 448 100448 276 12
Backbone_17978 928 50448 150448 277 12
Backbone_1798 926 7576 107576 278 12
Backbone_18041 726 2993 102993 279 12
Backbone_18092 902 300 100300 280 12
Backbone_18115 645 1379 101379 281 12
Backbone_18117 993 637 100637 282 12
Backbone_18179 924 374 100374 283 12
Backbone_18179 924 50374 150374 284 12
Backbone_181 518 25320 125320 285 12
Backbone_181 518 75320 175320 286 12
Backbone_1821 781 322 100322 287 12
Backbone_1821 781 50322 150322 288 12
Backbone_18247 377 4033 104033 289 12
Backbone_18264 648 216 100216 290 12
Backbone_1826 1199 1148 101148 291 12
Backbone_1826 1199 51148 151148 292 12
Backbone_18276 663 7690 107690 293 12
Backbone_18288 556 10823 110823 294 12
Backbone_18288 556 60823 160823 295 12
Backbone_18296 829 305 100305 296 12
Backbone_18308 843 805 100805 297 12
Backbone_18314 1062 950 100950 298 12
Backbone_10766 911 7280 107280 299 12
Backbone_1077 1060 8172 108172 300 12
Backbone_10798 752 260 100260 301 13
Backbone_1079 1914 12944 112944 302 13
Backbone_1079 1914 62944 162944 303 13
Backbone_1079 1914 112944 212944 304 13
Backbone_10803 1283 255 100255 305 13
Backbone_10803 1283 50255 150255 306 13
Backbone_18340 1141 1612 101612 307 13
Backbone_18340 1141 51612 151612 308 13
Backbone_18386 592 394 100394 309 13
Backbone_18432 132 180 100180 310 13
Backbone_18433 641 298 100298 311 13
Backbone_1848 1375 11366 111366 312 13
Backbone_1848 1375 61366 161366 313 13
Backbone_18492 1265 982 100982 314 13
Backbone_18492 1265 50982 150982 315 13
Backbone_18492 1265 100982 200982 316 13
Backbone_18496 743 2182 102182 317 13
Backbone_184 579 8555 108555 318 13
Backbone_1851 696 883 100883 319 13
Backbone_18524 1151 278 100278 320 13
Backbone_18532 1819 754 100754 321 13
Backbone_18532 1819 50754 150754 322 13
Backbone_18532 1819 100754 200754 323 13
Backbone_18532 1819 150754 250754 324 13
Backbone_1864 1095 384 100384 325 13
Backbone_1864 1095 50384 150384 326 14
Backbone_18655 2023 239 100239 327 14
Backbone_18655 2023 50239 150239 328 14
Backbone_18655 2023 100239 200239 329 14
Backbone_18655 2023 150239 250239 330 14
Backbone_1865 1083 545 100545 331 14
Backbone_1865 1083 50545 150545 332 14
Backbone_18817 781 212 100212 333 14
Backbone_18839 845 229 100229 334 14
Backbone_18854 477 91 100091 335 14
Backbone_18883 240 9285 109285 336 14
Backbone_18899 707 2752 102752 337 14
Backbone_1889 906 1796 101796 338 14
Backbone_18919 224 13719 113719 339 14
Backbone_1080 1644 1971 101971 340 14
Backbone_1080 1644 51971 151971 341 14
Backbone_1080 1644 101971 201971 342 14
Backbone_1080 1644 151971 251971 343 14
Backbone_1081 971 224 100224 344 14
Backbone_10835 648 220 100220 345 14
Backbone_10837 1154 495 100495 346 14
Backbone_10838 628 3365 103365 347 14
Backbone_10838 628 53365 153365 348 14
Backbone_18932 379 599 100599 349 14
Backbone_18945 839 348 100348 350 14
Backbone_1895 1569 889 100889 351 15
Backbone_1895 1569 50889 150889 352 15
Backbone_1895 1569 100889 200889 353 15
Backbone_18988 442 1595 101595 354 15
Backbone_18993 808 838 100838 355 15
Backbone_19010 774 2317 102317 356 15
Backbone_19062 1075 10231 110231 357 15
Backbone_19062 1075 60231 160231 358 15
Backbone_1907 1113 15317 115317 359 15
Backbone_19084 773 288 100288 360 15
Backbone_19106 300 6631 106631 361 15
Backbone_19131 748 2217 102217 362 15
Backbone_19131 748 52217 152217 363 15
Backbone_19188 953 2094 102094 364 15
Backbone_1919 940 210 100210 365 15
Backbone_19240 965 282 100282 366 15
Backbone_19245 708 487 100487 367 15
Backbone_19251 516 2383 102383 368 15
Backbone_19325 489 737 100737 369 15
Backbone_1933 933 304 100304 370 15
Backbone_1933 933 50304 150304 371 15
Backbone_1939 626 633 100633 372 15
Backbone_19407 691 702 100702 373 15
Backbone_19429 989 312 100312 374 15
Backbone_10866 1018 633 100633 375 15
Backbone_10866 1018 50633 150633 376 16
Backbone_10898 561 1008 101008 377 16
Backbone_10902 415 1502 101502 378 16
Backbone_10914 1237 497 100497 379 16
Backbone_10914 1237 50497 150497 380 16
Backbone_1954 972 740 100740 381 16
Backbone_1954 972 50740 150740 382 16
Backbone_19563 860 227 100227 383 16
Backbone_19593 701 241 100241 384 16
Backbone_19610 247 744 100744 385 16
Backbone_19638 1057 746 100746 386 16
Backbone_19638 1057 50746 150746 387 16
Backbone_19668 943 106 100106 388 16
Backbone_1967 1157 4592 104592 389 16
Backbone_1967 1157 54592 154592 390 16
Backbone_1967 1157 104592 204592 391 16
Backbone_19695 1852 5277 105277 392 16
Backbone_19695 1852 55277 155277 393 16
Backbone_19695 1852 105277 205277 394 16
Backbone_19695 1852 155277 255277 395 16
Backbone_196 670 738 100738 396 16
Backbone_19701 1088 581 100581 397 16
Backbone_19701 1088 50581 150581 398 16
Backbone_19753 1108 1396 101396 399 16
Backbone_1978 1828 3356 103356 400 16
Backbone_1978 1828 53356 153356 401 17
Backbone_1978 1828 103356 203356 402 17
Backbone_1978 1828 153356 253356 403 17
Backbone_197 1289 43 100043 404 17
Backbone_197 1289 50043 150043 405 17
Backbone_197 1289 100043 200043 406 17
Backbone_197 1289 150043 250043 407 17
Backbone_19814 583 3570 103570 408 17
Backbone_19814 583 53570 153570 409 17
Backbone_19823 544 444 100444 410 17
Backbone_1986 771 746 100746 411 17
Backbone_198 588 642 100642 412 17
Backbone_19911 1099 486 100486 413 17
Backbone_19911 1099 50486 150486 414 17
Backbone_19927 416 108 100108 415 17
Backbone_1996 1717 1664 101664 416 17
Backbone_1996 1717 51664 151664 417 17
Backbone_1996 1717 101664 201664 418 17
Backbone_1996 1717 151664 251664 419 17
Backbone_1997 910 745 100745 420 17
Backbone_19995 373 257 100257 421 17
Backbone_2002 1210 13428 113428 422 17
Backbone_20042 824 255 100255 423 17
Backbone_20042 824 50255 150255 424 17
Backbone_2004 1013 8968 108968 425 17
Backbone_1092 800 423 100423 426 18
Backbone_10931 952 1311 101311 427 18
Backbone_10937 1334 2051 102051 428 18
Backbone_10937 1334 52051 152051 429 18
Backbone_10940 1052 12753 112753 430 18
Backbone_10942 371 282 100282 431 18
Backbone_10942 371 50282 150282 432 18
Backbone_1094 1137 136 100136 433 18
Backbone_10959 659 194 100194 434 18
Backbone_1095 356 3607 103607 435 18
Backbone_10966 796 2092 102092 436 18
Backbone_10966 796 52092 152092 437 18
Backbone_2008 779 3350 103350 438 18
Backbone_20129 1537 691 100691 439 18
Backbone_20129 1537 50691 150691 440 18
Backbone_2014 1337 890 100890 441 18
Backbone_2014 1337 50890 150890 442 18
Backbone_2014 1337 100890 200890 443 18
Backbone_20195 649 9461 109461 444 18
Backbone_2021 722 407 100407 445 18
Backbone_2021 722 50407 150407 446 18
Backbone_2021 722 100407 200407 447 18
Backbone_20265 593 233 100233 448 18
Backbone_20326 1300 13477 113477 449 18
Backbone_20326 1300 63477 163477 450 18
Backbone_2032 1831 581 100581 451 19
Backbone_2032 1831 50581 150581 452 19
Backbone_2032 1831 100581 200581 453 19
Backbone_2032 1831 150581 250581 454 19
Backbone_2032 1831 200581 300581 455 19
Backbone_2032 1831 250581 350581 456 19
Backbone_20347 362 2182 102182 457 19
Backbone_2034 662 6329 106329 458 19
Backbone_20392 868 6658 106658 459 19
Backbone_20403 904 1552 101552 460 19
Backbone_20461 795 3976 103976 461 19
Backbone_20496 1136 574 100574 462 19
Backbone_20496 1136 50574 150574 463 19
Backbone_204 723 640 100640 464 19
Backbone_204 723 50640 150640 465 19
Backbone_1097 1425 687 100687 466 19
Backbone_1097 1425 50687 150687 467 19
Backbone_1097 1425 100687 200687 468 19
Backbone_10991 705 1771 101771 469 19
Backbone_1099 580 210 100210 470 19
Backbone_11024 852 2348 102348 471 19
Backbone_11027 573 17673 117673 472 19
Backbone_20596 1126 604 100604 473 19
Backbone_20608 570 658 100658 474 19
Backbone_2065 574 408 100408 475 19
Backbone_20661 686 6598 106598 476 20
Backbone_20722 872 517 100517 477 20
Backbone_20743 1014 141 100141 478 20
Backbone_20743 1014 50141 150141 479 20
Backbone_2077 3287 211 100211 480 20
Backbone_2077 3287 50211 150211 481 20
Backbone_2077 3287 100211 200211 482 20
Backbone_2077 3287 150211 250211 483 20
Backbone_2077 3287 200211 300211 484 20
Backbone_2077 3287 250211 350211 485 20
Backbone_2077 3287 300211 400211 486 20
Backbone_2077 3287 350211 450211 487 20
Backbone_2078 753 405 100405 488 20
Backbone_20797 490 2249 102249 489 20
Backbone_20812 436 576 100576 490 20
Backbone_20906 1192 104 100104 491 20
Backbone_20958 737 446 100446 492 20
Backbone_2095 1250 12233 112233 493 20
Backbone_2095 1250 62233 162233 494 20
Backbone_210 1058 357 100357 495 20
Backbone_210 1058 50357 150357 496 20
Backbone_11048 1201 260 100260 497 20
Backbone_11048 1201 50260 150260 498 20
Backbone_11086 822 1061 101061 499 20
Backbone_11086 822 51061 151061 500 20
Backbone_11086 822 101061 201061 501 21
Backbone_11087 880 14623 114623 502 21
Backbone_11092 853 542 100542 503 21
Backbone_10009 509 14393 114393 504 21
Backbone_10018 1176 252 100252 505 21
Backbone_10018 1176 50252 150252 506 21
Backbone_10018 1176 100252 200252 507 21
Backbone_10038 744 9254 109254 508 21
Backbone_10038 744 59254 159254 509 21
Backbone_10043 833 140 100140 510 21
Backbone_10045 1244 6167 106167 511 21
Backbone_10045 1244 56167 156167 512 21
Backbone_10045 1244 106167 206167 513 21
Backbone_21156 631 5691 105691 514 21
Backbone_2117 654 232 100232 515 21
Backbone_2123 373 1818 101818 516 21
Backbone_212 1286 19204 119204 517 21
Backbone_212 1286 69204 169204 518 21
Backbone_212 1286 119204 219204 519 21
Backbone_2133 1183 1415 101415 520 21
Backbone_2133 1183 51415 151415 521 21
Backbone_21443 582 14244 114244 522 21
Backbone_214 1713 376 100376 523 21
Backbone_214 1713 50376 150376 524 21
Backbone_214 1713 100376 200376 525 21
Backbone_2153 960 162 100162 526 22
Backbone_2153 960 50162 150162 527 22
Backbone_2156 1179 395 100395 528 22
Backbone_2156 1179 50395 150395 529 22
Backbone_2162 2225 341 100341 530 22
Backbone_2162 2225 50341 150341 531 22
Backbone_2162 2225 100341 200341 532 22
Backbone_2162 2225 150341 250341 533 22
Backbone_2162 2225 200341 300341 534 22
Backbone_2162 2225 250341 350341 535 22
Backbone_2162 2225 300341 400341 536 22
Backbone_21645 661 1885 101885 537 22
Backbone_11104 616 2358 102358 538 22
Backbone_11156 988 8512 108512 539 22
Backbone_11156 988 58512 158512 540 22
Backbone_21695 430 15090 115090 541 22
Backbone_21791 1054 3652 103652 542 22
Backbone_21791 1054 53652 153652 543 22
Backbone_2179 1307 15724 115724 544 22
Backbone_2179 1307 65724 165724 545 22
Backbone_2182 648 20802 120802 546 22
Backbone_21882 1345 5128 105128 547 22
Backbone_21882 1345 55128 155128 548 22
Backbone_21933 877 591 100591 549 22
Backbone_21935 508 17028 117028 550 22
Backbone_2198 2079 1988 101988 551 23
Backbone_2198 2079 51988 151988 552 23
Backbone_2198 2079 101988 201988 553 23
Backbone_2198 2079 151988 251988 554 23
Backbone_2198 2079 201988 301988 555 23
Backbone_219 917 2400 102400 556 23
Backbone_219 917 52400 152400 557 23
Backbone_2201 672 4861 104861 558 23
Backbone_2201 672 54861 154861 559 23
Backbone_22055 451 5293 105293 560 23
Backbone_2207 918 662 100662 561 23
Backbone_11193 697 457 100457 562 23
Backbone_11196 591 157 100157 563 23
Backbone_111 851 5330 105330 564 23
Backbone_11201 641 3170 103170 565 23
Backbone_11205 764 2328 102328 566 23
Backbone_2218 1351 6203 106203 567 23
Backbone_2218 1351 56203 156203 568 23
Backbone_2218 1351 106203 206203 569 23
Backbone_22196 518 154 100154 570 23
Backbone_22196 518 50154 150154 571 23
Backbone_22334 452 3777 103777 572 23
Backbone_2246 947 967 100967 573 23
Backbone_22507 334 1164 101164 574 23
Backbone_22529 410 1506 101506 575 23
Backbone_22559 799 3961 103961 576 24
Backbone_2255 878 723 100723 577 24
Backbone_2255 878 50723 150723 578 24
Backbone_2257 919 3209 103209 579 24
Backbone_225 1848 4214 104214 580 24
Backbone_225 1848 54214 154214 581 24
Backbone_225 1848 104214 204214 582 24
Backbone_225 1848 154214 254214 583 24
Backbone_2265 1510 1505 101505 584 24
Backbone_2265 1510 51505 151505 585 24
Backbone_2265 1510 101505 201505 586 24
Backbone_2266 597 3689 103689 587 24
Backbone_11224 1287 370 100370 588 24
Backbone_11224 1287 50370 150370 589 24
Backbone_11224 1287 100370 200370 590 24
Backbone_11246 1087 3020 103020 591 24
Backbone_11246 1087 53020 153020 592 24
Backbone_11251 987 156 100156 593 24
Backbone_11254 550 367 100367 594 24
Backbone_11265 962 208 100208 595 24
Backbone_11271 457 6741 106741 596 24
Backbone_11271 457 56741 156741 597 24
Backbone_22762 828 436 100436 598 24
Backbone_22848 523 4471 104471 599 24
Backbone_2285 1506 276 100276 600 24
Backbone_2285 1506 50276 150276 601 25
Backbone_2285 1506 100276 200276 602 25
Backbone_2285 1506 150276 250276 603 25
Backbone_22880 891 304 100304 604 25
Backbone_22922 800 145 100145 605 25
Backbone_2297 964 395 100395 606 25
Backbone_2297 964 50395 150395 607 25
Backbone_23135 588 1115 101115 608 25
Backbone_23135 588 51115 151115 609 25
Backbone_2315 833 2033 102033 610 25
Backbone_2315 833 52033 152033 611 25
Backbone_2315 833 102033 202033 612 25
Backbone_23163 644 4342 104342 613 25
Backbone_2319 430 8050 108050 614 25
Backbone_23201 1041 1189 101189 615 25
Backbone_11278 242 1436 101436 616 25
Backbone_11289 907 1315 101315 617 25
Backbone_11292 468 4500 104500 618 25
Backbone_11295 279 728 100728 619 25
Backbone_11298 2204 704 100704 620 25
Backbone_11298 2204 50704 150704 621 25
Backbone_11298 2204 100704 200704 622 25
Backbone_11298 2204 150704 250704 623 25
Backbone_11320 858 410 100410 624 25
Backbone_11338 1215 10 100010 625 25
Backbone_2325 642 7342 107342 626 26
Backbone_2325 642 57342 157342 627 26
Backbone_2326 777 16543 116543 628 26
Backbone_2326 777 66543 166543 629 26
Backbone_23278 578 5598 105598 630 26
Backbone_2332 532 273 100273 631 26
Backbone_23345 615 224 100224 632 26
Backbone_23361 452 331 100331 633 26
Backbone_2338 1683 12656 112656 634 26
Backbone_2338 1683 62656 162656 635 26
Backbone_233 879 344 100344 636 26
Backbone_2340 1611 774 100774 637 26
Backbone_2340 1611 50774 150774 638 26
Backbone_2340 1611 100774 200774 639 26
Backbone_2340 1611 150774 250774 640 26
Backbone_2347 597 1471 101471 641 26
Backbone_2351 875 2346 102346 642 26
Backbone_2357 1401 525 100525 643 26
Backbone_2357 1401 50525 150525 644 26
Backbone_23634 1362 425 100425 645 26
Backbone_23634 1362 50425 150425 646 26
Backbone_23634 1362 100425 200425 647 26
Backbone_2364 2085 9356 109356 648 26
Backbone_2364 2085 59356 159356 649 26
Backbone_2364 2085 109356 209356 650 26
Backbone_2371 786 671 100671 651 27
Backbone_11352 820 800 100800 652 27
Backbone_11358 1230 608 100608 653 27
Backbone_11358 1230 50608 150608 654 27
Backbone_11359 1190 488 100488 655 27
Backbone_11359 1190 50488 150488 656 27
Backbone_11361 1261 274 100274 657 27
Backbone_11361 1261 50274 150274 658 27
Backbone_11363 534 200 100200 659 27
Backbone_11363 534 50200 150200 660 27
Backbone_11395 776 4475 104475 661 27
Backbone_23790 773 377 100377 662 27
Backbone_23790 773 50377 150377 663 27
Backbone_238 937 5155 105155 664 27
Backbone_23905 190 4820 104820 665 27
Backbone_23910 761 9418 109418 666 27
Backbone_2393 930 475 100475 667 27
Backbone_23 679 196 100196 668 27
Backbone_23 679 50196 150196 669 27
Backbone_2405 843 5217 105217 670 27
Backbone_2405 843 55217 155217 671 27
Backbone_2405 843 105217 205217 672 27
Backbone_2411 748 481 100481 673 27
Backbone_2414 2446 1269 101269 674 27
Backbone_2414 2446 51269 151269 675 27
Backbone_2414 2446 101269 201269 676 28
Backbone_2414 2446 151269 251269 677 28
Backbone_2414 2446 201269 301269 678 28
Backbone_2415 776 825 100825 679 28
Backbone_2415 776 50825 150825 680 28
Backbone_24160 328 2913 102913 681 28
Backbone_2420 836 2710 102710 682 28
Backbone_2420 836 52710 152710 683 28
Backbone_11413 944 301 100301 684 28
Backbone_1143 1857 2495 102495 685 28
Backbone_1143 1857 52495 152495 686 28
Backbone_1143 1857 102495 202495 687 28
Backbone_1143 1857 152495 252495 688 28
Backbone_11445 755 1301 101301 689 28
Backbone_1144 1271 25539 125539 690 28
Backbone_1144 1271 75539 175539 691 28
Backbone_11454 1065 2135 102135 692 28
Backbone_11454 1065 52135 152135 693 28
Backbone_11469 946 247 100247 694 28
Backbone_24304 850 5865 105865 695 28
Backbone_2435 841 454 100454 696 28
Backbone_2445 1562 658 100658 697 28
Backbone_2445 1562 50658 150658 698 28
Backbone_2448 465 732 100732 699 28
Backbone_2452 1376 235 100235 700 28
Backbone_2452 1376 50235 150235 701 29
Backbone_2453 1198 529 100529 702 29
Backbone_2453 1198 50529 150529 703 29
Backbone_2453 1198 100529 200529 704 29
Backbone_2453 1198 150529 250529 705 29
Backbone_2453 1198 200529 300529 706 29
Backbone_2453 1198 250529 350529 707 29
Backbone_2458 767 541 100541 708 29
Backbone_2470 1612 319 100319 709 29
Backbone_2470 1612 50319 150319 710 29
Backbone_2470 1612 100319 200319 711 29
Backbone_2473 776 1504 101504 712 29
Backbone_11475 1598 12104 112104 713 29
Backbone_11475 1598 62104 162104 714 29
Backbone_11475 1598 112104 212104 715 29
Backbone_1149 419 461 100461 716 29
Backbone_11515 490 10007 110007 717 29
Backbone_11519 858 638 100638 718 29
Backbone_11519 858 50638 150638 719 29
Backbone_2477 765 74 100074 720 29
Backbone_2479 589 236 100236 721 29
Backbone_2480 417 4600 104600 722 29
Backbone_2483 882 436 100436 723 29
Backbone_2486 678 1193 101193 724 29
Backbone_2488 720 540 100540 725 29
Backbone_2488 720 50540 150540 726 30
Backbone_2489 606 7136 107136 727 30
Backbone_2502 1623 345 100345 728 30
Backbone_2502 1623 50345 150345 729 30
Backbone_2505 833 155 100155 730 30
Backbone_2507 739 166 100166 731 30
Backbone_2518 822 1340 101340 732 30
Backbone_2518 822 51340 151340 733 30
Backbone_2525 193 6710 106710 734 30
Backbone_11531 372 894 100894 735 30
Backbone_11537 469 4199 104199 736 30
Backbone_11547 754 262 100262 737 30
Backbone_11571 643 248 100248 738 30
Backbone_11575 2538 940 100940 739 30
Backbone_11575 2538 50940 150940 740 30
Backbone_11575 2538 100940 200940 741 30
Backbone_11575 2538 150940 250940 742 30
Backbone_11575 2538 200940 300940 743 30
Backbone_11575 2538 250940 350940 744 30
Backbone_2536 548 2302 102302 745 30
Backbone_2541 239 1131 101131 746 30
Backbone_2542 688 7134 107134 747 30
Backbone_2544 1387 480 100480 748 30
Backbone_2544 1387 50480 150480 749 30
Backbone_2544 1387 100480 200480 750 30
Backbone_25499 385 1976 101976 751 31
Backbone_2549 3053 353 100353 752 31
Backbone_2549 3053 50353 150353 753 31
Backbone_2549 3053 100353 200353 754 31
Backbone_2549 3053 150353 250353 755 31
Backbone_2549 3053 200353 300353 756 31
Backbone_2549 3053 250353 350353 757 31
Backbone_2549 3053 300353 400353 758 31
Backbone_25572 682 595 100595 759 31
Backbone_2561 920 3985 103985 760 31
Backbone_2573 3004 358 100358 761 31
Backbone_2573 3004 50358 150358 762 31
Backbone_2573 3004 100358 200358 763 31
Backbone_2573 3004 150358 250358 764 31
Backbone_2573 3004 200358 300358 765 31
Backbone_2573 3004 250358 350358 766 31
Backbone_2573 3004 300358 400358 767 31
Backbone_11597 916 10714 110714 768 31
Backbone_11605 438 2111 102111 769 31
Backbone_11608 1105 10692 110692 770 31
Backbone_11608 1105 60692 160692 771 31
Backbone_11608 1105 110692 210692 772 31
Backbone_11611 868 3616 103616 773 31
Backbone_11611 868 53616 153616 774 31
Backbone_11615 877 259 100259 775 31
Backbone_1161 858 338 100338 776 32
Backbone_2582 557 4923 104923 777 32
Backbone_2585 867 1921 101921 778 32
Backbone_2588 181 6142 106142 779 32
Backbone_2601 952 2537 102537 780 32
Backbone_2601 952 52537 152537 781 32
Backbone_2602 1245 646 100646 782 32
Backbone_2603 902 372 100372 783 32
Backbone_2603 902 50372 150372 784 32
Backbone_2607 826 326 100326 785 32
Backbone_2607 826 50326 150326 786 32
Backbone_2608 804 1157 101157 787 32
Backbone_2618 753 432 100432 788 32
Backbone_261 672 6827 106827 789 32
Backbone_11638 386 5544 105544 790 32
Backbone_1163 1543 460 100460 791 32
Backbone_1163 1543 50460 150460 792 32
Backbone_11647 1655 6915 106915 793 32
Backbone_11647 1655 56915 156915 794 32
Backbone_11647 1655 106915 206915 795 32
Backbone_1164 1139 7233 107233 796 32
Backbone_11681 735 294 100294 797 32
Backbone_10081 1481 336 100336 798 32
Backbone_10081 1481 50336 150336 799 32
Backbone_10082 815 94 100094 800 32
Backbone_10088 844 3137 103137 801 33
Backbone_10089 1081 225 100225 802 33
Backbone_1008 886 6446 106446 803 33
Backbone_1008 886 56446 156446 804 33
Backbone_1008 886 106446 206446 805 33
Backbone_10114 897 2074 102074 806 33
Backbone_10114 897 52074 152074 807 33
Backbone_2632 788 532 100532 808 33
Backbone_2634 413 5823 105823 809 33
Backbone_26353 724 712 100712 810 33
Backbone_2639 578 402 100402 811 33
Backbone_2639 578 50402 150402 812 33
Backbone_2642 1205 244 100244 813 33
Backbone_2642 1205 50244 150244 814 33
Backbone_2642 1205 100244 200244 815 33
Backbone_2648 711 321 100321 816 33
Backbone_265 2684 4562 104562 817 33
Backbone_265 2684 54562 154562 818 33
Backbone_265 2684 104562 204562 819 33
Backbone_265 2684 154562 254562 820 33
Backbone_265 2684 204562 304562 821 33
Backbone_265 2684 254562 354562 822 33
Backbone_265 2684 304562 404562 823 33
Backbone_265 2684 354562 454562 824 33
Backbone_265 2684 404562 504562 825 33
Backbone_2672 1157 387 100387 826 34
Backbone_2672 1157 50387 150387 827 34
Backbone_11695 753 682 100682 828 34
Backbone_1171 625 532 100532 829 34
Backbone_11730 905 554 100554 830 34
Backbone_2686 457 2155 102155 831 34
Backbone_2689 906 2728 102728 832 34
Backbone_2691 1045 4048 104048 833 34
Backbone_2692 1107 318 100318 834 34
Backbone_2692 1107 50318 150318 835 34
Backbone_2703 1003 799 100799 836 34
Backbone_2703 1003 50799 150799 837 34
Backbone_2704 651 3132 103132 838 34
Backbone_2714 921 9127 109127 839 34
Backbone_2714 921 59127 159127 840 34
Backbone_11737 1053 147 100147 841 34
Backbone_11737 1053 50147 150147 842 34
Backbone_11746 1076 3094 103094 843 34
Backbone_11764 822 13702 113702 844 34
Backbone_1176 2533 15843 115843 845 34
Backbone_1176 2533 65843 165843 846 34
Backbone_1176 2533 115843 215843 847 34
Backbone_1176 2533 165843 265843 848 34
Backbone_1177 1546 785 100785 849 34
Backbone_1177 1546 50785 150785 850 34
Backbone_1177 1546 100785 200785 851 35
Backbone_1177 1546 150785 250785 852 35
Backbone_11791 336 4033 104033 853 35
Backbone_2734 245 1398 101398 854 35
Backbone_2737 1621 234 100234 855 35
Backbone_2737 1621 50234 150234 856 35
Backbone_2737 1621 100234 200234 857 35
Backbone_2740 298 2017 102017 858 35
Backbone_27416 422 59 100059 859 35
Backbone_2748 962 365 100365 860 35
Backbone_2754 1021 1667 101667 861 35
Backbone_2754 1021 51667 151667 862 35
Backbone_2761 1127 927 100927 863 35
Backbone_2761 1127 50927 150927 864 35
Backbone_2763 1560 269 100269 865 35
Backbone_2763 1560 50269 150269 866 35
Backbone_2763 1560 100269 200269 867 35
Backbone_276 1022 1472 101472 868 35
Backbone_276 1022 51472 151472 869 35
Backbone_2777 966 366 100366 870 35
Backbone_2777 966 50366 150366 871 35
Backbone_2777 966 100366 200366 872 35
Backbone_2777 966 150366 250366 873 35
Backbone_2778 628 1824 101824 874 35
Backbone_2778 628 51824 151824 875 35
Backbone_11798 641 2399 102399 876 36
Backbone_117 1488 2426 102426 877 36
Backbone_117 1488 52426 152426 878 36
Backbone_117 1488 102426 202426 879 36
Backbone_11801 652 394 100394 880 36
Backbone_11818 713 1319 101319 881 36
Backbone_1181 448 198 100198 882 36
Backbone_2795 2261 373 100373 883 36
Backbone_2795 2261 50373 150373 884 36
Backbone_2795 2261 100373 200373 885 36
Backbone_2795 2261 150373 250373 886 36
Backbone_2804 1279 471 100471 887 36
Backbone_2804 1279 50471 150471 888 36
Backbone_2812 1820 882 100882 889 36
Backbone_2812 1820 50882 150882 890 36
Backbone_2812 1820 100882 200882 891 36
Backbone_2812 1820 150882 250882 892 36
Backbone_2817 1055 2496 102496 893 36
Backbone_283 1661 1152 101152 894 36
Backbone_283 1661 51152 151152 895 36
Backbone_283 1661 101152 201152 896 36
Backbone_2841 808 169 100169 897 36
Backbone_2844 980 305 100305 898 36
Backbone_2851 1232 270 100270 899 36
Backbone_2851 1232 50270 150270 900 36
Backbone_2866 580 3080 103080 901 37
Backbone_2866 580 53080 153080 902 37
Backbone_2867 1113 1374 101374 903 37
Backbone_2867 1113 51374 151374 904 37
Backbone_2874 815 4345 104345 905 37
Backbone_2874 815 54345 154345 906 37
Backbone_2887 2378 508 100508 907 37
Backbone_2887 2378 50508 150508 908 37
Backbone_2887 2378 100508 200508 909 37
Backbone_2887 2378 150508 250508 910 37
Backbone_2887 2378 200508 300508 911 37
Backbone_2897 2614 170 100170 912 37
Backbone_2897 2614 50170 150170 913 37
Backbone_2897 2614 100170 200170 914 37
Backbone_2897 2614 150170 250170 915 37
Backbone_2897 2614 200170 300170 916 37
Backbone_2899 175 307 100307 917 37
Backbone_2899 175 50307 150307 918 37
Backbone_2901 832 4375 104375 919 37
Backbone_2902 1006 8953 108953 920 37
Backbone_2902 1006 58953 158953 921 37
Backbone_2905 1933 6216 106216 922 37
Backbone_2905 1933 56216 156216 923 37
Backbone_2905 1933 106216 206216 924 37
Backbone_2905 1933 156216 256216 925 37
Backbone_2912 1189 3849 103849 926 38
Backbone_2912 1189 53849 153849 927 38
Backbone_291 834 365 100365 928 38
Backbone_291 834 50365 150365 929 38
Backbone_2928 599 202 100202 930 38
Backbone_2933 751 836 100836 931 38
Backbone_2934 2480 12266 112266 932 38
Backbone_2934 2480 62266 162266 933 38
Backbone_2934 2480 112266 212266 934 38
Backbone_2934 2480 162266 262266 935 38
Backbone_2934 2480 212266 312266 936 38
Backbone_2938 1246 453 100453 937 38
Backbone_2938 1246 50453 150453 938 38
Backbone_2946 1589 6577 106577 939 38
Backbone_2946 1589 56577 156577 940 38
Backbone_2946 1589 106577 206577 941 38
Backbone_2948 534 4932 104932 942 38
Backbone_2949 311 541 100541 943 38
Backbone_2952 624 387 100387 944 38
Backbone_2956 898 298 100298 945 38
Backbone_2957 457 601 100601 946 38
Backbone_2959 3289 8850 108850 947 38
Backbone_2959 3289 58850 158850 948 38
Backbone_2959 3289 108850 208850 949 38
Backbone_2959 3289 158850 258850 950 38
Backbone_2959 3289 208850 308850 951 39
Backbone_2959 3289 258850 358850 952 39
Backbone_2959 3289 308850 408850 953 39
Backbone_2961 1049 36362 136362 954 39
Backbone_2961 1049 86362 186362 955 39
Backbone_2961 1049 136362 236362 956 39
Backbone_2967 729 353 100353 957 39
Backbone_2975 1457 456 100456 958 39
Backbone_2975 1457 50456 150456 959 39
Backbone_2975 1457 100456 200456 960 39
Backbone_297 932 8064 108064 961 39
Backbone_3007 452 331 100331 962 39
Backbone_3008 682 1305 101305 963 39
Backbone_3009 901 556 100556 964 39
Backbone_3009 901 50556 150556 965 39
Backbone_3010 1206 8446 108446 966 39
Backbone_3010 1206 58446 158446 967 39
Backbone_3012 1100 498 100498 968 39
Backbone_3030 2523 7292 107292 969 39
Backbone_3030 2523 57292 157292 970 39
Backbone_3030 2523 107292 207292 971 39
Backbone_3030 2523 157292 257292 972 39
Backbone_3030 2523 207292 307292 973 39
Backbone_3039 577 494 100494 974 39
Backbone_3041 1074 237 100237 975 39
Backbone_3041 1074 50237 150237 976 40
Backbone_3041 1074 100237 200237 977 40
Backbone_3044 3002 698 100698 978 40
Backbone_3044 3002 50698 150698 979 40
Backbone_3044 3002 100698 200698 980 40
Backbone_3044 3002 150698 250698 981 40
Backbone_3044 3002 200698 300698 982 40
Backbone_3044 3002 250698 350698 983 40
Backbone_3048 1826 337 100337 984 40
Backbone_3048 1826 50337 150337 985 40
Backbone_3048 1826 100337 200337 986 40
Backbone_3048 1826 150337 250337 987 40
Backbone_3059 898 1632 101632 988 40
Backbone_3059 898 51632 151632 989 40
Backbone_305 1163 5340 105340 990 40
Backbone_3060 1796 283 100283 991 40
Backbone_3060 1796 50283 150283 992 40
Backbone_3060 1796 100283 200283 993 40
Backbone_3064 1690 268 100268 994 40
Backbone_3064 1690 50268 150268 995 40
Backbone_3064 1690 100268 200268 996 40
Backbone_3067 2136 2979 102979 997 40
Backbone_3067 2136 52979 152979 998 40
Backbone_3067 2136 102979 202979 999 40
Backbone_3067 2136 152979 252979 1000 40
Backbone_3067 2136 202979 302979 1001 41
Backbone_3073 777 1455 101455 1002 41
Backbone_3073 777 51455 151455 1003 41
Backbone_3079 799 5265 105265 1004 41
Backbone_3079 799 55265 155265 1005 41
Backbone_3084 1440 839 100839 1006 41
Backbone_3084 1440 50839 150839 1007 41
Backbone_3084 1440 100839 200839 1008 41
Backbone_3106 658 1746 101746 1009 41
Backbone_3130 301 259 100259 1010 41
Backbone_3134 1719 649 100649 1011 41
Backbone_3134 1719 50649 150649 1012 41
Backbone_313 1542 23529 123529 1013 41
Backbone_313 1542 73529 173529 1014 41
Backbone_313 1542 123529 223529 1015 41
Backbone_3144 142 7665 107665 1016 41
Backbone_3148 598 1333 101333 1017 41
Backbone_3148 598 51333 151333 1018 41
Backbone_3154 937 2226 102226 1019 41
Backbone_3154 937 52226 152226 1020 41
Backbone_3160 864 609 100609 1021 41
Backbone_3163 695 23 100023 1022 41
Backbone_3166 1592 14500 114500 1023 41
Backbone_3166 1592 64500 164500 1024 41
Backbone_3166 1592 114500 214500 1025 41
Backbone_3166 1592 164500 264500 1026 42
Backbone_3166 1592 214500 314500 1027 42
Backbone_3178 2509 632 100632 1028 42
Backbone_3178 2509 50632 150632 1029 42
Backbone_3178 2509 100632 200632 1030 42
Backbone_317 1893 5370 105370 1031 42
Backbone_317 1893 55370 155370 1032 42
Backbone_317 1893 105370 205370 1033 42
Backbone_317 1893 155370 255370 1034 42
Backbone_3186 1833 444 100444 1035 42
Backbone_3186 1833 50444 150444 1036 42
Backbone_3186 1833 100444 200444 1037 42
Backbone_318 725 1018 101018 1038 42
Backbone_3194 680 439 100439 1039 42
Backbone_3212 2560 269 100269 1040 42
Backbone_3212 2560 50269 150269 1041 42
Backbone_3212 2560 100269 200269 1042 42
Backbone_3212 2560 150269 250269 1043 42
Backbone_3212 2560 200269 300269 1044 42
Backbone_3212 2560 250269 350269 1045 42
Backbone_3219 1111 738 100738 1046 42
Backbone_3219 1111 50738 150738 1047 42
Backbone_3219 1111 100738 200738 1048 42
Backbone_3220 1543 220 100220 1049 42
Backbone_3220 1543 50220 150220 1050 42
Backbone_3220 1543 100220 200220 1051 43
Backbone_3225 3901 6057 106057 1052 43
Backbone_3225 3901 56057 156057 1053 43
Backbone_3225 3901 106057 206057 1054 43
Backbone_3225 3901 156057 256057 1055 43
Backbone_3225 3901 206057 306057 1056 43
Backbone_3225 3901 256057 356057 1057 43
Backbone_3225 3901 306057 406057 1058 43
Backbone_3225 3901 356057 456057 1059 43
Backbone_3225 3901 406057 506057 1060 43
Backbone_3225 3901 456057 556057 1061 43
Backbone_3225 3901 506057 606057 1062 43
Backbone_3234 714 71 100071 1063 43
Backbone_3235 2162 5636 105636 1064 43
Backbone_3235 2162 55636 155636 1065 43
Backbone_3235 2162 105636 205636 1066 43
Backbone_3235 2162 155636 255636 1067 43
Backbone_3235 2162 205636 305636 1068 43
Backbone_3238 985 2642 102642 1069 43
Backbone_3246 1039 544 100544 1070 43
Backbone_3247 871 1503 101503 1071 43
Backbone_324 569 152 100152 1072 43
Backbone_3253 786 2423 102423 1073 43
Backbone_3259 1309 2606 102606 1074 43
Backbone_3259 1309 52606 152606 1075 43
Backbone_3259 1309 102606 202606 1076 44
Backbone_3263 1258 1397 101397 1077 44
Backbone_3263 1258 51397 151397 1078 44
Backbone_3278 1300 1049 101049 1079 44
Backbone_3278 1300 51049 151049 1080 44
Backbone_3278 1300 101049 201049 1081 44
Backbone_1183 324 80 100080 1082 44
Backbone_1186 2302 13629 113629 1083 44
Backbone_1186 2302 63629 163629 1084 44
Backbone_1186 2302 113629 213629 1085 44
Backbone_1186 2302 163629 263629 1086 44
Backbone_1186 2302 213629 313629 1087 44
Backbone_11885 985 648 100648 1088 44
Backbone_11889 1834 573 100573 1089 44
Backbone_11889 1834 50573 150573 1090 44
Backbone_11889 1834 100573 200573 1091 44
Backbone_11894 912 874 100874 1092 44
Backbone_11894 912 50874 150874 1093 44
Backbone_3281 2696 7938 107938 1094 44
Backbone_3281 2696 57938 157938 1095 44
Backbone_3281 2696 107938 207938 1096 44
Backbone_3281 2696 157938 257938 1097 44
Backbone_3281 2696 207938 307938 1098 44
Backbone_3281 2696 257938 357938 1099 44
Backbone_3281 2696 307938 407938 1100 44
Backbone_3295 525 123 100123 1101 45
Backbone_3315 1051 7051 107051 1102 45
Backbone_3319 1866 201 100201 1103 45
Backbone_3319 1866 50201 150201 1104 45
Backbone_3320 775 1290 101290 1105 45
Backbone_3320 775 51290 151290 1106 45
Backbone_3320 775 101290 201290 1107 45
Backbone_3337 1104 6874 106874 1108 45
Backbone_3337 1104 56874 156874 1109 45
Backbone_3339 415 2843 102843 1110 45
Backbone_333 2906 1014 101014 1111 45
Backbone_333 2906 51014 151014 1112 45
Backbone_333 2906 101014 201014 1113 45
Backbone_333 2906 151014 251014 1114 45
Backbone_333 2906 201014 301014 1115 45
Backbone_3342 643 12840 112840 1116 45
Backbone_3352 1156 246 100246 1117 45
Backbone_3352 1156 50246 150246 1118 45
Backbone_3354 1052 183 100183 1119 45
Backbone_3355 925 553 100553 1120 45
Backbone_3367 1461 1017 101017 1121 45
Backbone_3367 1461 51017 151017 1122 45
Backbone_3367 1461 101017 201017 1123 45
Backbone_336 1307 7793 107793 1124 45
Backbone_336 1307 57793 157793 1125 45
Backbone_3374 927 433 100433 1126 46
Backbone_338 1421 10907 110907 1127 46
Backbone_338 1421 60907 160907 1128 46
Backbone_338 1421 110907 210907 1129 46
Backbone_3405 655 3471 103471 1130 46
Backbone_3413 1469 349 100349 1131 46
Backbone_3413 1469 50349 150349 1132 46
Backbone_3413 1469 100349 200349 1133 46
Backbone_3413 1469 150349 250349 1134 46
Backbone_3439 1498 13407 113407 1135 46
Backbone_3439 1498 63407 163407 1136 46
Backbone_3447 785 3533 103533 1137 46
Backbone_3447 785 53533 153533 1138 46
Backbone_344 2788 12306 112306 1139 46
Backbone_344 2788 62306 162306 1140 46
Backbone_344 2788 112306 212306 1141 46
Backbone_344 2788 162306 262306 1142 46
Backbone_344 2788 212306 312306 1143 46
Backbone_3457 900 2978 102978 1144 46
Backbone_3457 900 52978 152978 1145 46
Backbone_3457 900 102978 202978 1146 46
Backbone_3465 1059 258 100258 1147 46
Backbone_3478 1887 10286 110286 1148 46
Backbone_3478 1887 60286 160286 1149 46
Backbone_3478 1887 110286 210286 1150 46
Backbone_3478 1887 160286 260286 1151 47
Backbone_3490 616 210 100210 1152 47
Backbone_3490 616 50210 150210 1153 47
Backbone_3491 902 26855 126855 1154 47
Backbone_3491 902 76855 176855 1155 47
Backbone_3496 1242 10127 110127 1156 47
Backbone_3503 1118 1752 101752 1157 47
Backbone_3503 1118 51752 151752 1158 47
Backbone_3503 1118 101752 201752 1159 47
Backbone_3510 964 356 100356 1160 47
Backbone_3513 607 7772 107772 1161 47
Backbone_3518 1810 4077 104077 1162 47
Backbone_3518 1810 54077 154077 1163 47
Backbone_3518 1810 104077 204077 1164 47
Backbone_3518 1810 154077 254077 1165 47
Backbone_3518 1810 204077 304077 1166 47
Backbone_3524 1068 1718 101718 1167 47
Backbone_3526 345 273 100273 1168 47
Backbone_3536 1374 87 100087 1169 47
Backbone_3536 1374 50087 150087 1170 47
Backbone_3552 2185 662 100662 1171 47
Backbone_3552 2185 50662 150662 1172 47
Backbone_3552 2185 100662 200662 1173 47
Backbone_3552 2185 150662 250662 1174 47
Backbone_3559 508 9734 109734 1175 47
Backbone_355 779 216 100216 1176 48
Backbone_3563 1114 4768 104768 1177 48
Backbone_3563 1114 54768 154768 1178 48
Backbone_3563 1114 104768 204768 1179 48
Backbone_3566 1330 5480 105480 1180 48
Backbone_3566 1330 55480 155480 1181 48
Backbone_3579 815 537 100537 1182 48
Backbone_3580 777 6370 106370 1183 48
Backbone_3587 975 2125 102125 1184 48
Backbone_3590 2514 4212 104212 1185 48
Backbone_3590 2514 54212 154212 1186 48
Backbone_3590 2514 104212 204212 1187 48
Backbone_3590 2514 154212 254212 1188 48
Backbone_3590 2514 204212 304212 1189 48
Backbone_3594 1268 154 100154 1190 48
Backbone_3594 1268 50154 150154 1191 48
Backbone_3595 389 564 100564 1192 48
Backbone_3597 1806 7653 107653 1193 48
Backbone_3597 1806 57653 157653 1194 48
Backbone_3597 1806 107653 207653 1195 48
Backbone_3597 1806 157653 257653 1196 48
Backbone_3597 1806 207653 307653 1197 48
Backbone_3601 498 812 100812 1198 48
Backbone_3622 1293 1194 101194 1199 48
Backbone_3622 1293 51194 151194 1200 48
Backbone_3629 503 2466 102466 1201 49
Backbone_363 620 10362 110362 1202 49
Backbone_3652 355 194 100194 1203 49
Backbone_3654 762 556 100556 1204 49
Backbone_3661 1017 4436 104436 1205 49
Backbone_3661 1017 54436 154436 1206 49
Backbone_3663 1384 123 100123 1207 49
Backbone_3663 1384 50123 150123 1208 49
Backbone_3663 1384 100123 200123 1209 49
Backbone_367 764 300 100300 1210 49
Backbone_3686 784 3035 103035 1211 49
Backbone_3688 865 262 100262 1212 49
Backbone_3688 865 50262 150262 1213 49
Backbone_3694 912 519 100519 1214 49
Backbone_3694 912 50519 150519 1215 49
Backbone_369 1224 1043 101043 1216 49
Backbone_369 1224 51043 151043 1217 49
Backbone_3725 1685 305 100305 1218 49
Backbone_3725 1685 50305 150305 1219 49
Backbone_3725 1685 100305 200305 1220 49
Backbone_3736 677 549 100549 1221 49
Backbone_3739 1211 6647 106647 1222 49
Backbone_3739 1211 56647 156647 1223 49
Backbone_3743 1583 2434 102434 1224 49
Backbone_3743 1583 52434 152434 1225 49
Backbone_3743 1583 102434 202434 1226 50
Backbone_3743 1583 152434 252434 1227 50
Backbone_3757 1278 1626 101626 1228 50
Backbone_3757 1278 51626 151626 1229 50
Backbone_3762 571 12866 112866 1230 50
Backbone_3769 573 86 100086 1231 50
Backbone_376 1092 109 100109 1232 50
Backbone_376 1092 50109 150109 1233 50
Backbone_376 1092 100109 200109 1234 50
Backbone_3774 1116 2915 102915 1235 50
Backbone_3774 1116 52915 152915 1236 50
Backbone_3778 807 2566 102566 1237 50
Backbone_3781 870 657 100657 1238 50
Backbone_378 1654 8803 108803 1239 50
Backbone_378 1654 58803 158803 1240 50
Backbone_378 1654 108803 208803 1241 50
Backbone_3797 635 475 100475 1242 50
Backbone_3806 975 2974 102974 1243 50
Backbone_3807 512 290 100290 1244 50
Backbone_380 1215 212 100212 1245 50
Backbone_380 1215 50212 150212 1246 50
Backbone_3810 773 3474 103474 1247 50
Backbone_11901 582 2137 102137 1248 50
Backbone_11907 914 117 100117 1249 50
Backbone_11909 1291 350 100350 1250 50
Backbone_11909 1291 50350 150350 1251 51
Backbone_11914 1239 256 100256 1252 51
Backbone_11914 1239 50256 150256 1253 51
Backbone_1191 500 126 100126 1254 51
Backbone_1192 926 4556 104556 1255 51
Backbone_1192 926 54556 154556 1256 51
Backbone_3825 669 8331 108331 1257 51
Backbone_3825 669 58331 158331 1258 51
Backbone_3830 1366 240 100240 1259 51
Backbone_3830 1366 50240 150240 1260 51
Backbone_3837 611 2556 102556 1261 51
Backbone_3851 1118 322 100322 1262 51
Backbone_3853 697 637 100637 1263 51
Backbone_3856 1633 7028 107028 1264 51
Backbone_3856 1633 57028 157028 1265 51
Backbone_3856 1633 107028 207028 1266 51
Backbone_3857 1336 464 100464 1267 51
Backbone_3857 1336 50464 150464 1268 51
Backbone_3857 1336 100464 200464 1269 51
Backbone_3858 1001 258 100258 1270 51
Backbone_385 1203 2183 102183 1271 51
Backbone_385 1203 52183 152183 1272 51
Backbone_3865 1290 257 100257 1273 51
Backbone_3865 1290 50257 150257 1274 51
Backbone_3878 1155 2068 102068 1275 51
Backbone_3878 1155 52068 152068 1276 52
Backbone_3894 747 2965 102965 1277 52
Backbone_3899 960 226 100226 1278 52
Backbone_3903 557 267 100267 1279 52
Backbone_3906 421 124 100124 1280 52
Backbone_3906 421 50124 150124 1281 52
Backbone_3909 1964 2824 102824 1282 52
Backbone_3909 1964 52824 152824 1283 52
Backbone_3909 1964 102824 202824 1284 52
Backbone_3909 1964 152824 252824 1285 52
Backbone_3909 1964 202824 302824 1286 52
Backbone_3909 1964 252824 352824 1287 52
Backbone_3913 965 325 100325 1288 52
Backbone_3917 1665 327 100327 1289 52
Backbone_3917 1665 50327 150327 1290 52
Backbone_3917 1665 100327 200327 1291 52
Backbone_3918 1383 968 100968 1292 52
Backbone_3918 1383 50968 150968 1293 52
Backbone_3922 765 354 100354 1294 52
Backbone_3924 1610 336 100336 1295 52
Backbone_3924 1610 50336 150336 1296 52
Backbone_3924 1610 100336 200336 1297 52
Backbone_3927 1001 271 100271 1298 52
Backbone_3935 780 2098 102098 1299 52
Backbone_3937 392 215 100215 1300 52
Backbone_3940 765 2445 102445 1301 53
Backbone_3945 306 3837 103837 1302 53
Backbone_3946 1187 14415 114415 1303 53
Backbone_3946 1187 64415 164415 1304 53
Backbone_394 1360 218 100218 1305 53
Backbone_394 1360 50218 150218 1306 53
Backbone_3953 876 394 100394 1307 53
Backbone_3955 1951 1079 101079 1308 53
Backbone_3955 1951 51079 151079 1309 53
Backbone_3955 1951 101079 201079 1310 53
Backbone_3955 1951 151079 251079 1311 53
Backbone_3955 1951 201079 301079 1312 53
Backbone_3960 733 2333 102333 1313 53
Backbone_3960 733 52333 152333 1314 53
Backbone_3962 765 398 100398 1315 53
Backbone_3973 494 598 100598 1316 53
Backbone_3984 575 3152 103152 1317 53
Backbone_3990 1045 371 100371 1318 53
Backbone_3990 1045 50371 150371 1319 53
Backbone_39 586 8290 108290 1320 53
Backbone_4007 719 1728 101728 1321 53
Backbone_4012 270 2484 102484 1322 53
Backbone_4016 954 732 100732 1323 53
Backbone_4019 1096 4930 104930 1324 53
Backbone_4023 576 426 100426 1325 53
Backbone_4028 717 5020 105020 1326 54
Backbone_4028 717 55020 155020 1327 54
Backbone_403 2416 15079 115079 1328 54
Backbone_403 2416 65079 165079 1329 54
Backbone_403 2416 115079 215079 1330 54
Backbone_403 2416 165079 265079 1331 54
Backbone_403 2416 215079 315079 1332 54
Backbone_4040 1768 879 100879 1333 54
Backbone_4040 1768 50879 150879 1334 54
Backbone_4040 1768 100879 200879 1335 54
Backbone_4044 1059 6022 106022 1336 54
Backbone_4052 626 7639 107639 1337 54
Backbone_4055 1592 468 100468 1338 54
Backbone_4055 1592 50468 150468 1339 54
Backbone_4055 1592 100468 200468 1340 54
Backbone_4059 1340 296 100296 1341 54
Backbone_4059 1340 50296 150296 1342 54
Backbone_4059 1340 100296 200296 1343 54
Backbone_4086 815 1699 101699 1344 54
Backbone_408 588 8743 108743 1345 54
Backbone_4104 1238 12600 112600 1346 54
Backbone_4104 1238 62600 162600 1347 54
Backbone_410 1868 15717 115717 1348 54
Backbone_410 1868 65717 165717 1349 54
Backbone_410 1868 115717 215717 1350 54
Backbone_4112 4065 195 100195 1351 55
Backbone_4112 4065 50195 150195 1352 55
Backbone_4112 4065 100195 200195 1353 55
Backbone_4112 4065 150195 250195 1354 55
Backbone_4112 4065 200195 300195 1355 55
Backbone_4112 4065 250195 350195 1356 55
Backbone_4112 4065 300195 400195 1357 55
Backbone_4112 4065 350195 450195 1358 55
Backbone_4112 4065 400195 500195 1359 55
Backbone_4136 544 6744 106744 1360 55
Backbone_4138 1168 11940 111940 1361 55
Backbone_4138 1168 61940 161940 1362 55
Backbone_4141 859 215 100215 1363 55
Backbone_4142 845 7770 107770 1364 55
Backbone_4144 793 1221 101221 1365 55
Backbone_4148 840 18381 118381 1366 55
Backbone_4160 2904 145 100145 1367 55
Backbone_4160 2904 50145 150145 1368 55
Backbone_4160 2904 100145 200145 1369 55
Backbone_4160 2904 150145 250145 1370 55
Backbone_4160 2904 200145 300145 1371 55
Backbone_4160 2904 250145 350145 1372 55
Backbone_4163 1302 395 100395 1373 55
Backbone_4163 1302 50395 150395 1374 55
Backbone_417 912 5938 105938 1375 55
Backbone_417 912 55938 155938 1376 56
Backbone_4181 2419 3028 103028 1377 56
Backbone_4181 2419 53028 153028 1378 56
Backbone_4181 2419 103028 203028 1379 56
Backbone_4181 2419 153028 253028 1380 56
Backbone_4187 594 521 100521 1381 56
Backbone_4187 594 50521 150521 1382 56
Backbone_4188 748 947 100947 1383 56
Backbone_4188 748 50947 150947 1384 56
Backbone_4188 748 100947 200947 1385 56
Backbone_4189 584 6062 106062 1386 56
Backbone_4193 1341 265 100265 1387 56
Backbone_4193 1341 50265 150265 1388 56
Backbone_419 752 256 100256 1389 56
Backbone_419 752 50256 150256 1390 56
Backbone_4213 1181 241 100241 1391 56
Backbone_4213 1181 50241 150241 1392 56
Backbone_4213 1181 100241 200241 1393 56
Backbone_4215 958 659 100659 1394 56
Backbone_4215 958 50659 150659 1395 56
Backbone_4221 460 1035 101035 1396 56
Backbone_4223 675 1203 101203 1397 56
Backbone_4223 675 51203 151203 1398 56
Backbone_4223 675 101203 201203 1399 56
Backbone_4226 1589 1475 101475 1400 56
Backbone_4226 1589 51475 151475 1401 57
Backbone_4226 1589 101475 201475 1402 57
Backbone_4226 1589 151475 251475 1403 57
Backbone_4231 1231 577 100577 1404 57
Backbone_4231 1231 50577 150577 1405 57
Backbone_4233 1322 436 100436 1406 57
Backbone_4233 1322 50436 150436 1407 57
Backbone_4233 1322 100436 200436 1408 57
Backbone_4236 317 4542 104542 1409 57
Backbone_4239 470 222 100222 1410 57
Backbone_4254 1003 551 100551 1411 57
Backbone_425 1146 643 100643 1412 57
Backbone_425 1146 50643 150643 1413 57
Backbone_425 1146 100643 200643 1414 57
Backbone_4284 1574 10704 110704 1415 57
Backbone_4284 1574 60704 160704 1416 57
Backbone_4284 1574 110704 210704 1417 57
Backbone_4287 558 1459 101459 1418 57
Backbone_4290 959 17100 117100 1419 57
Backbone_4290 959 67100 167100 1420 57
Backbone_42 948 105 100105 1421 57
Backbone_42 948 50105 150105 1422 57
Backbone_4305 590 14985 114985 1423 57
Backbone_4306 1553 20626 120626 1424 57
Backbone_4306 1553 70626 170626 1425 57
Backbone_4306 1553 120626 220626 1426 58
Backbone_4306 1553 170626 270626 1427 58
Backbone_4307 1406 258 100258 1428 58
Backbone_4307 1406 50258 150258 1429 58
Backbone_4328 1013 2993 102993 1430 58
Backbone_4328 1013 52993 152993 1431 58
Backbone_4329 342 519 100519 1432 58
Backbone_4340 1884 8438 108438 1433 58
Backbone_4340 1884 58438 158438 1434 58
Backbone_4340 1884 108438 208438 1435 58
Backbone_4340 1884 158438 258438 1436 58
Backbone_4340 1884 208438 308438 1437 58
Backbone_434 681 3826 103826 1438 58
Backbone_1196 1016 758 100758 1439 58
Backbone_1196 1016 50758 150758 1440 58
Backbone_11986 984 7078 107078 1441 58
Backbone_11986 984 57078 157078 1442 58
Backbone_11987 664 8115 108115 1443 58
Backbone_4365 539 3298 103298 1444 58
Backbone_4365 539 53298 153298 1445 58
Backbone_4367 1114 7624 107624 1446 58
Backbone_4367 1114 57624 157624 1447 58
Backbone_4369 1775 722 100722 1448 58
Backbone_4369 1775 50722 150722 1449 58
Backbone_4369 1775 100722 200722 1450 58
Backbone_4369 1775 150722 250722 1451 59
Backbone_4382 1131 323 100323 1452 59
Backbone_4382 1131 50323 150323 1453 59
Backbone_4382 1131 100323 200323 1454 59
Backbone_4389 832 747 100747 1455 59
Backbone_4390 648 256 100256 1456 59
Backbone_4392 891 844 100844 1457 59
Backbone_4392 891 50844 150844 1458 59
Backbone_4397 1189 147 100147 1459 59
Backbone_4397 1189 50147 150147 1460 59
Backbone_4397 1189 100147 200147 1461 59
Backbone_43 1875 505 100505 1462 59
Backbone_43 1875 50505 150505 1463 59
Backbone_43 1875 100505 200505 1464 59
Backbone_4407 580 528 100528 1465 59
Backbone_4411 1178 834 100834 1466 59
Backbone_4411 1178 50834 150834 1467 59
Backbone_4414 312 2412 102412 1468 59
Backbone_4416 2173 868 100868 1469 59
Backbone_4416 2173 50868 150868 1470 59
Backbone_4416 2173 100868 200868 1471 59
Backbone_4416 2173 150868 250868 1472 59
Backbone_4427 1086 459 100459 1473 59
Backbone_4427 1086 50459 150459 1474 59
Backbone_4427 1086 100459 200459 1475 59
Backbone_4429 521 437 100437 1476 60
Backbone_4435 1162 1539 101539 1477 60
Backbone_4435 1162 51539 151539 1478 60
Backbone_4435 1162 101539 201539 1479 60
Backbone_4439 935 367 100367 1480 60
Backbone_4446 857 153 100153 1481 60
Backbone_4452 1070 2169 102169 1482 60
Backbone_4457 633 160 100160 1483 60
Backbone_4458 907 261 100261 1484 60
Backbone_4467 467 1160 101160 1485 60
Backbone_4467 467 51160 151160 1486 60
Backbone_4468 1618 2200 102200 1487 60
Backbone_4468 1618 52200 152200 1488 60
Backbone_4468 1618 102200 202200 1489 60
Backbone_4473 1397 3122 103122 1490 60
Backbone_4473 1397 53122 153122 1491 60
Backbone_4473 1397 103122 203122 1492 60
Backbone_4475 703 1500 101500 1493 60
Backbone_4475 703 51500 151500 1494 60
Backbone_4477 825 186 100186 1495 60
Backbone_4486 963 612 100612 1496 60
Backbone_4486 963 50612 150612 1497 60
Backbone_4486 963 100612 200612 1498 60
Backbone_4486 963 150612 250612 1499 60
Backbone_4491 1266 8732 108732 1500 60
Backbone_4491 1266 58732 158732 1501 61
Backbone_4491 1266 108732 208732 1502 61
Backbone_4502 874 1179 101179 1503 61
Backbone_4502 874 51179 151179 1504 61
Backbone_4528 633 406 100406 1505 61
Backbone_4529 1117 1240 101240 1506 61
Backbone_4529 1117 51240 151240 1507 61
Backbone_4529 1117 101240 201240 1508 61
Backbone_452 447 1527 101527 1509 61
Backbone_4532 750 392 100392 1510 61
Backbone_4537 824 14123 114123 1511 61
Backbone_4545 961 163 100163 1512 61
Backbone_4554 691 438 100438 1513 61
Backbone_4584 1574 1850 101850 1514 61
Backbone_4584 1574 51850 151850 1515 61
Backbone_4584 1574 101850 201850 1516 61
Backbone_4593 739 304 100304 1517 61
Backbone_459 1595 232 100232 1518 61
Backbone_459 1595 50232 150232 1519 61
Backbone_4609 2558 174 100174 1520 61
Backbone_4609 2558 50174 150174 1521 61
Backbone_4609 2558 100174 200174 1522 61
Backbone_4609 2558 150174 250174 1523 61
Backbone_4609 2558 200174 300174 1524 61
Backbone_4611 662 320 100320 1525 61
Backbone_4622 506 782 100782 1526 62
Backbone_4627 690 1321 101321 1527 62
Backbone_4652 460 4231 104231 1528 62
Backbone_4657 617 125 100125 1529 62
Backbone_4658 1111 3877 103877 1530 62
Backbone_4658 1111 53877 153877 1531 62
Backbone_4658 1111 103877 203877 1532 62
Backbone_4663 572 740 100740 1533 62
Backbone_4691 553 724 100724 1534 62
Backbone_4698 1023 2796 102796 1535 62
Backbone_4699 1216 1260 101260 1536 62
Backbone_4699 1216 51260 151260 1537 62
Backbone_4699 1216 101260 201260 1538 62
Backbone_4704 1567 288 100288 1539 62
Backbone_4704 1567 50288 150288 1540 62
Backbone_4706 1491 370 100370 1541 62
Backbone_4706 1491 50370 150370 1542 62
Backbone_4706 1491 100370 200370 1543 62
Backbone_4716 1095 10123 110123 1544 62
Backbone_4720 905 345 100345 1545 62
Backbone_4724 2482 241 100241 1546 62
Backbone_4724 2482 50241 150241 1547 62
Backbone_4724 2482 100241 200241 1548 62
Backbone_4724 2482 150241 250241 1549 62
Backbone_4724 2482 200241 300241 1550 62
Backbone_4725 866 316 100316 1551 63
Backbone_4738 1100 166 100166 1552 63
Backbone_4738 1100 50166 150166 1553 63
Backbone_4747 754 6250 106250 1554 63
Backbone_4748 569 4499 104499 1555 63
Backbone_475 993 230 100230 1556 63
Backbone_475 993 50230 150230 1557 63
Backbone_475 993 100230 200230 1558 63
Backbone_475 993 150230 250230 1559 63
Backbone_4777 1432 3235 103235 1560 63
Backbone_4777 1432 53235 153235 1561 63
Backbone_4793 1927 473 100473 1562 63
Backbone_4793 1927 50473 150473 1563 63
Backbone_4793 1927 100473 200473 1564 63
Backbone_4796 2161 2203 102203 1565 63
Backbone_4796 2161 52203 152203 1566 63
Backbone_4796 2161 102203 202203 1567 63
Backbone_4796 2161 152203 252203 1568 63
Backbone_4796 2161 202203 302203 1569 63
Backbone_4797 948 3630 103630 1570 63
Backbone_4797 948 53630 153630 1571 63
Backbone_4807 2362 9517 109517 1572 63
Backbone_4807 2362 59517 159517 1573 63
Backbone_4807 2362 109517 209517 1574 63
Backbone_4807 2362 159517 259517 1575 63
Backbone_4807 2362 209517 309517 1576 64
Backbone_4807 2362 259517 359517 1577 64
Backbone_4808 964 72 100072 1578 64
Backbone_4810 1561 293 100293 1579 64
Backbone_4810 1561 50293 150293 1580 64
Backbone_481 816 461 100461 1581 64
Backbone_4826 564 280 100280 1582 64
Backbone_4826 564 50280 150280 1583 64
Backbone_4826 564 100280 200280 1584 64
Backbone_4833 823 944 100944 1585 64
Backbone_4842 1447 1526 101526 1586 64
Backbone_4842 1447 51526 151526 1587 64
Backbone_4842 1447 101526 201526 1588 64
Backbone_4842 1447 151526 251526 1589 64
Backbone_4845 1308 583 100583 1590 64
Backbone_4845 1308 50583 150583 1591 64
Backbone_4845 1308 100583 200583 1592 64
Backbone_4845 1308 150583 250583 1593 64
Backbone_4853 1346 1561 101561 1594 64
Backbone_4853 1346 51561 151561 1595 64
Backbone_485 980 887 100887 1596 64
Backbone_4881 981 2973 102973 1597 64
Backbone_4881 981 52973 152973 1598 64
Backbone_4890 871 524 100524 1599 64
Backbone_4893 2645 217 100217 1600 64
Backbone_4893 2645 50217 150217 1601 65
Backbone_4893 2645 100217 200217 1602 65
Backbone_4893 2645 150217 250217 1603 65
Backbone_4899 1102 4909 104909 1604 65
Backbone_4905 2767 518 100518 1605 65
Backbone_4905 2767 50518 150518 1606 65
Backbone_4905 2767 100518 200518 1607 65
Backbone_4905 2767 150518 250518 1608 65
Backbone_4905 2767 200518 300518 1609 65
Backbone_4905 2767 250518 350518 1610 65
Backbone_4905 2767 300518 400518 1611 65
Backbone_4910 624 485 100485 1612 65
Backbone_4913 1240 3355 103355 1613 65
Backbone_4913 1240 53355 153355 1614 65
Backbone_4915 1113 1992 101992 1615 65
Backbone_4915 1113 51992 151992 1616 65
Backbone_4916 1574 450 100450 1617 65
Backbone_4916 1574 50450 150450 1618 65
Backbone_4916 1574 100450 200450 1619 65
Backbone_4916 1574 150450 250450 1620 65
Backbone_4924 600 836 100836 1621 65
Backbone_4927 656 275 100275 1622 65
Backbone_4930 1346 157 100157 1623 65
Backbone_4930 1346 50157 150157 1624 65
Backbone_1198 420 319 100319 1625 65
Backbone_12007 1168 305 100305 1626 66
Backbone_12007 1168 50305 150305 1627 66
Backbone_12007 1168 100305 200305 1628 66
Backbone_12010 793 220 100220 1629 66
Backbone_12013 641 3515 103515 1630 66
Backbone_1201 782 4064 104064 1631 66
Backbone_12036 637 3427 103427 1632 66
Backbone_12042 921 1017 101017 1633 66
Backbone_12043 832 649 100649 1634 66
Backbone_4947 1275 727 100727 1635 66
Backbone_4947 1275 50727 150727 1636 66
Backbone_4963 1641 6326 106326 1637 66
Backbone_4963 1641 56326 156326 1638 66
Backbone_4963 1641 106326 206326 1639 66
Backbone_497 1047 3427 103427 1640 66
Backbone_497 1047 53427 153427 1641 66
Backbone_4995 1373 3712 103712 1642 66
Backbone_4995 1373 53712 153712 1643 66
Backbone_5014 521 9008 109008 1644 66
Backbone_5014 521 59008 159008 1645 66
Backbone_5016 679 269 100269 1646 66
Backbone_5024 845 352 100352 1647 66
Backbone_5029 1556 6436 106436 1648 66
Backbone_5029 1556 56436 156436 1649 66
Backbone_5029 1556 106436 206436 1650 66
Backbone_5043 1649 13055 113055 1651 67
Backbone_5043 1649 63055 163055 1652 67
Backbone_5043 1649 113055 213055 1653 67
Backbone_5044 612 422 100422 1654 67
Backbone_5044 612 50422 150422 1655 67
Backbone_504 279 10501 110501 1656 67
Backbone_504 279 60501 160501 1657 67
Backbone_504 279 110501 210501 1658 67
Backbone_505 648 334 100334 1659 67
Backbone_505 648 50334 150334 1660 67
Backbone_5062 911 328 100328 1661 67
Backbone_5077 1943 12417 112417 1662 67
Backbone_5077 1943 62417 162417 1663 67
Backbone_5077 1943 112417 212417 1664 67
Backbone_5077 1943 162417 262417 1665 67
Backbone_5077 1943 212417 312417 1666 67
Backbone_507 1085 139 100139 1667 67
Backbone_5105 896 378 100378 1668 67
Backbone_510 675 134 100134 1669 67
Backbone_510 675 50134 150134 1670 67
Backbone_510 675 100134 200134 1671 67
Backbone_5117 1514 9493 109493 1672 67
Backbone_5117 1514 59493 159493 1673 67
Backbone_5135 933 3015 103015 1674 67
Backbone_5153 1289 164 100164 1675 67
Backbone_5153 1289 50164 150164 1676 68
Backbone_5161 715 10082 110082 1677 68
Backbone_5170 663 3021 103021 1678 68
Backbone_5177 1160 4264 104264 1679 68
Backbone_5178 1303 3377 103377 1680 68
Backbone_5178 1303 53377 153377 1681 68
Backbone_5185 1253 436 100436 1682 68
Backbone_5185 1253 50436 150436 1683 68
Backbone_5207 692 513 100513 1684 68
Backbone_5211 671 8773 108773 1685 68
Backbone_5211 671 58773 158773 1686 68
Backbone_5211 671 108773 208773 1687 68
Backbone_5211 671 158773 258773 1688 68
Backbone_5216 1452 1292 101292 1689 68
Backbone_5216 1452 51292 151292 1690 68
Backbone_5216 1452 101292 201292 1691 68
Backbone_5216 1452 151292 251292 1692 68
Backbone_5220 699 1487 101487 1693 68
Backbone_5221 1131 846 100846 1694 68
Backbone_5221 1131 50846 150846 1695 68
Backbone_5226 1011 1413 101413 1696 68
Backbone_5231 642 205 100205 1697 68
Backbone_5233 673 2043 102043 1698 68
Backbone_5233 673 52043 152043 1699 68
Backbone_5238 2016 594 100594 1700 68
Backbone_5238 2016 50594 150594 1701 69
Backbone_5238 2016 100594 200594 1702 69
Backbone_5238 2016 150594 250594 1703 69
Backbone_5238 2016 200594 300594 1704 69
Backbone_5256 697 411 100411 1705 69
Backbone_5259 1007 2655 102655 1706 69
Backbone_5259 1007 52655 152655 1707 69
Backbone_5259 1007 102655 202655 1708 69
Backbone_5264 839 4258 104258 1709 69
Backbone_5267 2046 550 100550 1710 69
Backbone_5267 2046 50550 150550 1711 69
Backbone_5267 2046 100550 200550 1712 69
Backbone_5267 2046 150550 250550 1713 69
Backbone_5267 2046 200550 300550 1714 69
Backbone_5273 2124 3876 103876 1715 69
Backbone_5273 2124 53876 153876 1716 69
Backbone_5273 2124 103876 203876 1717 69
Backbone_5273 2124 153876 253876 1718 69
Backbone_5277 1087 1477 101477 1719 69
Backbone_5308 1361 3982 103982 1720 69
Backbone_5308 1361 53982 153982 1721 69
Backbone_5309 441 1335 101335 1722 69
Backbone_5315 1411 501 100501 1723 69
Backbone_5315 1411 50501 150501 1724 69
Backbone_5319 952 1263 101263 1725 69
Backbone_5319 952 51263 151263 1726 70
Backbone_5319 952 101263 201263 1727 70
Backbone_5325 1613 1252 101252 1728 70
Backbone_5325 1613 51252 151252 1729 70
Backbone_5331 1162 146 100146 1730 70
Backbone_5331 1162 50146 150146 1731 70
Backbone_5332 1197 568 100568 1732 70
Backbone_5332 1197 50568 150568 1733 70
Backbone_5334 931 3076 103076 1734 70
Backbone_5336 1089 1699 101699 1735 70
Backbone_5336 1089 51699 151699 1736 70
Backbone_5337 1611 1412 101412 1737 70
Backbone_5337 1611 51412 151412 1738 70
Backbone_5337 1611 101412 201412 1739 70
Backbone_5338 713 1404 101404 1740 70
Backbone_5343 927 423 100423 1741 70
Backbone_5353 1857 255 100255 1742 70
Backbone_5353 1857 50255 150255 1743 70
Backbone_5353 1857 100255 200255 1744 70
Backbone_5354 1173 1715 101715 1745 70
Backbone_5354 1173 51715 151715 1746 70
Backbone_5362 861 889 100889 1747 70
Backbone_5362 861 50889 150889 1748 70
Backbone_5363 565 1138 101138 1749 70
Backbone_5367 1214 2051 102051 1750 70
Backbone_5367 1214 52051 152051 1751 71
Backbone_5367 1214 102051 202051 1752 71
Backbone_5367 1214 152051 252051 1753 71
Backbone_5373 1442 607 100607 1754 71
Backbone_5373 1442 50607 150607 1755 71
Backbone_5373 1442 100607 200607 1756 71
Backbone_5373 1442 150607 250607 1757 71
Backbone_5378 1685 8544 108544 1758 71
Backbone_5378 1685 58544 158544 1759 71
Backbone_5378 1685 108544 208544 1760 71
Backbone_5378 1685 158544 258544 1761 71
Backbone_5383 1156 548 100548 1762 71
Backbone_5383 1156 50548 150548 1763 71
Backbone_5384 1910 878 100878 1764 71
Backbone_5384 1910 50878 150878 1765 71
Backbone_5384 1910 100878 200878 1766 71
Backbone_5388 902 870 100870 1767 71
Backbone_538 234 10672 110672 1768 71
Backbone_5409 514 194 100194 1769 71
Backbone_5419 414 4337 104337 1770 71
Backbone_5454 2067 6069 106069 1771 71
Backbone_5454 2067 56069 156069 1772 71
Backbone_5454 2067 106069 206069 1773 71
Backbone_5454 2067 156069 256069 1774 71
Backbone_5454 2067 206069 306069 1775 71
Backbone_5464 445 3285 103285 1776 72
Backbone_5464 445 53285 153285 1777 72
Backbone_5464 445 103285 203285 1778 72
Backbone_5466 909 369 100369 1779 72
Backbone_5466 909 50369 150369 1780 72
Backbone_5469 472 507 100507 1781 72
Backbone_5470 997 4187 104187 1782 72
Backbone_5478 728 138 100138 1783 72
Backbone_12054 1249 778 100778 1784 72
Backbone_12054 1249 50778 150778 1785 72
Backbone_12057 575 499 100499 1786 72
Backbone_1205 878 828 100828 1787 72
Backbone_1206 917 131 100131 1788 72
Backbone_12085 914 3819 103819 1789 72
Backbone_12097 560 9667 109667 1790 72
Backbone_12098 750 572 100572 1791 72
Backbone_5488 531 3722 103722 1792 72
Backbone_5489 1236 13780 113780 1793 72
Backbone_5489 1236 63780 163780 1794 72
Backbone_5489 1236 113780 213780 1795 72
Backbone_5493 387 288 100288 1796 72
Backbone_5497 2042 853 100853 1797 72
Backbone_5497 2042 50853 150853 1798 72
Backbone_5497 2042 100853 200853 1799 72
Backbone_5501 1136 2514 102514 1800 72
Backbone_5501 1136 52514 152514 1801 73
Backbone_5511 1246 212 100212 1802 73
Backbone_5511 1246 50212 150212 1803 73
Backbone_5518 947 2068 102068 1804 73
Backbone_5518 947 52068 152068 1805 73
Backbone_5539 978 556 100556 1806 73
Backbone_5539 978 50556 150556 1807 73
Backbone_5541 845 1338 101338 1808 73
Backbone_5545 2698 642 100642 1809 73
Backbone_5545 2698 50642 150642 1810 73
Backbone_5545 2698 100642 200642 1811 73
Backbone_5545 2698 150642 250642 1812 73
Backbone_5545 2698 200642 300642 1813 73
Backbone_5545 2698 250642 350642 1814 73
Backbone_5552 941 351 100351 1815 73
Backbone_5552 941 50351 150351 1816 73
Backbone_5558 1525 1030 101030 1817 73
Backbone_5558 1525 51030 151030 1818 73
Backbone_5558 1525 101030 201030 1819 73
Backbone_5558 1525 151030 251030 1820 73
Backbone_5566 929 740 100740 1821 73
Backbone_5576 1215 1075 101075 1822 73
Backbone_5579 1229 327 100327 1823 73
Backbone_5579 1229 50327 150327 1824 73
Backbone_5583 642 173 100173 1825 73
Backbone_5588 1110 15762 115762 1826 74
Backbone_5589 762 434 100434 1827 74
Backbone_5589 762 50434 150434 1828 74
Backbone_5589 762 100434 200434 1829 74
Backbone_5598 834 2338 102338 1830 74
Backbone_5598 834 52338 152338 1831 74
Backbone_5617 1093 5431 105431 1832 74
Backbone_5621 751 635 100635 1833 74
Backbone_5623 942 12123 112123 1834 74
Backbone_5624 983 283 100283 1835 74
Backbone_5642 1436 568 100568 1836 74
Backbone_5642 1436 50568 150568 1837 74
Backbone_5659 540 129 100129 1838 74
Backbone_5666 810 21573 121573 1839 74
Backbone_5685 904 1079 101079 1840 74
Backbone_5691 1416 193 100193 1841 74
Backbone_5691 1416 50193 150193 1842 74
Backbone_5691 1416 100193 200193 1843 74
Backbone_5693 1959 7068 107068 1844 74
Backbone_5693 1959 57068 157068 1845 74
Backbone_5693 1959 107068 207068 1846 74
Backbone_5693 1959 157068 257068 1847 74
Backbone_5696 1295 264 100264 1848 74
Backbone_5698 1326 568 100568 1849 74
Backbone_5698 1326 50568 150568 1850 74
Backbone_5701 1782 315 100315 1851 75
Backbone_5701 1782 50315 150315 1852 75
Backbone_5702 821 1207 101207 1853 75
Backbone_5702 821 51207 151207 1854 75
Backbone_5711 507 516 100516 1855 75
Backbone_5711 507 50516 150516 1856 75
Backbone_5713 2005 436 100436 1857 75
Backbone_5713 2005 50436 150436 1858 75
Backbone_5713 2005 100436 200436 1859 75
Backbone_5713 2005 150436 250436 1860 75
Backbone_5719 2315 272 100272 1861 75
Backbone_5719 2315 50272 150272 1862 75
Backbone_5719 2315 100272 200272 1863 75
Backbone_5719 2315 150272 250272 1864 75
Backbone_5719 2315 200272 300272 1865 75
Backbone_5719 2315 250272 350272 1866 75
Backbone_5721 554 6196 106196 1867 75
Backbone_5727 455 771 100771 1868 75
Backbone_5752 437 3370 103370 1869 75
Backbone_5754 269 9634 109634 1870 75
Backbone_575 961 24945 124945 1871 75
Backbone_5761 1061 1886 101886 1872 75
Backbone_5761 1061 51886 151886 1873 75
Backbone_5794 745 236 100236 1874 75
Backbone_5801 663 233 100233 1875 75
Backbone_5801 663 50233 150233 1876 76
Backbone_5802 1082 422 100422 1877 76
Backbone_5802 1082 50422 150422 1878 76
Backbone_5829 685 1078 101078 1879 76
Backbone_5840 1265 276 100276 1880 76
Backbone_5840 1265 50276 150276 1881 76
Backbone_5840 1265 100276 200276 1882 76
Backbone_5847 1358 120 100120 1883 76
Backbone_5847 1358 50120 150120 1884 76
Backbone_5855 443 5388 105388 1885 76
Backbone_5859 746 3243 103243 1886 76
Backbone_5859 746 53243 153243 1887 76
Backbone_5859 746 103243 203243 1888 76
Backbone_5868 856 1561 101561 1889 76
Backbone_5868 856 51561 151561 1890 76
Backbone_5910 708 294 100294 1891 76
Backbone_5914 817 145 100145 1892 76
Backbone_5921 1443 455 100455 1893 76
Backbone_5921 1443 50455 150455 1894 76
Backbone_5921 1443 100455 200455 1895 76
Backbone_5925 597 168 100168 1896 76
Backbone_5929 1735 219 100219 1897 76
Backbone_5929 1735 50219 150219 1898 76
Backbone_5929 1735 100219 200219 1899 76
Backbone_5929 1735 150219 250219 1900 76
Backbone_5930 690 4478 104478 1901 77
Backbone_5933 686 5047 105047 1902 77
Backbone_5935 726 1730 101730 1903 77
Backbone_5935 726 51730 151730 1904 77
Backbone_5949 2094 1661 101661 1905 77
Backbone_5949 2094 51661 151661 1906 77
Backbone_5949 2094 101661 201661 1907 77
Backbone_5949 2094 151661 251661 1908 77
Backbone_5958 1490 1234 101234 1909 77
Backbone_5958 1490 51234 151234 1910 77
Backbone_5958 1490 101234 201234 1911 77
Backbone_5958 1490 151234 251234 1912 77
Backbone_5959 847 8162 108162 1913 77
Backbone_5959 847 58162 158162 1914 77
Backbone_5959 847 108162 208162 1915 77
Backbone_596 1753 11812 111812 1916 77
Backbone_596 1753 61812 161812 1917 77
Backbone_596 1753 111812 211812 1918 77
Backbone_5973 1043 24780 124780 1919 77
Backbone_5976 1256 621 100621 1920 77
Backbone_5976 1256 50621 150621 1921 77
Backbone_5985 810 2244 102244 1922 77
Backbone_5990 1240 6367 106367 1923 77
Backbone_5990 1240 56367 156367 1924 77
Backbone_5990 1240 106367 206367 1925 77
Backbone_5990 1240 156367 256367 1926 78
Backbone_6003 1236 622 100622 1927 78
Backbone_6003 1236 50622 150622 1928 78
Backbone_6003 1236 100622 200622 1929 78
Backbone_6007 859 710 100710 1930 78
Backbone_6014 1077 10761 110761 1931 78
Backbone_6020 1129 1841 101841 1932 78
Backbone_6020 1129 51841 151841 1933 78
Backbone_6020 1129 101841 201841 1934 78
Backbone_6021 971 189 100189 1935 78
Backbone_6030 690 500 100500 1936 78
Backbone_6035 1528 1245 101245 1937 78
Backbone_6035 1528 51245 151245 1938 78
Backbone_6038 1332 353 100353 1939 78
Backbone_6038 1332 50353 150353 1940 78
Backbone_6038 1332 100353 200353 1941 78
Backbone_6043 1181 471 100471 1942 78
Backbone_6048 2188 2392 102392 1943 78
Backbone_6048 2188 52392 152392 1944 78
Backbone_6048 2188 102392 202392 1945 78
Backbone_6048 2188 152392 252392 1946 78
Backbone_6048 2188 202392 302392 1947 78
Backbone_6052 526 8926 108926 1948 78
Backbone_6055 1412 1635 101635 1949 78
Backbone_6055 1412 51635 151635 1950 78
Backbone_6055 1412 101635 201635 1951 79
Backbone_6062 1240 1358 101358 1952 79
Backbone_6062 1240 51358 151358 1953 79
Backbone_6062 1240 101358 201358 1954 79
Backbone_6063 2222 16565 116565 1955 79
Backbone_6063 2222 66565 166565 1956 79
Backbone_6063 2222 116565 216565 1957 79
Backbone_12109 684 1474 101474 1958 79
Backbone_12113 1479 15927 115927 1959 79
Backbone_12113 1479 65927 165927 1960 79
Backbone_12113 1479 115927 215927 1961 79
Backbone_12120 1323 345 100345 1962 79
Backbone_12120 1323 50345 150345 1963 79
Backbone_12147 683 2082 102082 1964 79
Backbone_6070 897 187 100187 1965 79
Backbone_6074 888 632 100632 1966 79
Backbone_6075 1069 3626 103626 1967 79
Backbone_6075 1069 53626 153626 1968 79
Backbone_6084 505 1526 101526 1969 79
Backbone_6084 505 51526 151526 1970 79
Backbone_6085 1202 403 100403 1971 79
Backbone_6085 1202 50403 150403 1972 79
Backbone_609 639 6526 106526 1973 79
Backbone_610 1036 1318 101318 1974 79
Backbone_610 1036 51318 151318 1975 79
Backbone_6115 391 474 100474 1976 80
Backbone_6128 601 659 100659 1977 80
Backbone_6128 601 50659 150659 1978 80
Backbone_6128 601 100659 200659 1979 80
Backbone_6144 836 184 100184 1980 80
Backbone_6145 574 111 100111 1981 80
Backbone_6149 913 177 100177 1982 80
Backbone_6149 913 50177 150177 1983 80
Backbone_6149 913 100177 200177 1984 80
Backbone_6161 810 291 100291 1985 80
Backbone_6176 1619 365 100365 1986 80
Backbone_6176 1619 50365 150365 1987 80
Backbone_6176 1619 100365 200365 1988 80
Backbone_618 479 510 100510 1989 80
Backbone_6190 1098 410 100410 1990 80
Backbone_6194 800 992 100992 1991 80
Backbone_6195 685 10193 110193 1992 80
Backbone_6197 2136 1285 101285 1993 80
Backbone_6197 2136 51285 151285 1994 80
Backbone_6197 2136 101285 201285 1995 80
Backbone_6197 2136 151285 251285 1996 80
Backbone_6197 2136 201285 301285 1997 80
Backbone_6197 2136 251285 351285 1998 80
Backbone_6197 2136 301285 401285 1999 80
Backbone_6205 556 283 100283 2000 80
Backbone_6207 815 154 100154 2001 81
Backbone_6211 2456 345 100345 2002 81
Backbone_6211 2456 50345 150345 2003 81
Backbone_6211 2456 100345 200345 2004 81
Backbone_6211 2456 150345 250345 2005 81
Backbone_6216 1351 7140 107140 2006 81
Backbone_6216 1351 57140 157140 2007 81
Backbone_621 720 158 100158 2008 81
Backbone_6227 1366 11125 111125 2009 81
Backbone_6227 1366 61125 161125 2010 81
Backbone_6229 724 229 100229 2011 81
Backbone_622 1166 1672 101672 2012 81
Backbone_622 1166 51672 151672 2013 81
Backbone_622 1166 101672 201672 2014 81
Backbone_6233 879 483 100483 2015 81
Backbone_6241 1929 284 100284 2016 81
Backbone_6241 1929 50284 150284 2017 81
Backbone_6241 1929 100284 200284 2018 81
Backbone_6241 1929 150284 250284 2019 81
Backbone_6242 521 1020 101020 2020 81
Backbone_6246 125 14783 114783 2021 81
Backbone_6253 875 743 100743 2022 81
Backbone_6282 1599 225 100225 2023 81
Backbone_6282 1599 50225 150225 2024 81
Backbone_6286 1092 381 100381 2025 81
Backbone_6288 675 9836 109836 2026 82
Backbone_6288 675 59836 159836 2027 82
Backbone_6307 898 445 100445 2028 82
Backbone_6311 1391 1026 101026 2029 82
Backbone_6311 1391 51026 151026 2030 82
Backbone_6312 871 846 100846 2031 82
Backbone_6324 1085 1495 101495 2032 82
Backbone_6327 925 15623 115623 2033 82
Backbone_6335 736 316 100316 2034 82
Backbone_6342 426 216 100216 2035 82
Backbone_6374 1312 947 100947 2036 82
Backbone_6374 1312 50947 150947 2037 82
Backbone_6383 589 239 100239 2038 82
Backbone_6383 589 50239 150239 2039 82
Backbone_6392 850 1066 101066 2040 82
Backbone_639 802 201 100201 2041 82
Backbone_640 423 400 100400 2042 82
Backbone_641 677 142 100142 2043 82
Backbone_6425 588 5208 105208 2044 82
Backbone_6426 626 1568 101568 2045 82
Backbone_642 400 670 100670 2046 82
Backbone_642 400 50670 150670 2047 82
Backbone_6437 1086 2320 102320 2048 82
Backbone_6437 1086 52320 152320 2049 82
Backbone_6451 743 7834 107834 2050 82
Backbone_6458 1048 852 100852 2051 83
Backbone_6463 984 167 100167 2052 83
Backbone_6471 1377 360 100360 2053 83
Backbone_6471 1377 50360 150360 2054 83
Backbone_6480 768 5927 105927 2055 83
Backbone_6480 768 55927 155927 2056 83
Backbone_6480 768 105927 205927 2057 83
Backbone_6494 825 856 100856 2058 83
Backbone_6496 160 862 100862 2059 83
Backbone_64 1528 815 100815 2060 83
Backbone_64 1528 50815 150815 2061 83
Backbone_6510 1130 4040 104040 2062 83
Backbone_6510 1130 54040 154040 2063 83
Backbone_6519 870 262 100262 2064 83
Backbone_6526 1704 2853 102853 2065 83
Backbone_6526 1704 52853 152853 2066 83
Backbone_6526 1704 102853 202853 2067 83
Backbone_6529 2460 3150 103150 2068 83
Backbone_6529 2460 53150 153150 2069 83
Backbone_6529 2460 103150 203150 2070 83
Backbone_6529 2460 153150 253150 2071 83
Backbone_6529 2460 203150 303150 2072 83
Backbone_6533 957 337 100337 2073 83
Backbone_6536 1199 5112 105112 2074 83
Backbone_6536 1199 55112 155112 2075 83
Backbone_6540 1185 782 100782 2076 84
Backbone_6540 1185 50782 150782 2077 84
Backbone_6546 933 1356 101356 2078 84
Backbone_655 413 3067 103067 2079 84
Backbone_6571 672 5028 105028 2080 84
Backbone_6579 820 6176 106176 2081 84
Backbone_6583 1668 178 100178 2082 84
Backbone_6583 1668 50178 150178 2083 84
Backbone_6583 1668 100178 200178 2084 84
Backbone_6597 564 112 100112 2085 84
Backbone_6603 1813 9881 109881 2086 84
Backbone_6603 1813 59881 159881 2087 84
Backbone_6603 1813 109881 209881 2088 84
Backbone_6612 620 1834 101834 2089 84
Backbone_6612 620 51834 151834 2090 84
Backbone_661 293 292 100292 2091 84
Backbone_6625 1354 5589 105589 2092 84
Backbone_6625 1354 55589 155589 2093 84
Backbone_6625 1354 105589 205589 2094 84
Backbone_12206 952 628 100628 2095 84
Backbone_10118 697 121 100121 2096 84
Backbone_10133 1734 236 100236 2097 84
Backbone_10133 1734 50236 150236 2098 84
Backbone_1013 849 693 100693 2099 84
Backbone_10152 722 240 100240 2100 84
Backbone_10153 526 3487 103487 2101 85
Backbone_1015 893 335 100335 2102 85
Backbone_6638 757 798 100798 2103 85
Backbone_6676 767 873 100873 2104 85
Backbone_6687 789 16519 116519 2105 85
Backbone_6687 789 66519 166519 2106 85
Backbone_6704 801 203 100203 2107 85
Backbone_6706 942 490 100490 2108 85
Backbone_6716 1316 10478 110478 2109 85
Backbone_6716 1316 60478 160478 2110 85
Backbone_6716 1316 110478 210478 2111 85
Backbone_6719 441 260 100260 2112 85
Backbone_6735 456 405 100405 2113 85
Backbone_6738 1953 4431 104431 2114 85
Backbone_6738 1953 54431 154431 2115 85
Backbone_6738 1953 104431 204431 2116 85
Backbone_6738 1953 154431 254431 2117 85
Backbone_6746 2060 1207 101207 2118 85
Backbone_6746 2060 51207 151207 2119 85
Backbone_6746 2060 101207 201207 2120 85
Backbone_6748 992 655 100655 2121 85
Backbone_6749 876 648 100648 2122 85
Backbone_6749 876 50648 150648 2123 85
Backbone_6790 610 6014 106014 2124 85
Backbone_67 1029 676 100676 2125 85
Backbone_6808 1017 712 100712 2126 86
Backbone_6815 828 631 100631 2127 86
Backbone_6818 1327 2893 102893 2128 86
Backbone_6818 1327 52893 152893 2129 86
Backbone_6818 1327 102893 202893 2130 86
Backbone_6818 1327 152893 252893 2131 86
Backbone_6819 2392 633 100633 2132 86
Backbone_6819 2392 50633 150633 2133 86
Backbone_6819 2392 100633 200633 2134 86
Backbone_6819 2392 150633 250633 2135 86
Backbone_6819 2392 200633 300633 2136 86
Backbone_6835 1453 259 100259 2137 86
Backbone_6835 1453 50259 150259 2138 86
Backbone_6835 1453 100259 200259 2139 86
Backbone_683 1372 5580 105580 2140 86
Backbone_683 1372 55580 155580 2141 86
Backbone_683 1372 105580 205580 2142 86
Backbone_6842 1077 742 100742 2143 86
Backbone_6842 1077 50742 150742 2144 86
Backbone_685 1302 426 100426 2145 86
Backbone_685 1302 50426 150426 2146 86
Backbone_6860 1124 286 100286 2147 86
Backbone_6863 542 830 100830 2148 86
Backbone_6863 542 50830 150830 2149 86
Backbone_6863 542 100830 200830 2150 86
Backbone_6869 841 478 100478 2151 87
Backbone_6877 1025 1186 101186 2152 87
Backbone_6890 1591 372 100372 2153 87
Backbone_6890 1591 50372 150372 2154 87
Backbone_6890 1591 100372 200372 2155 87
Backbone_6892 643 413 100413 2156 87
Backbone_6893 690 1669 101669 2157 87
Backbone_6893 690 51669 151669 2158 87
Backbone_6894 568 6282 106282 2159 87
Backbone_689 300 919 100919 2160 87
Backbone_6904 958 307 100307 2161 87
Backbone_6904 958 50307 150307 2162 87
Backbone_6913 632 373 100373 2163 87
Backbone_6915 1703 344 100344 2164 87
Backbone_6915 1703 50344 150344 2165 87
Backbone_6915 1703 100344 200344 2166 87
Backbone_6915 1703 150344 250344 2167 87
Backbone_6917 780 973 100973 2168 87
Backbone_692 1073 1690 101690 2169 87
Backbone_692 1073 51690 151690 2170 87
Backbone_6934 1731 292 100292 2171 87
Backbone_6934 1731 50292 150292 2172 87
Backbone_6944 925 226 100226 2173 87
Backbone_6957 2464 1066 101066 2174 87
Backbone_6957 2464 51066 151066 2175 87
Backbone_6957 2464 101066 201066 2176 88
Backbone_6957 2464 151066 251066 2177 88
Backbone_6957 2464 201066 301066 2178 88
Backbone_6957 2464 251066 351066 2179 88
Backbone_6957 2464 301066 401066 2180 88
Backbone_6972 536 3134 103134 2181 88
Backbone_6987 534 3785 103785 2182 88
Backbone_698 1669 271 100271 2183 88
Backbone_698 1669 50271 150271 2184 88
Backbone_698 1669 100271 200271 2185 88
Backbone_698 1669 150271 250271 2186 88
Backbone_6993 1375 278 100278 2187 88
Backbone_6995 1914 5112 105112 2188 88
Backbone_6995 1914 55112 155112 2189 88
Backbone_6995 1914 105112 205112 2190 88
Backbone_6995 1914 155112 255112 2191 88
Backbone_699 3180 743 100743 2192 88
Backbone_699 3180 50743 150743 2193 88
Backbone_699 3180 100743 200743 2194 88
Backbone_699 3180 150743 250743 2195 88
Backbone_699 3180 200743 300743 2196 88
Backbone_699 3180 250743 350743 2197 88
Backbone_7013 634 20661 120661 2198 88
Backbone_7013 634 70661 170661 2199 88
Backbone_7027 1862 413 100413 2200 88
Backbone_7027 1862 50413 150413 2201 89
Backbone_7027 1862 100413 200413 2202 89
Backbone_7030 798 395 100395 2203 89
Backbone_7035 2045 254 100254 2204 89
Backbone_7035 2045 50254 150254 2205 89
Backbone_7035 2045 100254 200254 2206 89
Backbone_7035 2045 150254 250254 2207 89
Backbone_7062 923 491 100491 2208 89
Backbone_7064 859 2312 102312 2209 89
Backbone_7068 1049 3733 103733 2210 89
Backbone_7068 1049 53733 153733 2211 89
Backbone_7069 1226 5283 105283 2212 89
Backbone_7069 1226 55283 155283 2213 89
Backbone_7072 1244 4455 104455 2214 89
Backbone_7072 1244 54455 154455 2215 89
Backbone_7084 568 518 100518 2216 89
Backbone_7085 849 1381 101381 2217 89
Backbone_7085 849 51381 151381 2218 89
Backbone_7085 849 101381 201381 2219 89
Backbone_7092 1501 2717 102717 2220 89
Backbone_7092 1501 52717 152717 2221 89
Backbone_7092 1501 102717 202717 2222 89
Backbone_709 985 455 100455 2223 89
Backbone_710 642 255 100255 2224 89
Backbone_7118 366 1851 101851 2225 89
Backbone_712 1872 257 100257 2226 90
Backbone_712 1872 50257 150257 2227 90
Backbone_712 1872 100257 200257 2228 90
Backbone_7140 544 295 100295 2229 90
Backbone_7146 1136 4642 104642 2230 90
Backbone_7146 1136 54642 154642 2231 90
Backbone_7149 597 1368 101368 2232 90
Backbone_7171 364 5811 105811 2233 90
Backbone_7177 2097 215 100215 2234 90
Backbone_7177 2097 50215 150215 2235 90
Backbone_7177 2097 100215 200215 2236 90
Backbone_7177 2097 150215 250215 2237 90
Backbone_7197 843 412 100412 2238 90
Backbone_7197 843 50412 150412 2239 90
Backbone_7206 1553 309 100309 2240 90
Backbone_7206 1553 50309 150309 2241 90
Backbone_7206 1553 100309 200309 2242 90
Backbone_7206 1553 150309 250309 2243 90
Backbone_7210 986 690 100690 2244 90
Backbone_7213 1800 263 100263 2245 90
Backbone_7213 1800 50263 150263 2246 90
Backbone_7213 1800 100263 200263 2247 90
Backbone_7245 882 5951 105951 2248 90
Backbone_1221 801 17493 117493 2249 90
Backbone_1221 801 67493 167493 2250 90
Backbone_12225 942 1579 101579 2251 91
Backbone_12225 942 51579 151579 2252 91
Backbone_12229 569 351 100351 2253 91
Backbone_12235 591 569 100569 2254 91
Backbone_12235 591 50569 150569 2255 91
Backbone_12239 596 13410 113410 2256 91
Backbone_12240 348 3462 103462 2257 91
Backbone_12254 1733 2082 102082 2258 91
Backbone_12254 1733 52082 152082 2259 91
Backbone_12256 1032 19158 119158 2260 91
Backbone_1225 1210 225 100225 2261 91
Backbone_1225 1210 50225 150225 2262 91
Backbone_1225 1210 100225 200225 2263 91
Backbone_725 895 124 100124 2264 91
Backbone_7277 1101 404 100404 2265 91
Backbone_7277 1101 50404 150404 2266 91
Backbone_7277 1101 100404 200404 2267 91
Backbone_7277 1101 150404 250404 2268 91
Backbone_7283 1036 4183 104183 2269 91
Backbone_7283 1036 54183 154183 2270 91
Backbone_7294 1240 622 100622 2271 91
Backbone_7299 1583 653 100653 2272 91
Backbone_7299 1583 50653 150653 2273 91
Backbone_730 1575 195 100195 2274 91
Backbone_730 1575 50195 150195 2275 91
Backbone_730 1575 100195 200195 2276 92
Backbone_730 1575 150195 250195 2277 92
Backbone_7322 442 150 100150 2278 92
Backbone_7325 1701 11118 111118 2279 92
Backbone_7325 1701 61118 161118 2280 92
Backbone_7325 1701 111118 211118 2281 92
Backbone_7325 1701 161118 261118 2282 92
Backbone_7344 969 8205 108205 2283 92
Backbone_7362 682 523 100523 2284 92
Backbone_7369 610 58 100058 2285 92
Backbone_7374 459 112 100112 2286 92
Backbone_7374 459 50112 150112 2287 92
Backbone_7416 1016 251 100251 2288 92
Backbone_7417 2491 2260 102260 2289 92
Backbone_7417 2491 52260 152260 2290 92
Backbone_7417 2491 102260 202260 2291 92
Backbone_7417 2491 152260 252260 2292 92
Backbone_7417 2491 202260 302260 2293 92
Backbone_741 1574 1565 101565 2294 92
Backbone_741 1574 51565 151565 2295 92
Backbone_741 1574 101565 201565 2296 92
Backbone_743 521 798 100798 2297 92
Backbone_7455 1267 1492 101492 2298 92
Backbone_7455 1267 51492 151492 2299 92
Backbone_7455 1267 101492 201492 2300 92
Backbone_7473 1448 15496 115496 2301 93
Backbone_7473 1448 65496 165496 2302 93
Backbone_7473 1448 115496 215496 2303 93
Backbone_7473 1448 165496 265496 2304 93
Backbone_7483 2414 267 100267 2305 93
Backbone_7483 2414 50267 150267 2306 93
Backbone_7483 2414 100267 200267 2307 93
Backbone_7483 2414 150267 250267 2308 93
Backbone_7483 2414 200267 300267 2309 93
Backbone_7488 903 210 100210 2310 93
Backbone_748 1101 299 100299 2311 93
Backbone_7505 542 966 100966 2312 93
Backbone_7506 625 2071 102071 2313 93
Backbone_7507 839 10478 110478 2314 93
Backbone_7507 839 60478 160478 2315 93
Backbone_7530 938 231 100231 2316 93
Backbone_7540 1062 1977 101977 2317 93
Backbone_7540 1062 51977 151977 2318 93
Backbone_7560 1138 11027 111027 2319 93
Backbone_7560 1138 61027 161027 2320 93
Backbone_7569 1118 129 100129 2321 93
Backbone_757 1503 727 100727 2322 93
Backbone_757 1503 50727 150727 2323 93
Backbone_7592 993 139 100139 2324 93
Backbone_7593 1118 1645 101645 2325 93
Backbone_7593 1118 51645 151645 2326 94
Backbone_7597 620 615 100615 2327 94
Backbone_7604 329 1943 101943 2328 94
Backbone_7606 1311 1554 101554 2329 94
Backbone_7606 1311 51554 151554 2330 94
Backbone_7611 684 327 100327 2331 94
Backbone_7614 1483 22260 122260 2332 94
Backbone_7614 1483 72260 172260 2333 94
Backbone_7614 1483 122260 222260 2334 94
Backbone_7621 725 942 100942 2335 94
Backbone_7628 873 15239 115239 2336 94
Backbone_7633 1005 301 100301 2337 94
Backbone_7633 1005 50301 150301 2338 94
Backbone_7633 1005 100301 200301 2339 94
Backbone_7634 111 118 100118 2340 94
Backbone_7660 1021 203 100203 2341 94
Backbone_7660 1021 50203 150203 2342 94
Backbone_7663 492 21326 121326 2343 94
Backbone_7663 492 71326 171326 2344 94
Backbone_7674 1516 3100 103100 2345 94
Backbone_7674 1516 53100 153100 2346 94
Backbone_7674 1516 103100 203100 2347 94
Backbone_7674 1516 153100 253100 2348 94
Backbone_767 1552 1783 101783 2349 94
Backbone_767 1552 51783 151783 2350 94
Backbone_767 1552 101783 201783 2351 95
Backbone_771 511 1896 101896 2352 95
Backbone_7723 1645 394 100394 2353 95
Backbone_7723 1645 50394 150394 2354 95
Backbone_7723 1645 100394 200394 2355 95
Backbone_7737 1172 346 100346 2356 95
Backbone_7739 1442 276 100276 2357 95
Backbone_7739 1442 50276 150276 2358 95
Backbone_7739 1442 100276 200276 2359 95
Backbone_7790 1441 806 100806 2360 95
Backbone_7790 1441 50806 150806 2361 95
Backbone_7813 1244 246 100246 2362 95
Backbone_7814 1119 9872 109872 2363 95
Backbone_7832 700 3741 103741 2364 95
Backbone_12299 1726 2230 102230 2365 95
Backbone_12299 1726 52230 152230 2366 95
Backbone_1229 2891 1152 101152 2367 95
Backbone_1229 2891 51152 151152 2368 95
Backbone_1229 2891 101152 201152 2369 95
Backbone_1229 2891 151152 251152 2370 95
Backbone_1229 2891 201152 301152 2371 95
Backbone_1229 2891 251152 351152 2372 95
Backbone_1229 2891 301152 401152 2373 95
Backbone_1229 2891 351152 451152 2374 95
Backbone_1229 2891 401152 501152 2375 95
Backbone_7844 896 100 100100 2376 96
Backbone_7852 1213 4059 104059 2377 96
Backbone_7852 1213 54059 154059 2378 96
Backbone_7855 959 300 100300 2379 96
Backbone_7861 1422 20829 120829 2380 96
Backbone_7863 457 2834 102834 2381 96
Backbone_7893 447 7429 107429 2382 96
Backbone_7893 447 57429 157429 2383 96
Backbone_7895 922 1797 101797 2384 96
Backbone_7898 848 404 100404 2385 96
Backbone_789 1162 1187 101187 2386 96
Backbone_789 1162 51187 151187 2387 96
Backbone_7901 1836 15586 115586 2388 96
Backbone_7901 1836 65586 165586 2389 96
Backbone_7901 1836 115586 215586 2390 96
Backbone_7901 1836 165586 265586 2391 96
Backbone_7901 1836 215586 315586 2392 96
Backbone_7918 804 21022 121022 2393 96
Backbone_7920 1537 1336 101336 2394 96
Backbone_7920 1537 51336 151336 2395 96
Backbone_7920 1537 101336 201336 2396 96
Backbone_7926 689 590 100590 2397 96
Backbone_7931 431 2600 102600 2398 96
Backbone_7943 717 1518 101518 2399 96
Backbone_7962 709 16242 116242 2400 96
Backbone_7969 670 749 100749 2401 97
Backbone_7975 317 668 100668 2402 97
Backbone_8003 1078 271 100271 2403 97
Backbone_8005 911 295 100295 2404 97
Backbone_8007 610 186 100186 2405 97
Backbone_8008 790 644 100644 2406 97
Backbone_801 3398 807 100807 2407 97
Backbone_801 3398 50807 150807 2408 97
Backbone_801 3398 100807 200807 2409 97
Backbone_801 3398 150807 250807 2410 97
Backbone_801 3398 200807 300807 2411 97
Backbone_801 3398 250807 350807 2412 97
Backbone_801 3398 300807 400807 2413 97
Backbone_801 3398 350807 450807 2414 97
Backbone_8031 467 8912 108912 2415 97
Backbone_8031 467 58912 158912 2416 97
Backbone_8039 789 322 100322 2417 97
Backbone_8041 1129 2953 102953 2418 97
Backbone_8052 999 297 100297 2419 97
Backbone_8052 999 50297 150297 2420 97
Backbone_8064 1331 300 100300 2421 97
Backbone_8064 1331 50300 150300 2422 97
Backbone_8064 1331 100300 200300 2423 97
Backbone_8066 991 6293 106293 2424 97
Backbone_8082 592 3982 103982 2425 97
Backbone_8090 734 1437 101437 2426 98
Backbone_8091 466 1298 101298 2427 98
Backbone_80 1478 7299 107299 2428 98
Backbone_80 1478 57299 157299 2429 98
Backbone_80 1478 107299 207299 2430 98
Backbone_8102 789 486 100486 2431 98
Backbone_8106 985 11177 111177 2432 98
Backbone_8106 985 61177 161177 2433 98
Backbone_8106 985 111177 211177 2434 98
Backbone_8106 985 161177 261177 2435 98
Backbone_811 1784 485 100485 2436 98
Backbone_811 1784 50485 150485 2437 98
Backbone_811 1784 100485 200485 2438 98
Backbone_8120 2185 268 100268 2439 98
Backbone_8120 2185 50268 150268 2440 98
Backbone_8120 2185 100268 200268 2441 98
Backbone_8120 2185 150268 250268 2442 98
Backbone_8120 2185 200268 300268 2443 98
Backbone_8127 383 189 100189 2444 98
Backbone_8141 2041 230 100230 2445 98
Backbone_8141 2041 50230 150230 2446 98
Backbone_8141 2041 100230 200230 2447 98
Backbone_8141 2041 150230 250230 2448 98
Backbone_8141 2041 200230 300230 2449 98
Backbone_8155 844 31 100031 2450 98
Backbone_8157 450 9900 109900 2451 99
Backbone_8168 1547 608 100608 2452 99
Backbone_8168 1547 50608 150608 2453 99
Backbone_8168 1547 100608 200608 2454 99
Backbone_8172 884 12206 112206 2455 99
Backbone_8177 300 12806 112806 2456 99
Backbone_8178 842 262 100262 2457 99
Backbone_8202 1374 2874 102874 2458 99
Backbone_8202 1374 52874 152874 2459 99
Backbone_8203 823 1908 101908 2460 99
Backbone_8203 823 51908 151908 2461 99
Backbone_8228 928 14029 114029 2462 99
Backbone_8238 741 230 100230 2463 99
Backbone_8245 1563 206 100206 2464 99
Backbone_8245 1563 50206 150206 2465 99
Backbone_8245 1563 100206 200206 2466 99
Backbone_8248 560 444 100444 2467 99
Backbone_8248 560 50444 150444 2468 99
Backbone_8256 651 834 100834 2469 99
Backbone_8275 401 2202 102202 2470 99
Backbone_8288 1212 1348 101348 2471 99
Backbone_8288 1212 51348 151348 2472 99
Backbone_8295 1413 433 100433 2473 99
Backbone_8295 1413 50433 150433 2474 99
Backbone_8299 664 367 100367 2475 99
Backbone_8310 1610 967 100967 2476 100
Backbone_8310 1610 50967 150967 2477 100
Backbone_8310 1610 100967 200967 2478 100
Backbone_8310 1610 150967 250967 2479 100
Backbone_8314 828 620 100620 2480 100
Backbone_8314 828 50620 150620 2481 100
Backbone_8321 1061 327 100327 2482 100
Backbone_8330 1540 3526 103526 2483 100
Backbone_8330 1540 53526 153526 2484 100
Backbone_8330 1540 103526 203526 2485 100
Backbone_8330 1540 153526 253526 2486 100
Backbone_8330 1540 203526 303526 2487 100
Backbone_8331 814 329 100329 2488 100
Backbone_8333 896 226 100226 2489 100
Backbone_8335 1566 1252 101252 2490 100
Backbone_8335 1566 51252 151252 2491 100
Backbone_8335 1566 101252 201252 2492 100
Backbone_8338 1713 7940 107940 2493 100
Backbone_8338 1713 57940 157940 2494 100
Backbone_8338 1713 107940 207940 2495 100
Backbone_8341 685 327 100327 2496 100
Backbone_8344 1229 1035 101035 2497 100
Backbone_8344 1229 51035 151035 2498 100
Backbone_8360 570 8173 108173 2499 100
Backbone_8365 779 982 100982 2500 100
Backbone_8365 779 50982 150982 2501 101
Backbone_8365 779 100982 200982 2502 101
Backbone_8386 1417 3118 103118 2503 101
Backbone_8386 1417 53118 153118 2504 101
Backbone_8386 1417 103118 203118 2505 101
Backbone_8391 523 394 100394 2506 101
Backbone_1232 843 3316 103316 2507 101
Backbone_1232 843 53316 153316 2508 101
Backbone_12338 701 8392 108392 2509 101
Backbone_12344 875 331 100331 2510 101
Backbone_12364 1374 14624 114624 2511 101
Backbone_12364 1374 64624 164624 2512 101
Backbone_1236 1190 1183 101183 2513 101
Backbone_1236 1190 51183 151183 2514 101
Backbone_8417 1002 1224 101224 2515 101
Backbone_841 1208 733 100733 2516 101
Backbone_841 1208 50733 150733 2517 101
Backbone_8437 1472 372 100372 2518 101
Backbone_8437 1472 50372 150372 2519 101
Backbone_8438 453 1354 101354 2520 101
Backbone_8440 715 853 100853 2521 101
Backbone_8440 715 50853 150853 2522 101
Backbone_8447 627 9896 109896 2523 101
Backbone_8456 809 9025 109025 2524 101
Backbone_8464 1194 1887 101887 2525 101
Backbone_8464 1194 51887 151887 2526 102
Backbone_8464 1194 101887 201887 2527 102
Backbone_8466 1596 187 100187 2528 102
Backbone_8466 1596 50187 150187 2529 102
Backbone_8466 1596 100187 200187 2530 102
Backbone_846 289 1161 101161 2531 102
Backbone_8482 1208 5352 105352 2532 102
Backbone_8482 1208 55352 155352 2533 102
Backbone_8485 640 275 100275 2534 102
Backbone_8495 991 818 100818 2535 102
Backbone_8495 991 50818 150818 2536 102
Backbone_8497 820 469 100469 2537 102
Backbone_8502 1471 166 100166 2538 102
Backbone_8502 1471 50166 150166 2539 102
Backbone_8506 1831 195 100195 2540 102
Backbone_8506 1831 50195 150195 2541 102
Backbone_8506 1831 100195 200195 2542 102
Backbone_8525 1130 151 100151 2543 102
Backbone_8525 1130 50151 150151 2544 102
Backbone_852 989 315 100315 2545 102
Backbone_852 989 50315 150315 2546 102
Backbone_8539 663 806 100806 2547 102
Backbone_8556 857 303 100303 2548 102
Backbone_8562 707 6871 106871 2549 102
Backbone_8575 323 291 100291 2550 102
Backbone_8576 1040 7018 107018 2551 103
Backbone_8584 583 374 100374 2552 103
Backbone_8585 585 11165 111165 2553 103
Backbone_8589 1185 3678 103678 2554 103
Backbone_8611 2324 568 100568 2555 103
Backbone_8611 2324 50568 150568 2556 103
Backbone_8611 2324 100568 200568 2557 103
Backbone_8611 2324 150568 250568 2558 103
Backbone_8613 1402 3367 103367 2559 103
Backbone_8613 1402 53367 153367 2560 103
Backbone_8613 1402 103367 203367 2561 103
Backbone_861 751 2670 102670 2562 103
Backbone_863 1467 231 100231 2563 103
Backbone_863 1467 50231 150231 2564 103
Backbone_8643 1070 1753 101753 2565 103
Backbone_8643 1070 51753 151753 2566 103
Backbone_8652 874 495 100495 2567 103
Backbone_8659 1861 114 100114 2568 103
Backbone_8659 1861 50114 150114 2569 103
Backbone_8659 1861 100114 200114 2570 103
Backbone_8668 1179 1592 101592 2571 103
Backbone_8668 1179 51592 151592 2572 103
Backbone_8668 1179 101592 201592 2573 103
Backbone_8671 422 3831 103831 2574 103
Backbone_8691 2297 9051 109051 2575 103
Backbone_8691 2297 59051 159051 2576 104
Backbone_8691 2297 109051 209051 2577 104
Backbone_8691 2297 159051 259051 2578 104
Backbone_8697 1115 391 100391 2579 104
Backbone_8697 1115 50391 150391 2580 104
Backbone_8723 997 358 100358 2581 104
Backbone_8740 1121 1524 101524 2582 104
Backbone_8743 665 7475 107475 2583 104
Backbone_8744 1062 3092 103092 2584 104
Backbone_8744 1062 53092 153092 2585 104
Backbone_8745 843 687 100687 2586 104
Backbone_8745 843 50687 150687 2587 104
Backbone_8748 721 433 100433 2588 104
Backbone_8753 568 152 100152 2589 104
Backbone_875 680 3447 103447 2590 104
Backbone_8771 825 182 100182 2591 104
Backbone_8772 2423 2980 102980 2592 104
Backbone_8772 2423 52980 152980 2593 104
Backbone_8772 2423 102980 202980 2594 104
Backbone_8772 2423 152980 252980 2595 104
Backbone_8772 2423 202980 302980 2596 104
Backbone_8774 1052 266 100266 2597 104
Backbone_8785 452 8520 108520 2598 104
Backbone_8818 1445 486 100486 2599 104
Backbone_8818 1445 50486 150486 2600 104
Backbone_8818 1445 100486 200486 2601 105
Backbone_882 735 15576 115576 2602 105
Backbone_8834 890 7718 107718 2603 105
Backbone_8847 562 101 100101 2604 105
Backbone_8849 1704 438 100438 2605 105
Backbone_8849 1704 50438 150438 2606 105
Backbone_8849 1704 100438 200438 2607 105
Backbone_8849 1704 150438 250438 2608 105
Backbone_8872 963 250 100250 2609 105
Backbone_8874 961 3784 103784 2610 105
Backbone_8874 961 53784 153784 2611 105
Backbone_887 1879 263 100263 2612 105
Backbone_887 1879 50263 150263 2613 105
Backbone_887 1879 100263 200263 2614 105
Backbone_8891 524 16320 116320 2615 105
Backbone_8891 524 66320 166320 2616 105
Backbone_8891 524 116320 216320 2617 105
Backbone_8909 1285 10952 110952 2618 105
Backbone_8909 1285 60952 160952 2619 105
Backbone_8912 1052 4239 104239 2620 105
Backbone_8912 1052 54239 154239 2621 105
Backbone_8920 1461 4899 104899 2622 105
Backbone_8920 1461 54899 154899 2623 105
Backbone_8921 1270 296 100296 2624 105
Backbone_8921 1270 50296 150296 2625 105
Backbone_8921 1270 100296 200296 2626 106
Backbone_893 1707 68 100068 2627 106
Backbone_893 1707 50068 150068 2628 106
Backbone_893 1707 100068 200068 2629 106
Backbone_8940 1334 1723 101723 2630 106
Backbone_8940 1334 51723 151723 2631 106
Backbone_8940 1334 101723 201723 2632 106
Backbone_8940 1334 151723 251723 2633 106
Backbone_8943 570 218 100218 2634 106
Backbone_894 1466 1698 101698 2635 106
Backbone_894 1466 51698 151698 2636 106
Backbone_12381 850 245 100245 2637 106
Backbone_12385 664 11619 111619 2638 106
Backbone_1239 1186 6362 106362 2639 106
Backbone_1239 1186 56362 156362 2640 106
Backbone_8955 848 398 100398 2641 106
Backbone_8988 1163 6724 106724 2642 106
Backbone_8988 1163 56724 156724 2643 106
Backbone_8995 759 253 100253 2644 106
Backbone_9016 632 6532 106532 2645 106
Backbone_9017 831 848 100848 2646 106
Backbone_9020 1106 19039 119039 2647 106
Backbone_9020 1106 69039 169039 2648 106
Backbone_903 1796 248 100248 2649 106
Backbone_903 1796 50248 150248 2650 106
Backbone_903 1796 100248 200248 2651 107
Backbone_903 1796 150248 250248 2652 107
Backbone_9071 1051 326 100326 2653 107
Backbone_9078 1228 6850 106850 2654 107
Backbone_9078 1228 56850 156850 2655 107
Backbone_9084 1451 241 100241 2656 107
Backbone_9084 1451 50241 150241 2657 107
Backbone_9086 2343 747 100747 2658 107
Backbone_9086 2343 50747 150747 2659 107
Backbone_9086 2343 100747 200747 2660 107
Backbone_9086 2343 150747 250747 2661 107
Backbone_9086 2343 200747 300747 2662 107
Backbone_9088 606 2638 102638 2663 107
Backbone_9106 878 422 100422 2664 107
Backbone_9135 1075 246 100246 2665 107
Backbone_9155 1159 9854 109854 2666 107
Backbone_9155 1159 59854 159854 2667 107
Backbone_9157 1056 6788 106788 2668 107
Backbone_9157 1056 56788 156788 2669 107
Backbone_9159 482 2888 102888 2670 107
Backbone_9166 1091 162 100162 2671 107
Backbone_9169 1140 116 100116 2672 107
Backbone_9169 1140 50116 150116 2673 107
Backbone_9172 1341 1337 101337 2674 107
Backbone_9172 1341 51337 151337 2675 107
Backbone_9172 1341 101337 201337 2676 108
Backbone_9176 1337 16306 116306 2677 108
Backbone_9176 1337 66306 166306 2678 108
Backbone_9176 1337 116306 216306 2679 108
Backbone_9176 1337 166306 266306 2680 108
Backbone_917 1892 1583 101583 2681 108
Backbone_917 1892 51583 151583 2682 108
Backbone_917 1892 101583 201583 2683 108
Backbone_917 1892 151583 251583 2684 108
Backbone_9184 238 556 100556 2685 108
Backbone_9208 1135 288 100288 2686 108
Backbone_9225 589 5807 105807 2687 108
Backbone_9235 698 319 100319 2688 108
Backbone_9240 345 4904 104904 2689 108
Backbone_9252 1534 192 100192 2690 108
Backbone_9252 1534 50192 150192 2691 108
Backbone_9255 1113 932 100932 2692 108
Backbone_9292 840 6510 106510 2693 108
Backbone_9311 739 3826 103826 2694 108
Backbone_9322 605 185 100185 2695 108
Backbone_9324 904 196 100196 2696 108
Backbone_9326 249 2044 102044 2697 108
Backbone_9339 993 231 100231 2698 108
Backbone_9347 891 10682 110682 2699 108
Backbone_9351 635 811 100811 2700 108
Backbone_9356 1109 11964 111964 2701 109
Backbone_9356 1109 61964 161964 2702 109
Backbone_9368 936 1075 101075 2703 109
Backbone_9368 936 51075 151075 2704 109
Backbone_9368 936 101075 201075 2705 109
Backbone_9369 603 122 100122 2706 109
Backbone_9372 948 6744 106744 2707 109
Backbone_937 1144 617 100617 2708 109
Backbone_937 1144 50617 150617 2709 109
Backbone_939 1335 427 100427 2710 109
Backbone_939 1335 50427 150427 2711 109
Backbone_9418 775 10526 110526 2712 109
Backbone_9420 905 288 100288 2713 109
Backbone_9436 1175 1263 101263 2714 109
Backbone_9436 1175 51263 151263 2715 109
Backbone_9439 674 2407 102407 2716 109
Backbone_9453 828 8022 108022 2717 109
Backbone_9453 828 58022 158022 2718 109
Backbone_9480 677 563 100563 2719 109
Backbone_9480 677 50563 150563 2720 109
Backbone_9482 517 965 100965 2721 109
Backbone_9482 517 50965 150965 2722 109
Backbone_9487 421 474 100474 2723 109
Backbone_9492 704 201 100201 2724 109
Backbone_9492 704 50201 150201 2725 109
Backbone_9492 704 100201 200201 2726 110
Backbone_9496 865 1679 101679 2727 110
Backbone_9496 865 51679 151679 2728 110
Backbone_9509 344 223 100223 2729 110
Backbone_12441 2167 772 100772 2730 110
Backbone_12441 2167 50772 150772 2731 110
Backbone_12441 2167 100772 200772 2732 110
Backbone_12441 2167 150772 250772 2733 110
Backbone_12462 1994 6200 106200 2734 110
Backbone_12462 1994 56200 156200 2735 110
Backbone_12462 1994 106200 206200 2736 110
Backbone_1247 1085 374 100374 2737 110
Backbone_1247 1085 50374 150374 2738 110
Backbone_1247 1085 100374 200374 2739 110
Backbone_12496 2086 1312 101312 2740 110
Backbone_12496 2086 51312 151312 2741 110
Backbone_12496 2086 101312 201312 2742 110
Backbone_12496 2086 151312 251312 2743 110
Backbone_12496 2086 201312 301312 2744 110
Backbone_9510 1831 990 100990 2745 110
Backbone_9510 1831 50990 150990 2746 110
Backbone_9510 1831 100990 200990 2747 110
Backbone_9510 1831 150990 250990 2748 110
Backbone_9512 1148 2909 102909 2749 110
Backbone_9517 1080 298 100298 2750 110
Backbone_9517 1080 50298 150298 2751 111
Backbone_9517 1080 100298 200298 2752 111
Backbone_9518 470 10728 110728 2753 111
Backbone_9527 689 8916 108916 2754 111
Backbone_9540 1311 359 100359 2755 111
Backbone_9540 1311 50359 150359 2756 111
Backbone_9540 1311 100359 200359 2757 111
Backbone_9556 773 556 100556 2758 111
Backbone_9564 594 184 100184 2759 111
Backbone_9570 1388 2597 102597 2760 111
Backbone_9570 1388 52597 152597 2761 111
Backbone_9575 1596 302 100302 2762 111
Backbone_9575 1596 50302 150302 2763 111
Backbone_9575 1596 100302 200302 2764 111
Backbone_9578 1593 437 100437 2765 111
Backbone_9578 1593 50437 150437 2766 111
Backbone_9584 1198 883 100883 2767 111
Backbone_9584 1198 50883 150883 2768 111
Backbone_9587 364 1630 101630 2769 111
Backbone_9589 453 616 100616 2770 111
Backbone_9591 440 11758 111758 2771 111
Backbone_959 2022 241 100241 2772 111
Backbone_959 2022 50241 150241 2773 111
Backbone_959 2022 100241 200241 2774 111
Backbone_959 2022 150241 250241 2775 111
Backbone_960 651 187 100187 2776 112
Backbone_960 651 50187 150187 2777 112
Backbone_9618 926 805 100805 2778 112
Backbone_9620 1181 137 100137 2779 112
Backbone_9620 1181 50137 150137 2780 112
Backbone_9669 1152 287 100287 2781 112
Backbone_9669 1152 50287 150287 2782 112
Backbone_9669 1152 100287 200287 2783 112
Backbone_9673 752 184 100184 2784 112
Backbone_9676 905 2790 102790 2785 112
Backbone_967 3648 3839 103839 2786 112
Backbone_967 3648 53839 153839 2787 112
Backbone_967 3648 103839 203839 2788 112
Backbone_967 3648 153839 253839 2789 112
Backbone_967 3648 203839 303839 2790 112
Backbone_967 3648 253839 353839 2791 112
Backbone_967 3648 303839 403839 2792 112
Backbone_967 3648 353839 453839 2793 112
Backbone_9681 440 22961 122961 2794 112
Backbone_9712 1162 103 100103 2795 112
Backbone_9712 1162 50103 150103 2796 112
Backbone_9735 584 230 100230 2797 112
Backbone_9740 1219 1330 101330 2798 112
Backbone_9740 1219 51330 151330 2799 112
Backbone_9751 1001 524 100524 2800 112
Backbone_9752 1526 308 100308 2801 113
Backbone_9752 1526 50308 150308 2802 113
Backbone_9758 808 134 100134 2803 113
Backbone_97 706 3662 103662 2804 113
Backbone_97 706 53662 153662 2805 113
Backbone_9810 1154 246 100246 2806 113
Backbone_9814 1961 169 100169 2807 113
Backbone_9814 1961 50169 150169 2808 113
Backbone_9814 1961 100169 200169 2809 113
Backbone_9814 1961 150169 250169 2810 113
Backbone_9814 1961 200169 300169 2811 113
Backbone_9815 632 1971 101971 2812 113
Backbone_983 439 333 100333 2813 113
Backbone_9845 548 1226 101226 2814 113
Backbone_9845 548 51226 151226 2815 113
Backbone_985 1715 382 100382 2816 113
Backbone_985 1715 50382 150382 2817 113
Backbone_985 1715 100382 200382 2818 113
Backbone_985 1715 150382 250382 2819 113
Backbone_985 1715 200382 300382 2820 113
Backbone_9863 1007 652 100652 2821 113
Backbone_9875 697 776 100776 2822 113
Backbone_9875 697 50776 150776 2823 113
Backbone_987 280 1615 101615 2824 113
Backbone_9883 582 469 100469 2825 113
Backbone_9884 724 335 100335 2826 114
Backbone_98 1323 938 100938 2827 114
Backbone_98 1323 50938 150938 2828 114
Backbone_9902 727 1306 101306 2829 114
Backbone_9909 1425 296 100296 2830 114
Backbone_9909 1425 50296 150296 2831 114
Backbone_9913 1285 4514 104514 2832 114
Backbone_9913 1285 54514 154514 2833 114
Backbone_9915 831 251 100251 2834 114
Backbone_992 555 1431 101431 2835 114
Backbone_992 555 51431 151431 2836 114
Backbone_9931 866 646 100646 2837 114
Backbone_993 1581 23063 123063 2838 114
Backbone_993 1581 73063 173063 2839 114
Backbone_993 1581 123063 223063 2840 114
Backbone_9955 1010 194 100194 2841 114
Backbone_9957 881 1204 101204 2842 114
Backbone_996 2256 426 100426 2843 114
Backbone_996 2256 50426 150426 2844 114
Backbone_996 2256 100426 200426 2845 114
Backbone_996 2256 150426 250426 2846 114
Backbone_996 2256 200426 300426 2847 114
Backbone_996 2256 250426 350426 2848 114
Backbone_997 758 1243 101243 2849 114
Backbone_9992 536 842 100842 2850 114
ntLink_0 1896 80 100080 2851 115
ntLink_0 1896 50080 150080 2852 115
ntLink_0 1896 100080 200080 2853 115
ntLink_0 1896 150080 250080 2854 115
ntLink_1002 1314 146 100146 2855 115
ntLink_1002 1314 50146 150146 2856 115
ntLink_1003 2875 810 100810 2857 115
ntLink_1003 2875 50810 150810 2858 115
ntLink_1003 2875 100810 200810 2859 115
ntLink_1003 2875 150810 250810 2860 115
ntLink_1003 2875 200810 300810 2861 115
ntLink_1004 717 1477 101477 2862 115
ntLink_1004 717 51477 151477 2863 115
ntLink_1005 2259 1044 101044 2864 115
ntLink_1005 2259 51044 151044 2865 115
ntLink_1005 2259 101044 201044 2866 115
ntLink_1005 2259 151044 251044 2867 115
ntLink_1005 2259 201044 301044 2868 115
ntLink_1005 2259 251044 351044 2869 115
ntLink_1008 2644 258 100258 2870 115
ntLink_1008 2644 50258 150258 2871 115
ntLink_1008 2644 100258 200258 2872 115
ntLink_1008 2644 150258 250258 2873 115
ntLink_1008 2644 200258 300258 2874 115
ntLink_1008 2644 250258 350258 2875 115
ntLink_1008 2644 300258 400258 2876 116
ntLink_1008 2644 350258 450258 2877 116
ntLink_100 2633 399 100399 2878 116
ntLink_100 2633 50399 150399 2879 116
ntLink_100 2633 100399 200399 2880 116
ntLink_100 2633 150399 250399 2881 116
ntLink_100 2633 200399 300399 2882 116
ntLink_100 2633 250399 350399 2883 116
ntLink_100 2633 300399 400399 2884 116
ntLink_100 2633 350399 450399 2885 116
ntLink_1010 1008 203 100203 2886 116
ntLink_1010 1008 50203 150203 2887 116
ntLink_1011 1356 3193 103193 2888 116
ntLink_1011 1356 53193 153193 2889 116
ntLink_1011 1356 103193 203193 2890 116
ntLink_1011 1356 153193 253193 2891 116
ntLink_1012 1118 136 100136 2892 116
ntLink_1012 1118 50136 150136 2893 116
ntLink_1012 1118 100136 200136 2894 116
ntLink_1012 1118 150136 250136 2895 116
ntLink_1015 977 7660 107660 2896 116
ntLink_1015 977 57660 157660 2897 116
ntLink_1015 977 107660 207660 2898 116
ntLink_1017 670 703 100703 2899 116
ntLink_1017 670 50703 150703 2900 116
ntLink_1018 370 1219 101219 2901 117
ntLink_101 1274 1030 101030 2902 117
ntLink_101 1274 51030 151030 2903 117
ntLink_101 1274 101030 201030 2904 117
ntLink_101 1274 151030 251030 2905 117
ntLink_101 1274 201030 301030 2906 117
ntLink_1020 875 614 100614 2907 117
ntLink_1020 875 50614 150614 2908 117
ntLink_1021 2293 6997 106997 2909 117
ntLink_1021 2293 56997 156997 2910 117
ntLink_1021 2293 106997 206997 2911 117
ntLink_1021 2293 156997 256997 2912 117
ntLink_1021 2293 206997 306997 2913 117
ntLink_1023 1675 485 100485 2914 117
ntLink_1023 1675 50485 150485 2915 117
ntLink_1023 1675 100485 200485 2916 117
ntLink_1025 1578 629 100629 2917 117
ntLink_1025 1578 50629 150629 2918 117
ntLink_1025 1578 100629 200629 2919 117
ntLink_1027 2886 645 100645 2920 117
ntLink_1027 2886 50645 150645 2921 117
ntLink_1027 2886 100645 200645 2922 117
ntLink_1027 2886 150645 250645 2923 117
ntLink_1027 2886 200645 300645 2924 117
ntLink_1027 2886 250645 350645 2925 117
ntLink_1027 2886 300645 400645 2926 118
ntLink_1027 2886 350645 450645 2927 118
ntLink_102 1009 7680 107680 2928 118
ntLink_102 1009 57680 157680 2929 118
ntLink_1030 2059 382 100382 2930 118
ntLink_1030 2059 50382 150382 2931 118
ntLink_1030 2059 100382 200382 2932 118
ntLink_1030 2059 150382 250382 2933 118
ntLink_1030 2059 200382 300382 2934 118
ntLink_1032 1307 952 100952 2935 118
ntLink_1032 1307 50952 150952 2936 118
ntLink_1033 818 1045 101045 2937 118
ntLink_1033 818 51045 151045 2938 118
ntLink_1034 670 978 100978 2939 118
ntLink_1038 683 442 100442 2940 118
Backbone_12514 535 713 100713 2941 118
Backbone_12524 1436 353 100353 2942 118
Backbone_12524 1436 50353 150353 2943 118
Backbone_1252 616 4551 104551 2944 118
Backbone_12547 866 912 100912 2945 118
Backbone_12554 1226 1485 101485 2946 118
Backbone_12554 1226 51485 151485 2947 118
ntLink_1041 863 14001 114001 2948 118
ntLink_1041 863 64001 164001 2949 118
ntLink_1042 710 653 100653 2950 118
ntLink_1043 593 263 100263 2951 119
ntLink_1044 2874 318 100318 2952 119
ntLink_1044 2874 50318 150318 2953 119
ntLink_1044 2874 100318 200318 2954 119
ntLink_1044 2874 150318 250318 2955 119
ntLink_1044 2874 200318 300318 2956 119
ntLink_1044 2874 250318 350318 2957 119
ntLink_1044 2874 300318 400318 2958 119
ntLink_1045 722 946 100946 2959 119
ntLink_1046 1376 255 100255 2960 119
ntLink_1046 1376 50255 150255 2961 119
ntLink_1049 1937 186 100186 2962 119
ntLink_1049 1937 50186 150186 2963 119
ntLink_1049 1937 100186 200186 2964 119
ntLink_1049 1937 150186 250186 2965 119
ntLink_1049 1937 200186 300186 2966 119
ntLink_104 999 370 100370 2967 119
ntLink_104 999 50370 150370 2968 119
ntLink_1050 1567 3203 103203 2969 119
ntLink_1050 1567 53203 153203 2970 119
ntLink_1050 1567 103203 203203 2971 119
ntLink_1050 1567 153203 253203 2972 119
ntLink_1051 3220 312 100312 2973 119
ntLink_1051 3220 50312 150312 2974 119
ntLink_1051 3220 100312 200312 2975 119
ntLink_1051 3220 150312 250312 2976 120
ntLink_1051 3220 200312 300312 2977 120
ntLink_1051 3220 250312 350312 2978 120
ntLink_1051 3220 300312 400312 2979 120
ntLink_1052 1976 24879 124879 2980 120
ntLink_1052 1976 74879 174879 2981 120
ntLink_1052 1976 124879 224879 2982 120
ntLink_1052 1976 174879 274879 2983 120
ntLink_1058 1130 1196 101196 2984 120
ntLink_1058 1130 51196 151196 2985 120
ntLink_1059 2872 2702 102702 2986 120
ntLink_1059 2872 52702 152702 2987 120
ntLink_1059 2872 102702 202702 2988 120
ntLink_1059 2872 152702 252702 2989 120
ntLink_1059 2872 202702 302702 2990 120
ntLink_1059 2872 252702 352702 2991 120
ntLink_105 510 15606 115606 2992 120
ntLink_1060 2577 1026 101026 2993 120
ntLink_1060 2577 51026 151026 2994 120
ntLink_1060 2577 101026 201026 2995 120
ntLink_1060 2577 151026 251026 2996 120
ntLink_1060 2577 201026 301026 2997 120
ntLink_1060 2577 251026 351026 2998 120
ntLink_1060 2577 301026 401026 2999 120
ntLink_1061 783 571 100571 3000 120
ntLink_1066 432 481 100481 3001 121
ntLink_1066 432 50481 150481 3002 121
ntLink_1066 432 100481 200481 3003 121
ntLink_1066 432 150481 250481 3004 121
ntLink_1066 432 200481 300481 3005 121
ntLink_1067 997 547 100547 3006 121
ntLink_1067 997 50547 150547 3007 121
ntLink_1068 801 1526 101526 3008 121
ntLink_1071 2404 8108 108108 3009 121
ntLink_1071 2404 58108 158108 3010 121
ntLink_1071 2404 108108 208108 3011 121
ntLink_1071 2404 158108 258108 3012 121
ntLink_1071 2404 208108 308108 3013 121
ntLink_1071 2404 258108 358108 3014 121
ntLink_1071 2404 308108 408108 3015 121
ntLink_1071 2404 358108 458108 3016 121
ntLink_1071 2404 408108 508108 3017 121
ntLink_1077 899 507 100507 3018 121
ntLink_1078 856 284 100284 3019 121
ntLink_1079 1299 7255 107255 3020 121
ntLink_1079 1299 57255 157255 3021 121
ntLink_1079 1299 107255 207255 3022 121
ntLink_1079 1299 157255 257255 3023 121
ntLink_107 1295 1108 101108 3024 121
ntLink_107 1295 51108 151108 3025 121
ntLink_1080 614 4321 104321 3026 122
ntLink_1081 1171 1062 101062 3027 122
ntLink_1081 1171 51062 151062 3028 122
ntLink_1081 1171 101062 201062 3029 122
ntLink_1083 510 1892 101892 3030 122
ntLink_1083 510 51892 151892 3031 122
ntLink_1083 510 101892 201892 3032 122
ntLink_1086 461 1446 101446 3033 122
ntLink_1089 1926 355 100355 3034 122
ntLink_1089 1926 50355 150355 3035 122
ntLink_1089 1926 100355 200355 3036 122
ntLink_108 1371 238 100238 3037 122
ntLink_108 1371 50238 150238 3038 122
ntLink_108 1371 100238 200238 3039 122
ntLink_108 1371 150238 250238 3040 122
ntLink_108 1371 200238 300238 3041 122
ntLink_108 1371 250238 350238 3042 122
ntLink_1092 1028 1274 101274 3043 122
ntLink_1092 1028 51274 151274 3044 122
ntLink_1092 1028 101274 201274 3045 122
ntLink_1094 2848 293 100293 3046 122
ntLink_1094 2848 50293 150293 3047 122
ntLink_1094 2848 100293 200293 3048 122
ntLink_1094 2848 150293 250293 3049 122
ntLink_1094 2848 200293 300293 3050 122
ntLink_1094 2848 250293 350293 3051 123
ntLink_1094 2848 300293 400293 3052 123
ntLink_1094 2848 350293 450293 3053 123
ntLink_1095 1909 287 100287 3054 123
ntLink_1095 1909 50287 150287 3055 123
ntLink_1095 1909 100287 200287 3056 123
ntLink_1095 1909 150287 250287 3057 123
ntLink_1095 1909 200287 300287 3058 123
ntLink_1097 2136 398 100398 3059 123
ntLink_1097 2136 50398 150398 3060 123
ntLink_1097 2136 100398 200398 3061 123
ntLink_1097 2136 150398 250398 3062 123
ntLink_1097 2136 200398 300398 3063 123
ntLink_1098 2642 747 100747 3064 123
ntLink_1098 2642 50747 150747 3065 123
ntLink_1098 2642 100747 200747 3066 123
ntLink_1098 2642 150747 250747 3067 123
ntLink_1098 2642 200747 300747 3068 123
ntLink_1098 2642 250747 350747 3069 123
ntLink_1098 2642 300747 400747 3070 123
ntLink_1098 2642 350747 450747 3071 123
ntLink_1099 1058 1551 101551 3072 123
ntLink_1099 1058 51551 151551 3073 123
ntLink_109 2098 7686 107686 3074 123
ntLink_109 2098 57686 157686 3075 123
ntLink_109 2098 107686 207686 3076 124
ntLink_10 717 253 100253 3077 124
ntLink_10 717 50253 150253 3078 124
ntLink_1102 912 1290 101290 3079 124
ntLink_1102 912 51290 151290 3080 124
ntLink_1102 912 101290 201290 3081 124
ntLink_1103 2518 1234 101234 3082 124
ntLink_1103 2518 51234 151234 3083 124
ntLink_1103 2518 101234 201234 3084 124
ntLink_1103 2518 151234 251234 3085 124
ntLink_1103 2518 201234 301234 3086 124
ntLink_1103 2518 251234 351234 3087 124
ntLink_1103 2518 301234 401234 3088 124
ntLink_1104 660 2505 102505 3089 124
ntLink_1106 1573 3240 103240 3090 124
ntLink_1106 1573 53240 153240 3091 124
ntLink_1106 1573 103240 203240 3092 124
ntLink_1108 251 3039 103039 3093 124
ntLink_1110 653 1149 101149 3094 124
ntLink_1110 653 51149 151149 3095 124
ntLink_1112 3931 3957 103957 3096 124
ntLink_1112 3931 53957 153957 3097 124
ntLink_1112 3931 103957 203957 3098 124
ntLink_1112 3931 153957 253957 3099 124
ntLink_1112 3931 203957 303957 3100 124
ntLink_1112 3931 253957 353957 3101 125
ntLink_1112 3931 303957 403957 3102 125
ntLink_1112 3931 353957 453957 3103 125
ntLink_1116 1117 304 100304 3104 125
ntLink_1116 1117 50304 150304 3105 125
ntLink_1117 2265 267 100267 3106 125
ntLink_1117 2265 50267 150267 3107 125
ntLink_1117 2265 100267 200267 3108 125
ntLink_1117 2265 150267 250267 3109 125
ntLink_1117 2265 200267 300267 3110 125
ntLink_111 722 149 100149 3111 125
ntLink_1120 2183 332 100332 3112 125
ntLink_1120 2183 50332 150332 3113 125
ntLink_1120 2183 100332 200332 3114 125
ntLink_1120 2183 150332 250332 3115 125
ntLink_1120 2183 200332 300332 3116 125
ntLink_1121 3031 124 100124 3117 125
ntLink_1121 3031 50124 150124 3118 125
ntLink_1121 3031 100124 200124 3119 125
ntLink_1121 3031 150124 250124 3120 125
ntLink_1121 3031 200124 300124 3121 125
ntLink_1121 3031 250124 350124 3122 125
ntLink_1121 3031 300124 400124 3123 125
ntLink_1122 874 5301 105301 3124 125
ntLink_1122 874 55301 155301 3125 125
ntLink_1124 967 2197 102197 3126 126
ntLink_1125 668 3978 103978 3127 126
ntLink_1126 738 562 100562 3128 126
ntLink_1127 1362 553 100553 3129 126
ntLink_1127 1362 50553 150553 3130 126
ntLink_1127 1362 100553 200553 3131 126
ntLink_1129 327 3076 103076 3132 126
ntLink_1129 327 53076 153076 3133 126
ntLink_1129 327 103076 203076 3134 126
ntLink_112 1688 13065 113065 3135 126
ntLink_112 1688 63065 163065 3136 126
ntLink_112 1688 113065 213065 3137 126
ntLink_112 1688 163065 263065 3138 126
ntLink_112 1688 213065 313065 3139 126
ntLink_1130 538 6051 106051 3140 126
ntLink_1130 538 56051 156051 3141 126
ntLink_1131 829 703 100703 3142 126
ntLink_1133 3001 146 100146 3143 126
ntLink_1133 3001 50146 150146 3144 126
ntLink_1133 3001 100146 200146 3145 126
ntLink_1133 3001 150146 250146 3146 126
ntLink_1133 3001 200146 300146 3147 126
ntLink_1133 3001 250146 350146 3148 126
ntLink_1133 3001 300146 400146 3149 126
ntLink_1133 3001 350146 450146 3150 126
ntLink_1133 3001 400146 500146 3151 127
ntLink_1138 765 786 100786 3152 127
ntLink_1138 765 50786 150786 3153 127
ntLink_1138 765 100786 200786 3154 127
ntLink_1141 1730 14459 114459 3155 127
ntLink_1141 1730 64459 164459 3156 127
ntLink_1141 1730 114459 214459 3157 127
ntLink_1141 1730 164459 264459 3158 127
ntLink_1144 440 946 100946 3159 127
ntLink_1146 413 249 100249 3160 127
ntLink_114 2718 3587 103587 3161 127
ntLink_114 2718 53587 153587 3162 127
ntLink_114 2718 103587 203587 3163 127
ntLink_114 2718 153587 253587 3164 127
ntLink_114 2718 203587 303587 3165 127
ntLink_114 2718 253587 353587 3166 127
ntLink_114 2718 303587 403587 3167 127
ntLink_1152 811 2579 102579 3168 127
ntLink_1153 489 242 100242 3169 127
ntLink_1153 489 50242 150242 3170 127
ntLink_1155 799 498 100498 3171 127
ntLink_1155 799 50498 150498 3172 127
ntLink_1158 1118 149 100149 3173 127
ntLink_1158 1118 50149 150149 3174 127
ntLink_1159 2047 303 100303 3175 127
ntLink_1159 2047 50303 150303 3176 128
ntLink_1159 2047 100303 200303 3177 128
ntLink_1159 2047 150303 250303 3178 128
ntLink_1159 2047 200303 300303 3179 128
ntLink_1168 455 10078 110078 3180 128
ntLink_116 869 2006 102006 3181 128
ntLink_116 869 52006 152006 3182 128
ntLink_1170 3106 719 100719 3183 128
ntLink_1170 3106 50719 150719 3184 128
ntLink_1170 3106 100719 200719 3185 128
ntLink_1170 3106 150719 250719 3186 128
ntLink_1170 3106 200719 300719 3187 128
ntLink_1170 3106 250719 350719 3188 128
ntLink_1170 3106 300719 400719 3189 128
ntLink_1170 3106 350719 450719 3190 128
ntLink_1173 454 983 100983 3191 128
ntLink_1177 618 17324 117324 3192 128
ntLink_1178 689 633 100633 3193 128
ntLink_117 1500 670 100670 3194 128
ntLink_117 1500 50670 150670 3195 128
ntLink_117 1500 100670 200670 3196 128
ntLink_117 1500 150670 250670 3197 128
ntLink_1183 840 2068 102068 3198 128
ntLink_1183 840 52068 152068 3199 128
ntLink_1183 840 102068 202068 3200 128
ntLink_1186 407 329 100329 3201 129
ntLink_1187 1374 218 100218 3202 129
ntLink_1187 1374 50218 150218 3203 129
ntLink_1188 1502 1026 101026 3204 129
ntLink_1188 1502 51026 151026 3205 129
ntLink_1188 1502 101026 201026 3206 129
ntLink_118 1183 780 100780 3207 129
ntLink_1194 818 6242 106242 3208 129
ntLink_1194 818 56242 156242 3209 129
ntLink_1196 1998 237 100237 3210 129
ntLink_1196 1998 50237 150237 3211 129
ntLink_1196 1998 100237 200237 3212 129
ntLink_1196 1998 150237 250237 3213 129
ntLink_1196 1998 200237 300237 3214 129
ntLink_1197 639 276 100276 3215 129
ntLink_1197 639 50276 150276 3216 129
ntLink_11 2103 986 100986 3217 129
ntLink_11 2103 50986 150986 3218 129
ntLink_11 2103 100986 200986 3219 129
ntLink_11 2103 150986 250986 3220 129
ntLink_11 2103 200986 300986 3221 129
ntLink_11 2103 250986 350986 3222 129
ntLink_11 2103 300986 400986 3223 129
ntLink_11 2103 350986 450986 3224 129
ntLink_1204 913 372 100372 3225 129
ntLink_1205 598 8657 108657 3226 130
ntLink_1206 872 250 100250 3227 130
ntLink_1206 872 50250 150250 3228 130
ntLink_1207 2017 778 100778 3229 130
ntLink_1207 2017 50778 150778 3230 130
ntLink_1207 2017 100778 200778 3231 130
ntLink_1207 2017 150778 250778 3232 130
ntLink_1207 2017 200778 300778 3233 130
ntLink_1212 1238 11542 111542 3234 130
ntLink_1212 1238 61542 161542 3235 130
ntLink_1213 1097 863 100863 3236 130
ntLink_1213 1097 50863 150863 3237 130
ntLink_1214 1293 212 100212 3238 130
ntLink_1214 1293 50212 150212 3239 130
ntLink_1214 1293 100212 200212 3240 130
ntLink_1215 1092 6850 106850 3241 130
ntLink_1215 1092 56850 156850 3242 130
ntLink_1217 2616 4848 104848 3243 130
ntLink_1217 2616 54848 154848 3244 130
ntLink_1217 2616 104848 204848 3245 130
ntLink_1217 2616 154848 254848 3246 130
ntLink_1217 2616 204848 304848 3247 130
ntLink_1217 2616 254848 354848 3248 130
ntLink_1219 945 652 100652 3249 130
ntLink_121 855 707 100707 3250 130
ntLink_121 855 50707 150707 3251 131
ntLink_121 855 100707 200707 3252 131
ntLink_1220 876 1297 101297 3253 131
ntLink_1223 769 1043 101043 3254 131
ntLink_1223 769 51043 151043 3255 131
ntLink_1224 606 23131 123131 3256 131
ntLink_1225 740 2330 102330 3257 131
ntLink_1229 856 2373 102373 3258 131
ntLink_1229 856 52373 152373 3259 131
ntLink_122 2840 963 100963 3260 131
ntLink_122 2840 50963 150963 3261 131
ntLink_122 2840 100963 200963 3262 131
ntLink_122 2840 150963 250963 3263 131
ntLink_122 2840 200963 300963 3264 131
ntLink_122 2840 250963 350963 3265 131
ntLink_122 2840 300963 400963 3266 131
ntLink_122 2840 350963 450963 3267 131
ntLink_1232 1724 388 100388 3268 131
ntLink_1232 1724 50388 150388 3269 131
ntLink_1235 970 12453 112453 3270 131
ntLink_1236 652 524 100524 3271 131
ntLink_1238 1090 374 100374 3272 131
ntLink_1238 1090 50374 150374 3273 131
ntLink_1238 1090 100374 200374 3274 131
ntLink_1239 1174 245 100245 3275 131
ntLink_1239 1174 50245 150245 3276 132
ntLink_1239 1174 100245 200245 3277 132
ntLink_1240 397 135 100135 3278 132
ntLink_1240 397 50135 150135 3279 132
ntLink_1241 436 127 100127 3280 132
ntLink_1242 2448 996 100996 3281 132
ntLink_1242 2448 50996 150996 3282 132
ntLink_1242 2448 100996 200996 3283 132
ntLink_1242 2448 150996 250996 3284 132
ntLink_1242 2448 200996 300996 3285 132
ntLink_1242 2448 250996 350996 3286 132
ntLink_1242 2448 300996 400996 3287 132
ntLink_1242 2448 350996 450996 3288 132
ntLink_1244 840 377 100377 3289 132
ntLink_1245 1241 1315 101315 3290 132
ntLink_1245 1241 51315 151315 3291 132
ntLink_1246 2317 8477 108477 3292 132
ntLink_1246 2317 58477 158477 3293 132
ntLink_1246 2317 108477 208477 3294 132
ntLink_1246 2317 158477 258477 3295 132
ntLink_1246 2317 208477 308477 3296 132
ntLink_1246 2317 258477 358477 3297 132
ntLink_1246 2317 308477 408477 3298 132
ntLink_1247 2833 300 100300 3299 132
ntLink_1247 2833 50300 150300 3300 132
ntLink_1247 2833 100300 200300 3301 133
ntLink_1247 2833 150300 250300 3302 133
ntLink_1247 2833 200300 300300 3303 133
ntLink_1247 2833 250300 350300 3304 133
ntLink_1249 1718 1550 101550 3305 133
ntLink_1249 1718 51550 151550 3306 133
ntLink_1249 1718 101550 201550 3307 133
ntLink_1249 1718 151550 251550 3308 133
ntLink_124 1453 343 100343 3309 133
ntLink_124 1453 50343 150343 3310 133
ntLink_1253 764 616 100616 3311 133
ntLink_1254 1304 4352 104352 3312 133
ntLink_1254 1304 54352 154352 3313 133
ntLink_1255 1389 2910 102910 3314 133
ntLink_1255 1389 52910 152910 3315 133
ntLink_1255 1389 102910 202910 3316 133
ntLink_1256 758 148 100148 3317 133
ntLink_125 1729 607 100607 3318 133
ntLink_125 1729 50607 150607 3319 133
ntLink_125 1729 100607 200607 3320 133
ntLink_125 1729 150607 250607 3321 133
ntLink_1260 1016 647 100647 3322 133
ntLink_1260 1016 50647 150647 3323 133
ntLink_1261 799 302 100302 3324 133
ntLink_1261 799 50302 150302 3325 133
ntLink_1263 884 364 100364 3326 134
ntLink_1264 1630 1004 101004 3327 134
ntLink_1264 1630 51004 151004 3328 134
ntLink_1264 1630 101004 201004 3329 134
ntLink_1264 1630 151004 251004 3330 134
ntLink_1266 1021 5065 105065 3331 134
ntLink_1266 1021 55065 155065 3332 134
ntLink_1267 774 1159 101159 3333 134
ntLink_1268 990 617 100617 3334 134
ntLink_1268 990 50617 150617 3335 134
ntLink_1268 990 100617 200617 3336 134
ntLink_1269 1624 157 100157 3337 134
ntLink_1269 1624 50157 150157 3338 134
ntLink_1269 1624 100157 200157 3339 134
ntLink_126 689 3432 103432 3340 134
ntLink_126 689 53432 153432 3341 134
ntLink_1271 1146 327 100327 3342 134
ntLink_1271 1146 50327 150327 3343 134
ntLink_1274 1794 340 100340 3344 134
ntLink_1274 1794 50340 150340 3345 134
ntLink_1274 1794 100340 200340 3346 134
ntLink_1278 2169 7528 107528 3347 134
ntLink_1278 2169 57528 157528 3348 134
ntLink_1278 2169 107528 207528 3349 134
ntLink_1278 2169 157528 257528 3350 134
ntLink_1278 2169 207528 307528 3351 135
ntLink_1278 2169 257528 357528 3352 135
ntLink_127 446 2817 102817 3353 135
ntLink_1280 1316 5862 105862 3354 135
ntLink_1280 1316 55862 155862 3355 135
ntLink_1280 1316 105862 205862 3356 135
ntLink_1283 1251 538 100538 3357 135
ntLink_1283 1251 50538 150538 3358 135
ntLink_1285 1777 1027 101027 3359 135
ntLink_1285 1777 51027 151027 3360 135
ntLink_1285 1777 101027 201027 3361 135
ntLink_1285 1777 151027 251027 3362 135
ntLink_1285 1777 201027 301027 3363 135
ntLink_1285 1777 251027 351027 3364 135
ntLink_1286 2901 514 100514 3365 135
ntLink_1286 2901 50514 150514 3366 135
ntLink_1286 2901 100514 200514 3367 135
ntLink_1286 2901 150514 250514 3368 135
ntLink_1286 2901 200514 300514 3369 135
ntLink_1286 2901 250514 350514 3370 135
ntLink_1288 1648 2529 102529 3371 135
ntLink_1288 1648 52529 152529 3372 135
ntLink_1288 1648 102529 202529 3373 135
ntLink_1288 1648 152529 252529 3374 135
ntLink_1291 1488 6085 106085 3375 135
ntLink_1291 1488 56085 156085 3376 136
ntLink_1294 1921 8514 108514 3377 136
ntLink_1294 1921 58514 158514 3378 136
ntLink_1294 1921 108514 208514 3379 136
ntLink_1294 1921 158514 258514 3380 136
ntLink_1294 1921 208514 308514 3381 136
ntLink_1296 825 2682 102682 3382 136
ntLink_1298 1614 15040 115040 3383 136
ntLink_1298 1614 65040 165040 3384 136
ntLink_1298 1614 115040 215040 3385 136
ntLink_1298 1614 165040 265040 3386 136
ntLink_1298 1614 215040 315040 3387 136
ntLink_1298 1614 265040 365040 3388 136
ntLink_129 1698 1614 101614 3389 136
ntLink_129 1698 51614 151614 3390 136
ntLink_129 1698 101614 201614 3391 136
ntLink_12 1319 1256 101256 3392 136
ntLink_12 1319 51256 151256 3393 136
ntLink_12 1319 101256 201256 3394 136
ntLink_12 1319 151256 251256 3395 136
ntLink_12 1319 201256 301256 3396 136
ntLink_12 1319 251256 351256 3397 136
ntLink_1303 791 600 100600 3398 136
ntLink_1306 1456 3530 103530 3399 136
ntLink_1306 1456 53530 153530 3400 136
ntLink_1308 596 4179 104179 3401 137
ntLink_1309 627 292 100292 3402 137
ntLink_1309 627 50292 150292 3403 137
ntLink_130 1326 2941 102941 3404 137
ntLink_130 1326 52941 152941 3405 137
ntLink_130 1326 102941 202941 3406 137
ntLink_1310 382 1610 101610 3407 137
ntLink_1312 756 23424 123424 3408 137
ntLink_1316 1379 378 100378 3409 137
ntLink_1316 1379 50378 150378 3410 137
ntLink_1319 2005 907 100907 3411 137
ntLink_1319 2005 50907 150907 3412 137
ntLink_1319 2005 100907 200907 3413 137
ntLink_1319 2005 150907 250907 3414 137
ntLink_131 1933 5366 105366 3415 137
ntLink_131 1933 55366 155366 3416 137
ntLink_131 1933 105366 205366 3417 137
ntLink_131 1933 155366 255366 3418 137
ntLink_1323 1405 402 100402 3419 137
ntLink_1323 1405 50402 150402 3420 137
ntLink_1323 1405 100402 200402 3421 137
ntLink_1323 1405 150402 250402 3422 137
ntLink_1324 3194 1119 101119 3423 137
ntLink_1324 3194 51119 151119 3424 137
ntLink_1324 3194 101119 201119 3425 137
ntLink_1324 3194 151119 251119 3426 138
ntLink_1324 3194 201119 301119 3427 138
ntLink_1324 3194 251119 351119 3428 138
ntLink_1324 3194 301119 401119 3429 138
ntLink_1324 3194 351119 451119 3430 138
ntLink_1329 554 8967 108967 3431 138
ntLink_1331 1389 278 100278 3432 138
ntLink_1331 1389 50278 150278 3433 138
ntLink_1332 976 16299 116299 3434 138
ntLink_1332 976 66299 166299 3435 138
ntLink_1335 2706 809 100809 3436 138
ntLink_1335 2706 50809 150809 3437 138
ntLink_1335 2706 100809 200809 3438 138
ntLink_1335 2706 150809 250809 3439 138
ntLink_1335 2706 200809 300809 3440 138
ntLink_1337 1657 3789 103789 3441 138
ntLink_1337 1657 53789 153789 3442 138
ntLink_1337 1657 103789 203789 3443 138
ntLink_1337 1657 153789 253789 3444 138
ntLink_1337 1657 203789 303789 3445 138
ntLink_1337 1657 253789 353789 3446 138
ntLink_1339 534 2283 102283 3447 138
ntLink_133 728 2831 102831 3448 138
ntLink_133 728 52831 152831 3449 138
ntLink_1340 1686 826 100826 3450 138
ntLink_1340 1686 50826 150826 3451 139
ntLink_1340 1686 100826 200826 3452 139
ntLink_1340 1686 150826 250826 3453 139
ntLink_1341 301 642 100642 3454 139
ntLink_1342 1786 1686 101686 3455 139
ntLink_1342 1786 51686 151686 3456 139
ntLink_1342 1786 101686 201686 3457 139
ntLink_1342 1786 151686 251686 3458 139
ntLink_1343 952 602 100602 3459 139
ntLink_1343 952 50602 150602 3460 139
ntLink_1347 1586 826 100826 3461 139
ntLink_1347 1586 50826 150826 3462 139
ntLink_1347 1586 100826 200826 3463 139
ntLink_1349 1739 302 100302 3464 139
ntLink_1349 1739 50302 150302 3465 139
ntLink_1349 1739 100302 200302 3466 139
ntLink_1351 1508 267 100267 3467 139
ntLink_1351 1508 50267 150267 3468 139
ntLink_1352 700 1161 101161 3469 139
ntLink_1353 614 552 100552 3470 139
ntLink_1354 1060 2017 102017 3471 139
ntLink_1354 1060 52017 152017 3472 139
ntLink_1355 1205 138 100138 3473 139
ntLink_1355 1205 50138 150138 3474 139
ntLink_1356 1434 280 100280 3475 139
ntLink_1356 1434 50280 150280 3476 140
ntLink_1356 1434 100280 200280 3477 140
ntLink_1357 691 11026 111026 3478 140
ntLink_135 2602 94 100094 3479 140
ntLink_135 2602 50094 150094 3480 140
ntLink_135 2602 100094 200094 3481 140
ntLink_135 2602 150094 250094 3482 140
ntLink_135 2602 200094 300094 3483 140
ntLink_135 2602 250094 350094 3484 140
ntLink_135 2602 300094 400094 3485 140
ntLink_1360 670 417 100417 3486 140
ntLink_1362 613 136 100136 3487 140
ntLink_1363 885 432 100432 3488 140
ntLink_1367 1700 297 100297 3489 140
ntLink_1367 1700 50297 150297 3490 140
ntLink_1367 1700 100297 200297 3491 140
ntLink_1367 1700 150297 250297 3492 140
ntLink_1367 1700 200297 300297 3493 140
ntLink_1369 291 575 100575 3494 140
ntLink_1370 1107 1123 101123 3495 140
ntLink_1371 751 4613 104613 3496 140
ntLink_1372 1696 432 100432 3497 140
ntLink_1372 1696 50432 150432 3498 140
ntLink_1372 1696 100432 200432 3499 140
ntLink_1372 1696 150432 250432 3500 140
ntLink_1374 2016 336 100336 3501 141
ntLink_1374 2016 50336 150336 3502 141
ntLink_1374 2016 100336 200336 3503 141
ntLink_1374 2016 150336 250336 3504 141
ntLink_1375 407 810 100810 3505 141
ntLink_1376 2221 2229 102229 3506 141
ntLink_1376 2221 52229 152229 3507 141
ntLink_1376 2221 102229 202229 3508 141
ntLink_1376 2221 152229 252229 3509 141
ntLink_1376 2221 202229 302229 3510 141
ntLink_1376 2221 252229 352229 3511 141
ntLink_1378 1474 2780 102780 3512 141
ntLink_1378 1474 52780 152780 3513 141
ntLink_1378 1474 102780 202780 3514 141
ntLink_1378 1474 152780 252780 3515 141
ntLink_1379 400 671 100671 3516 141
ntLink_137 1418 255 100255 3517 141
ntLink_137 1418 50255 150255 3518 141
ntLink_1383 1784 1046 101046 3519 141
ntLink_1383 1784 51046 151046 3520 141
ntLink_1383 1784 101046 201046 3521 141
ntLink_1383 1784 151046 251046 3522 141
ntLink_1384 862 2347 102347 3523 141
ntLink_1385 793 431 100431 3524 141
ntLink_138 1229 812 100812 3525 141
ntLink_138 1229 50812 150812 3526 142
ntLink_138 1229 100812 200812 3527 142
ntLink_1391 1940 247 100247 3528 142
ntLink_1391 1940 50247 150247 3529 142
ntLink_1391 1940 100247 200247 3530 142
ntLink_1391 1940 150247 250247 3531 142
ntLink_1392 958 12456 112456 3532 142
ntLink_1392 958 62456 162456 3533 142
ntLink_1392 958 112456 212456 3534 142
ntLink_1394 1945 226 100226 3535 142
ntLink_1394 1945 50226 150226 3536 142
ntLink_1394 1945 100226 200226 3537 142
ntLink_1394 1945 150226 250226 3538 142
ntLink_1394 1945 200226 300226 3539 142
ntLink_1397 1632 1094 101094 3540 142
ntLink_1397 1632 51094 151094 3541 142
ntLink_1397 1632 101094 201094 3542 142
ntLink_1397 1632 151094 251094 3543 142
ntLink_1397 1632 201094 301094 3544 142
ntLink_1399 676 499 100499 3545 142
ntLink_139 2984 427 100427 3546 142
ntLink_139 2984 50427 150427 3547 142
ntLink_139 2984 100427 200427 3548 142
ntLink_139 2984 150427 250427 3549 142
ntLink_139 2984 200427 300427 3550 142
ntLink_139 2984 250427 350427 3551 143
ntLink_1400 888 2246 102246 3552 143
ntLink_1400 888 52246 152246 3553 143
ntLink_1401 1517 329 100329 3554 143
ntLink_1401 1517 50329 150329 3555 143
ntLink_1401 1517 100329 200329 3556 143
ntLink_1402 1633 237 100237 3557 143
ntLink_1402 1633 50237 150237 3558 143
ntLink_1402 1633 100237 200237 3559 143
ntLink_1402 1633 150237 250237 3560 143
Backbone_12557 511 229 100229 3561 143
Backbone_1255 620 260 100260 3562 143
Backbone_12591 1583 18068 118068 3563 143
Backbone_12591 1583 68068 168068 3564 143
Backbone_12591 1583 118068 218068 3565 143
ntLink_1406 3505 682 100682 3566 143
ntLink_1406 3505 50682 150682 3567 143
ntLink_1406 3505 100682 200682 3568 143
ntLink_1406 3505 150682 250682 3569 143
ntLink_1406 3505 200682 300682 3570 143
ntLink_1406 3505 250682 350682 3571 143
ntLink_1406 3505 300682 400682 3572 143
ntLink_1406 3505 350682 450682 3573 143
ntLink_1406 3505 400682 500682 3574 143
ntLink_140 2577 686 100686 3575 143
ntLink_140 2577 50686 150686 3576 144
ntLink_140 2577 100686 200686 3577 144
ntLink_140 2577 150686 250686 3578 144
ntLink_140 2577 200686 300686 3579 144
ntLink_140 2577 250686 350686 3580 144
ntLink_140 2577 300686 400686 3581 144
ntLink_1413 1809 2732 102732 3582 144
ntLink_1413 1809 52732 152732 3583 144
ntLink_1413 1809 102732 202732 3584 144
ntLink_1413 1809 152732 252732 3585 144
ntLink_1413 1809 202732 302732 3586 144
ntLink_1413 1809 252732 352732 3587 144
ntLink_1414 813 70 100070 3588 144
ntLink_1415 1634 31788 131788 3589 144
ntLink_1415 1634 81788 181788 3590 144
ntLink_1415 1634 131788 231788 3591 144
ntLink_1416 2484 1757 101757 3592 144
ntLink_1416 2484 51757 151757 3593 144
ntLink_1416 2484 101757 201757 3594 144
ntLink_1416 2484 151757 251757 3595 144
ntLink_1416 2484 201757 301757 3596 144
ntLink_1418 1519 4750 104750 3597 144
ntLink_1418 1519 54750 154750 3598 144
ntLink_1418 1519 104750 204750 3599 144
ntLink_141 1860 11120 111120 3600 144
ntLink_141 1860 61120 161120 3601 145
ntLink_141 1860 111120 211120 3602 145
ntLink_1420 1346 207 100207 3603 145
ntLink_1420 1346 50207 150207 3604 145
ntLink_1420 1346 100207 200207 3605 145
ntLink_1423 962 841 100841 3606 145
ntLink_1423 962 50841 150841 3607 145
ntLink_1433 2695 1967 101967 3608 145
ntLink_1433 2695 51967 151967 3609 145
ntLink_1433 2695 101967 201967 3610 145
ntLink_1433 2695 151967 251967 3611 145
ntLink_1433 2695 201967 301967 3612 145
ntLink_1433 2695 251967 351967 3613 145
ntLink_1435 537 9347 109347 3614 145
ntLink_1442 377 361 100361 3615 145
ntLink_1446 562 10338 110338 3616 145
ntLink_1448 598 140 100140 3617 145
ntLink_144 1727 738 100738 3618 145
ntLink_144 1727 50738 150738 3619 145
ntLink_144 1727 100738 200738 3620 145
ntLink_144 1727 150738 250738 3621 145
ntLink_144 1727 200738 300738 3622 145
ntLink_144 1727 250738 350738 3623 145
ntLink_1451 2406 1011 101011 3624 145
ntLink_1451 2406 51011 151011 3625 145
ntLink_1451 2406 101011 201011 3626 146
ntLink_1451 2406 151011 251011 3627 146
ntLink_1456 1073 307 100307 3628 146
ntLink_1456 1073 50307 150307 3629 146
ntLink_145 882 5092 105092 3630 146
ntLink_1461 877 6445 106445 3631 146
ntLink_1461 877 56445 156445 3632 146
ntLink_1461 877 106445 206445 3633 146
ntLink_1463 1311 342 100342 3634 146
ntLink_1463 1311 50342 150342 3635 146
ntLink_1464 3780 159 100159 3636 146
ntLink_1464 3780 50159 150159 3637 146
ntLink_1464 3780 100159 200159 3638 146
ntLink_1464 3780 150159 250159 3639 146
ntLink_1464 3780 200159 300159 3640 146
ntLink_1464 3780 250159 350159 3641 146
ntLink_1464 3780 300159 400159 3642 146
ntLink_1464 3780 350159 450159 3643 146
ntLink_1464 3780 400159 500159 3644 146
ntLink_1464 3780 450159 550159 3645 146
ntLink_1464 3780 500159 600159 3646 146
ntLink_1464 3780 550159 650159 3647 146
ntLink_1464 3780 600159 700159 3648 146
ntLink_1467 1279 819 100819 3649 146
ntLink_1467 1279 50819 150819 3650 146
ntLink_1467 1279 100819 200819 3651 147
ntLink_146 1619 3907 103907 3652 147
ntLink_146 1619 53907 153907 3653 147
ntLink_146 1619 103907 203907 3654 147
ntLink_1470 721 307 100307 3655 147
ntLink_1472 838 396 100396 3656 147
ntLink_1472 838 50396 150396 3657 147
ntLink_147 4993 391 100391 3658 147
ntLink_147 4993 50391 150391 3659 147
ntLink_147 4993 100391 200391 3660 147
ntLink_147 4993 150391 250391 3661 147
ntLink_147 4993 200391 300391 3662 147
ntLink_147 4993 250391 350391 3663 147
ntLink_147 4993 300391 400391 3664 147
ntLink_147 4993 350391 450391 3665 147
ntLink_147 4993 400391 500391 3666 147
ntLink_147 4993 450391 550391 3667 147
ntLink_147 4993 500391 600391 3668 147
ntLink_147 4993 550391 650391 3669 147
ntLink_1480 411 361 100361 3670 147
ntLink_1482 694 279 100279 3671 147
ntLink_1487 1457 869 100869 3672 147
ntLink_1487 1457 50869 150869 3673 147
ntLink_1487 1457 100869 200869 3674 147
ntLink_1493 963 11684 111684 3675 147
ntLink_1495 521 192 100192 3676 148
ntLink_1496 784 568 100568 3677 148
ntLink_14 4045 329 100329 3678 148
ntLink_14 4045 50329 150329 3679 148
ntLink_14 4045 100329 200329 3680 148
ntLink_14 4045 150329 250329 3681 148
ntLink_14 4045 200329 300329 3682 148
ntLink_14 4045 250329 350329 3683 148
ntLink_14 4045 300329 400329 3684 148
ntLink_14 4045 350329 450329 3685 148
ntLink_14 4045 400329 500329 3686 148
ntLink_14 4045 450329 550329 3687 148
ntLink_14 4045 500329 600329 3688 148
ntLink_1503 1186 1127 101127 3689 148
ntLink_1503 1186 51127 151127 3690 148
ntLink_1504 977 27739 127739 3691 148
ntLink_1506 268 3736 103736 3692 148
ntLink_150 4801 690 100690 3693 148
ntLink_150 4801 50690 150690 3694 148
ntLink_150 4801 100690 200690 3695 148
ntLink_150 4801 150690 250690 3696 148
ntLink_150 4801 200690 300690 3697 148
ntLink_150 4801 250690 350690 3698 148
ntLink_150 4801 300690 400690 3699 148
ntLink_150 4801 350690 450690 3700 148
ntLink_150 4801 400690 500690 3701 149
ntLink_150 4801 450690 550690 3702 149
ntLink_150 4801 500690 600690 3703 149
ntLink_150 4801 550690 650690 3704 149
ntLink_151 2091 9495 109495 3705 149
ntLink_151 2091 59495 159495 3706 149
ntLink_151 2091 109495 209495 3707 149
ntLink_151 2091 159495 259495 3708 149
ntLink_1522 807 1907 101907 3709 149
ntLink_1522 807 51907 151907 3710 149
ntLink_1522 807 101907 201907 3711 149
ntLink_1523 1909 5168 105168 3712 149
ntLink_1523 1909 55168 155168 3713 149
ntLink_1523 1909 105168 205168 3714 149
ntLink_1523 1909 155168 255168 3715 149
ntLink_152 1119 644 100644 3716 149
ntLink_152 1119 50644 150644 3717 149
ntLink_1533 568 56 100056 3718 149
ntLink_1537 1003 333 100333 3719 149
ntLink_1537 1003 50333 150333 3720 149
ntLink_153 767 355 100355 3721 149
ntLink_153 767 50355 150355 3722 149
ntLink_153 767 100355 200355 3723 149
ntLink_1542 672 2119 102119 3724 149
ntLink_1545 2498 7270 107270 3725 149
ntLink_1545 2498 57270 157270 3726 150
ntLink_1545 2498 107270 207270 3727 150
ntLink_1545 2498 157270 257270 3728 150
ntLink_1545 2498 207270 307270 3729 150
ntLink_1545 2498 257270 357270 3730 150
ntLink_154 1050 1601 101601 3731 150
ntLink_154 1050 51601 151601 3732 150
ntLink_1550 1299 3451 103451 3733 150
ntLink_1550 1299 53451 153451 3734 150
ntLink_1557 1768 121 100121 3735 150
ntLink_1557 1768 50121 150121 3736 150
ntLink_1557 1768 100121 200121 3737 150
ntLink_1557 1768 150121 250121 3738 150
ntLink_1560 1236 2454 102454 3739 150
ntLink_1560 1236 52454 152454 3740 150
ntLink_1560 1236 102454 202454 3741 150
ntLink_1560 1236 152454 252454 3742 150
ntLink_1563 1492 538 100538 3743 150
ntLink_1563 1492 50538 150538 3744 150
ntLink_1563 1492 100538 200538 3745 150
ntLink_1563 1492 150538 250538 3746 150
ntLink_1568 656 5033 105033 3747 150
ntLink_1569 792 5079 105079 3748 150
ntLink_1574 1117 1459 101459 3749 150
ntLink_1577 2133 327 100327 3750 150
ntLink_1577 2133 50327 150327 3751 151
ntLink_1577 2133 100327 200327 3752 151
ntLink_1577 2133 150327 250327 3753 151
ntLink_1577 2133 200327 300327 3754 151
ntLink_157 473 248 100248 3755 151
ntLink_1581 987 2340 102340 3756 151
ntLink_1581 987 52340 152340 3757 151
ntLink_1584 638 840 100840 3758 151
ntLink_1585 1353 248 100248 3759 151
ntLink_1585 1353 50248 150248 3760 151
ntLink_1586 871 2671 102671 3761 151
ntLink_1586 871 52671 152671 3762 151
ntLink_1589 1052 17139 117139 3763 151
ntLink_1589 1052 67139 167139 3764 151
ntLink_158 2820 2988 102988 3765 151
ntLink_158 2820 52988 152988 3766 151
ntLink_158 2820 102988 202988 3767 151
ntLink_158 2820 152988 252988 3768 151
ntLink_158 2820 202988 302988 3769 151
ntLink_158 2820 252988 352988 3770 151
ntLink_158 2820 302988 402988 3771 151
ntLink_1592 838 551 100551 3772 151
ntLink_1592 838 50551 150551 3773 151
ntLink_1597 646 230 100230 3774 151
ntLink_1597 646 50230 150230 3775 151
ntLink_1599 410 402 100402 3776 152
ntLink_159 3209 320 100320 3777 152
ntLink_159 3209 50320 150320 3778 152
ntLink_159 3209 100320 200320 3779 152
ntLink_159 3209 150320 250320 3780 152
ntLink_159 3209 200320 300320 3781 152
ntLink_159 3209 250320 350320 3782 152
ntLink_159 3209 300320 400320 3783 152
ntLink_159 3209 350320 450320 3784 152
ntLink_159 3209 400320 500320 3785 152
ntLink_15 648 771 100771 3786 152
ntLink_15 648 50771 150771 3787 152
ntLink_1600 981 11158 111158 3788 152
ntLink_1603 740 473 100473 3789 152
ntLink_1608 1799 750 100750 3790 152
ntLink_1608 1799 50750 150750 3791 152
ntLink_1608 1799 100750 200750 3792 152
ntLink_1609 549 10376 110376 3793 152
ntLink_1617 1087 497 100497 3794 152
ntLink_1617 1087 50497 150497 3795 152
ntLink_1617 1087 100497 200497 3796 152
ntLink_161 1554 1568 101568 3797 152
ntLink_161 1554 51568 151568 3798 152
ntLink_161 1554 101568 201568 3799 152
ntLink_161 1554 151568 251568 3800 152
ntLink_1625 2850 186 100186 3801 153
ntLink_1625 2850 50186 150186 3802 153
ntLink_1625 2850 100186 200186 3803 153
ntLink_1625 2850 150186 250186 3804 153
ntLink_1625 2850 200186 300186 3805 153
ntLink_162 2053 311 100311 3806 153
ntLink_162 2053 50311 150311 3807 153
ntLink_162 2053 100311 200311 3808 153
ntLink_162 2053 150311 250311 3809 153
ntLink_1632 1661 957 100957 3810 153
ntLink_1632 1661 50957 150957 3811 153
ntLink_1632 1661 100957 200957 3812 153
ntLink_1634 909 129 100129 3813 153
ntLink_163 903 7553 107553 3814 153
ntLink_163 903 57553 157553 3815 153
ntLink_163 903 107553 207553 3816 153
ntLink_163 903 157553 257553 3817 153
ntLink_1644 1308 978 100978 3818 153
ntLink_1644 1308 50978 150978 3819 153
ntLink_1644 1308 100978 200978 3820 153
ntLink_1644 1308 150978 250978 3821 153
ntLink_1647 1111 1646 101646 3822 153
ntLink_1648 956 236 100236 3823 153
ntLink_1648 956 50236 150236 3824 153
ntLink_1649 1396 468 100468 3825 153
ntLink_1649 1396 50468 150468 3826 154
ntLink_1649 1396 100468 200468 3827 154
ntLink_164 1142 654 100654 3828 154
ntLink_164 1142 50654 150654 3829 154
ntLink_1650 893 301 100301 3830 154
ntLink_1651 1271 450 100450 3831 154
ntLink_1653 653 1107 101107 3832 154
ntLink_1657 717 3481 103481 3833 154
ntLink_1666 1202 351 100351 3834 154
ntLink_166 802 287 100287 3835 154
ntLink_166 802 50287 150287 3836 154
ntLink_166 802 100287 200287 3837 154
ntLink_1673 1445 314 100314 3838 154
ntLink_1673 1445 50314 150314 3839 154
ntLink_1673 1445 100314 200314 3840 154
ntLink_1679 611 316 100316 3841 154
ntLink_1683 1324 185 100185 3842 154
ntLink_1683 1324 50185 150185 3843 154
ntLink_1684 1088 404 100404 3844 154
ntLink_1685 1296 1437 101437 3845 154
ntLink_1685 1296 51437 151437 3846 154
ntLink_1685 1296 101437 201437 3847 154
ntLink_1686 1809 905 100905 3848 154
ntLink_1686 1809 50905 150905 3849 154
ntLink_1686 1809 100905 200905 3850 154
ntLink_1686 1809 150905 250905 3851 155
ntLink_168 808 2728 102728 3852 155
ntLink_1690 1240 4905 104905 3853 155
ntLink_1690 1240 54905 154905 3854 155
ntLink_1692 551 11558 111558 3855 155
ntLink_1692 551 61558 161558 3856 155
ntLink_1693 1091 997 100997 3857 155
ntLink_1693 1091 50997 150997 3858 155
ntLink_169 2736 89 100089 3859 155
ntLink_169 2736 50089 150089 3860 155
ntLink_169 2736 100089 200089 3861 155
ntLink_169 2736 150089 250089 3862 155
ntLink_169 2736 200089 300089 3863 155
ntLink_169 2736 250089 350089 3864 155
ntLink_169 2736 300089 400089 3865 155
ntLink_169 2736 350089 450089 3866 155
ntLink_1700 2629 2269 102269 3867 155
ntLink_1700 2629 52269 152269 3868 155
ntLink_1700 2629 102269 202269 3869 155
ntLink_1700 2629 152269 252269 3870 155
ntLink_1700 2629 202269 302269 3871 155
ntLink_1700 2629 252269 352269 3872 155
ntLink_1703 1269 843 100843 3873 155
ntLink_1703 1269 50843 150843 3874 155
ntLink_171 2019 3993 103993 3875 155
ntLink_171 2019 53993 153993 3876 156
ntLink_171 2019 103993 203993 3877 156
ntLink_171 2019 153993 253993 3878 156
ntLink_171 2019 203993 303993 3879 156
ntLink_1723 1201 5867 105867 3880 156
ntLink_1723 1201 55867 155867 3881 156
ntLink_1727 627 775 100775 3882 156
ntLink_1728 514 130 100130 3883 156
ntLink_1728 514 50130 150130 3884 156
ntLink_1729 344 20595 120595 3885 156
ntLink_1733 2548 1634 101634 3886 156
ntLink_1733 2548 51634 151634 3887 156
ntLink_1733 2548 101634 201634 3888 156
ntLink_1733 2548 151634 251634 3889 156
ntLink_1733 2548 201634 301634 3890 156
ntLink_1733 2548 251634 351634 3891 156
ntLink_1736 1071 225 100225 3892 156
ntLink_1736 1071 50225 150225 3893 156
ntLink_1736 1071 100225 200225 3894 156
ntLink_173 1622 189 100189 3895 156
ntLink_173 1622 50189 150189 3896 156
ntLink_173 1622 100189 200189 3897 156
ntLink_173 1622 150189 250189 3898 156
ntLink_173 1622 200189 300189 3899 156
ntLink_173 1622 250189 350189 3900 156
ntLink_173 1622 300189 400189 3901 157
ntLink_173 1622 350189 450189 3902 157
ntLink_173 1622 400189 500189 3903 157
ntLink_173 1622 450189 550189 3904 157
ntLink_1745 1061 297 100297 3905 157
ntLink_1745 1061 50297 150297 3906 157
ntLink_174 572 477 100477 3907 157
ntLink_175 1371 4519 104519 3908 157
ntLink_175 1371 54519 154519 3909 157
ntLink_175 1371 104519 204519 3910 157
ntLink_1761 870 399 100399 3911 157
ntLink_1761 870 50399 150399 3912 157
ntLink_1763 822 21907 121907 3913 157
ntLink_1764 2148 4732 104732 3914 157
ntLink_1764 2148 54732 154732 3915 157
ntLink_1764 2148 104732 204732 3916 157
ntLink_1764 2148 154732 254732 3917 157
ntLink_1764 2148 204732 304732 3918 157
ntLink_176 552 1326 101326 3919 157
ntLink_176 552 51326 151326 3920 157
ntLink_176 552 101326 201326 3921 157
Backbone_12638 521 274 100274 3922 157
Backbone_12644 947 1325 101325 3923 157
Backbone_12644 947 51325 151325 3924 157
Backbone_1264 1833 4010 104010 3925 157
Backbone_1264 1833 54010 154010 3926 158
Backbone_1264 1833 104010 204010 3927 158
Backbone_1264 1833 154010 254010 3928 158
ntLink_1774 797 3302 103302 3929 158
ntLink_1774 797 53302 153302 3930 158
ntLink_1778 3001 6210 106210 3931 158
ntLink_1778 3001 56210 156210 3932 158
ntLink_1778 3001 106210 206210 3933 158
ntLink_1778 3001 156210 256210 3934 158
ntLink_1778 3001 206210 306210 3935 158
ntLink_1778 3001 256210 356210 3936 158
ntLink_1778 3001 306210 406210 3937 158
ntLink_1778 3001 356210 456210 3938 158
ntLink_1778 3001 406210 506210 3939 158
ntLink_1778 3001 456210 556210 3940 158
ntLink_1778 3001 506210 606210 3941 158
ntLink_177 432 18307 118307 3942 158
ntLink_1780 701 200 100200 3943 158
ntLink_1796 1254 3113 103113 3944 158
ntLink_1796 1254 53113 153113 3945 158
ntLink_1797 463 4702 104702 3946 158
ntLink_1797 463 54702 154702 3947 158
ntLink_179 1838 94 100094 3948 158
ntLink_179 1838 50094 150094 3949 158
ntLink_179 1838 100094 200094 3950 158
ntLink_179 1838 150094 250094 3951 159
ntLink_179 1838 200094 300094 3952 159
ntLink_17 3075 560 100560 3953 159
ntLink_17 3075 50560 150560 3954 159
ntLink_17 3075 100560 200560 3955 159
ntLink_17 3075 150560 250560 3956 159
ntLink_17 3075 200560 300560 3957 159
ntLink_17 3075 250560 350560 3958 159
ntLink_17 3075 300560 400560 3959 159
ntLink_1800 580 6218 106218 3960 159
ntLink_1803 1377 7352 107352 3961 159
ntLink_1803 1377 57352 157352 3962 159
ntLink_1803 1377 107352 207352 3963 159
ntLink_1804 980 2442 102442 3964 159
ntLink_1804 980 52442 152442 3965 159
ntLink_1806 380 2116 102116 3966 159
ntLink_1808 832 739 100739 3967 159
ntLink_1810 1195 484 100484 3968 159
ntLink_1814 1266 1893 101893 3969 159
ntLink_1814 1266 51893 151893 3970 159
ntLink_1814 1266 101893 201893 3971 159
ntLink_1814 1266 151893 251893 3972 159
ntLink_181 886 716 100716 3973 159
ntLink_181 886 50716 150716 3974 159
ntLink_181 886 100716 200716 3975 159
ntLink_181 886 150716 250716 3976 160
ntLink_1820 1579 2603 102603 3977 160
ntLink_1820 1579 52603 152603 3978 160
ntLink_1822 1078 4590 104590 3979 160
ntLink_1827 738 337 100337 3980 160
ntLink_1827 738 50337 150337 3981 160
ntLink_1828 1029 459 100459 3982 160
ntLink_1828 1029 50459 150459 3983 160
ntLink_1833 556 420 100420 3984 160
ntLink_1843 1637 455 100455 3985 160
ntLink_1843 1637 50455 150455 3986 160
ntLink_1843 1637 100455 200455 3987 160
ntLink_1843 1637 150455 250455 3988 160
ntLink_1848 768 606 100606 3989 160
ntLink_184 1028 134 100134 3990 160
ntLink_184 1028 50134 150134 3991 160
ntLink_1855 604 896 100896 3992 160
ntLink_1856 221 820 100820 3993 160
ntLink_185 840 1726 101726 3994 160
ntLink_1865 1512 1091 101091 3995 160
ntLink_1865 1512 51091 151091 3996 160
ntLink_1871 1398 9034 109034 3997 160
ntLink_1871 1398 59034 159034 3998 160
ntLink_1871 1398 109034 209034 3999 160
ntLink_1871 1398 159034 259034 4000 160
ntLink_1873 700 848 100848 4001 161
ntLink_1876 413 5364 105364 4002 161
ntLink_1878 1054 335 100335 4003 161
ntLink_187 1674 1375 101375 4004 161
ntLink_187 1674 51375 151375 4005 161
ntLink_187 1674 101375 201375 4006 161
ntLink_187 1674 151375 251375 4007 161
ntLink_187 1674 201375 301375 4008 161
ntLink_1880 1041 1212 101212 4009 161
ntLink_1880 1041 51212 151212 4010 161
ntLink_1885 1310 937 100937 4011 161
ntLink_1885 1310 50937 150937 4012 161
ntLink_1885 1310 100937 200937 4013 161
ntLink_188 1967 499 100499 4014 161
ntLink_188 1967 50499 150499 4015 161
ntLink_188 1967 100499 200499 4016 161
ntLink_188 1967 150499 250499 4017 161
ntLink_1890 809 272 100272 4018 161
ntLink_1890 809 50272 150272 4019 161
ntLink_1898 485 5560 105560 4020 161
ntLink_1898 485 55560 155560 4021 161
ntLink_18 3228 5331 105331 4022 161
ntLink_18 3228 55331 155331 4023 161
ntLink_18 3228 105331 205331 4024 161
ntLink_18 3228 155331 255331 4025 161
ntLink_18 3228 205331 305331 4026 162
ntLink_18 3228 255331 355331 4027 162
ntLink_18 3228 305331 405331 4028 162
ntLink_18 3228 355331 455331 4029 162
ntLink_18 3228 405331 505331 4030 162
ntLink_1900 782 2920 102920 4031 162
ntLink_1901 785 349 100349 4032 162
ntLink_1904 973 365 100365 4033 162
ntLink_1909 1331 16010 116010 4034 162
ntLink_1909 1331 66010 166010 4035 162
ntLink_1909 1331 116010 216010 4036 162
ntLink_190 752 1289 101289 4037 162
ntLink_190 752 51289 151289 4038 162
ntLink_1910 672 14972 114972 4039 162
ntLink_1913 1832 7726 107726 4040 162
ntLink_1913 1832 57726 157726 4041 162
ntLink_1913 1832 107726 207726 4042 162
ntLink_1913 1832 157726 257726 4043 162
ntLink_1913 1832 207726 307726 4044 162
ntLink_1920 933 686 100686 4045 162
ntLink_1920 933 50686 150686 4046 162
ntLink_1923 794 140 100140 4047 162
ntLink_1924 1247 89 100089 4048 162
ntLink_1924 1247 50089 150089 4049 162
ntLink_1925 1948 1987 101987 4050 162
ntLink_1925 1948 51987 151987 4051 163
ntLink_1925 1948 101987 201987 4052 163
ntLink_1925 1948 151987 251987 4053 163
ntLink_1925 1948 201987 301987 4054 163
ntLink_1926 671 572 100572 4055 163
ntLink_193 2246 9858 109858 4056 163
ntLink_193 2246 59858 159858 4057 163
ntLink_193 2246 109858 209858 4058 163
ntLink_193 2246 159858 259858 4059 163
ntLink_193 2246 209858 309858 4060 163
ntLink_1940 246 2169 102169 4061 163
ntLink_1942 1374 858 100858 4062 163
ntLink_1942 1374 50858 150858 4063 163
ntLink_1943 803 1799 101799 4064 163
ntLink_1944 840 1593 101593 4065 163
ntLink_1944 840 51593 151593 4066 163
ntLink_1944 840 101593 201593 4067 163
ntLink_1946 2516 398 100398 4068 163
ntLink_1946 2516 50398 150398 4069 163
ntLink_1946 2516 100398 200398 4070 163
ntLink_1946 2516 150398 250398 4071 163
ntLink_1946 2516 200398 300398 4072 163
ntLink_1946 2516 250398 350398 4073 163
ntLink_1946 2516 300398 400398 4074 163
ntLink_1955 2463 546 100546 4075 163
ntLink_1955 2463 50546 150546 4076 164
ntLink_1955 2463 100546 200546 4077 164
ntLink_1955 2463 150546 250546 4078 164
ntLink_195 2531 1141 101141 4079 164
ntLink_195 2531 51141 151141 4080 164
ntLink_195 2531 101141 201141 4081 164
ntLink_195 2531 151141 251141 4082 164
ntLink_195 2531 201141 301141 4083 164
ntLink_195 2531 251141 351141 4084 164
ntLink_195 2531 301141 401141 4085 164
ntLink_1965 1198 361 100361 4086 164
ntLink_1965 1198 50361 150361 4087 164
ntLink_1965 1198 100361 200361 4088 164
ntLink_1965 1198 150361 250361 4089 164
ntLink_1965 1198 200361 300361 4090 164
ntLink_1965 1198 250361 350361 4091 164
ntLink_1968 1663 7442 107442 4092 164
ntLink_1968 1663 57442 157442 4093 164
ntLink_1968 1663 107442 207442 4094 164
ntLink_1968 1663 157442 257442 4095 164
ntLink_196 1024 1262 101262 4096 164
ntLink_196 1024 51262 151262 4097 164
ntLink_1970 586 563 100563 4098 164
ntLink_1971 689 4266 104266 4099 164
ntLink_1972 1086 348 100348 4100 164
ntLink_1972 1086 50348 150348 4101 165
ntLink_1976 2380 321 100321 4102 165
ntLink_1976 2380 50321 150321 4103 165
ntLink_1976 2380 100321 200321 4104 165
ntLink_1976 2380 150321 250321 4105 165
ntLink_1976 2380 200321 300321 4106 165
ntLink_1977 701 938 100938 4107 165
ntLink_197 2560 21078 121078 4108 165
ntLink_197 2560 71078 171078 4109 165
ntLink_197 2560 121078 221078 4110 165
ntLink_197 2560 171078 271078 4111 165
ntLink_197 2560 221078 321078 4112 165
ntLink_197 2560 271078 371078 4113 165
ntLink_1982 375 8330 108330 4114 165
ntLink_1985 1052 233 100233 4115 165
ntLink_1985 1052 50233 150233 4116 165
ntLink_1987 2017 1369 101369 4117 165
ntLink_1987 2017 51369 151369 4118 165
ntLink_1987 2017 101369 201369 4119 165
ntLink_1987 2017 151369 251369 4120 165
ntLink_1993 2035 217 100217 4121 165
ntLink_1993 2035 50217 150217 4122 165
ntLink_1993 2035 100217 200217 4123 165
ntLink_1993 2035 150217 250217 4124 165
ntLink_1999 658 1033 101033 4125 165
ntLink_199 1301 1006 101006 4126 166
ntLink_199 1301 51006 151006 4127 166
ntLink_199 1301 101006 201006 4128 166
ntLink_199 1301 151006 251006 4129 166
ntLink_1 4312 3309 103309 4130 166
ntLink_1 4312 53309 153309 4131 166
ntLink_1 4312 103309 203309 4132 166
ntLink_1 4312 153309 253309 4133 166
ntLink_1 4312 203309 303309 4134 166
ntLink_1 4312 253309 353309 4135 166
ntLink_1 4312 303309 403309 4136 166
ntLink_1 4312 353309 453309 4137 166
ntLink_1 4312 403309 503309 4138 166
ntLink_1 4312 453309 553309 4139 166
ntLink_1 4312 503309 603309 4140 166
ntLink_1 4312 553309 653309 4141 166
ntLink_2001 827 1437 101437 4142 166
ntLink_2001 827 51437 151437 4143 166
ntLink_2003 1737 500 100500 4144 166
ntLink_2003 1737 50500 150500 4145 166
ntLink_2003 1737 100500 200500 4146 166
ntLink_2003 1737 150500 250500 4147 166
ntLink_2006 1336 14296 114296 4148 166
ntLink_2011 907 1244 101244 4149 166
ntLink_2011 907 51244 151244 4150 166
ntLink_2011 907 101244 201244 4151 167
ntLink_2014 3758 3967 103967 4152 167
ntLink_2014 3758 53967 153967 4153 167
ntLink_2014 3758 103967 203967 4154 167
ntLink_2014 3758 153967 253967 4155 167
ntLink_2014 3758 203967 303967 4156 167
ntLink_2014 3758 253967 353967 4157 167
ntLink_2014 3758 303967 403967 4158 167
ntLink_2014 3758 353967 453967 4159 167
ntLink_2014 3758 403967 503967 4160 167
ntLink_2014 3758 453967 553967 4161 167
ntLink_2018 4138 1381 101381 4162 167
ntLink_2018 4138 51381 151381 4163 167
ntLink_2018 4138 101381 201381 4164 167
ntLink_2018 4138 151381 251381 4165 167
ntLink_2018 4138 201381 301381 4166 167
ntLink_2018 4138 251381 351381 4167 167
ntLink_2018 4138 301381 401381 4168 167
ntLink_2018 4138 351381 451381 4169 167
ntLink_2018 4138 401381 501381 4170 167
ntLink_2021 739 2352 102352 4171 167
ntLink_2022 1013 101 100101 4172 167
ntLink_2023 620 745 100745 4173 167
ntLink_2027 1828 2306 102306 4174 167
ntLink_2027 1828 52306 152306 4175 167
ntLink_2027 1828 102306 202306 4176 168
ntLink_2027 1828 152306 252306 4177 168
ntLink_2027 1828 202306 302306 4178 168
ntLink_202 1853 183 100183 4179 168
ntLink_202 1853 50183 150183 4180 168
ntLink_202 1853 100183 200183 4181 168
ntLink_202 1853 150183 250183 4182 168
ntLink_2034 1458 1218 101218 4183 168
ntLink_2034 1458 51218 151218 4184 168
ntLink_2035 1145 519 100519 4185 168
ntLink_2035 1145 50519 150519 4186 168
ntLink_2039 1534 333 100333 4187 168
ntLink_2039 1534 50333 150333 4188 168
ntLink_2039 1534 100333 200333 4189 168
ntLink_2039 1534 150333 250333 4190 168
ntLink_2039 1534 200333 300333 4191 168
ntLink_2039 1534 250333 350333 4192 168
ntLink_2039 1534 300333 400333 4193 168
ntLink_203 1865 160 100160 4194 168
ntLink_203 1865 50160 150160 4195 168
ntLink_203 1865 100160 200160 4196 168
ntLink_2043 935 4510 104510 4197 168
ntLink_2045 1265 303 100303 4198 168
ntLink_2045 1265 50303 150303 4199 168
ntLink_2051 552 2701 102701 4200 168
ntLink_2058 1944 6701 106701 4201 169
ntLink_2058 1944 56701 156701 4202 169
ntLink_2058 1944 106701 206701 4203 169
ntLink_2058 1944 156701 256701 4204 169
ntLink_2059 931 184 100184 4205 169
ntLink_2059 931 50184 150184 4206 169
ntLink_206 2955 13592 113592 4207 169
ntLink_206 2955 63592 163592 4208 169
ntLink_206 2955 113592 213592 4209 169
ntLink_206 2955 163592 263592 4210 169
ntLink_206 2955 213592 313592 4211 169
ntLink_206 2955 263592 363592 4212 169
ntLink_206 2955 313592 413592 4213 169
ntLink_206 2955 363592 463592 4214 169
ntLink_206 2955 413592 513592 4215 169
ntLink_2070 1262 208 100208 4216 169
ntLink_2070 1262 50208 150208 4217 169
ntLink_2072 946 4653 104653 4218 169
ntLink_2072 946 54653 154653 4219 169
ntLink_207 1260 453 100453 4220 169
ntLink_207 1260 50453 150453 4221 169
ntLink_207 1260 100453 200453 4222 169
ntLink_207 1260 150453 250453 4223 169
ntLink_2080 965 336 100336 4224 169
ntLink_2083 1043 464 100464 4225 169
ntLink_2083 1043 50464 150464 4226 170
ntLink_2085 1369 444 100444 4227 170
ntLink_2085 1369 50444 150444 4228 170
ntLink_2085 1369 100444 200444 4229 170
ntLink_2088 1442 300 100300 4230 170
ntLink_2088 1442 50300 150300 4231 170
ntLink_2091 1676 368 100368 4232 170
ntLink_2091 1676 50368 150368 4233 170
ntLink_2091 1676 100368 200368 4234 170
ntLink_2091 1676 150368 250368 4235 170
ntLink_2098 705 12609 112609 4236 170
ntLink_2099 1065 768 100768 4237 170
ntLink_209 6187 263 100263 4238 170
ntLink_209 6187 50263 150263 4239 170
ntLink_209 6187 100263 200263 4240 170
ntLink_209 6187 150263 250263 4241 170
ntLink_209 6187 200263 300263 4242 170
ntLink_209 6187 250263 350263 4243 170
ntLink_209 6187 300263 400263 4244 170
ntLink_209 6187 350263 450263 4245 170
ntLink_209 6187 400263 500263 4246 170
ntLink_209 6187 450263 550263 4247 170
ntLink_209 6187 500263 600263 4248 170
ntLink_209 6187 550263 650263 4249 170
ntLink_209 6187 600263 700263 4250 170
ntLink_209 6187 650263 750263 4251 171
ntLink_210 1560 321 100321 4252 171
ntLink_210 1560 50321 150321 4253 171
ntLink_2111 1692 588 100588 4254 171
ntLink_2111 1692 50588 150588 4255 171
ntLink_2111 1692 100588 200588 4256 171
ntLink_2114 424 1260 101260 4257 171
ntLink_2116 1306 697 100697 4258 171
ntLink_2116 1306 50697 150697 4259 171
ntLink_2116 1306 100697 200697 4260 171
ntLink_2119 211 5461 105461 4261 171
ntLink_211 1051 1445 101445 4262 171
ntLink_211 1051 51445 151445 4263 171
ntLink_2124 663 25224 125224 4264 171
ntLink_2124 663 75224 175224 4265 171
Backbone_12666 1067 9406 109406 4266 171
Backbone_12666 1067 59406 159406 4267 171
Backbone_12673 553 974 100974 4268 171
Backbone_12680 898 370 100370 4269 171
Backbone_12698 658 9457 109457 4270 171
Backbone_12698 658 59457 159457 4271 171
Backbone_12705 933 218 100218 4272 171
Backbone_12705 933 50218 150218 4273 171
Backbone_12708 1762 16784 116784 4274 171
Backbone_12708 1762 66784 166784 4275 171
Backbone_12708 1762 116784 216784 4276 172
Backbone_1270 906 419 100419 4277 172
Backbone_12714 910 341 100341 4278 172
ntLink_2141 2362 262 100262 4279 172
ntLink_2141 2362 50262 150262 4280 172
ntLink_2141 2362 100262 200262 4281 172
ntLink_2141 2362 150262 250262 4282 172
ntLink_2141 2362 200262 300262 4283 172
ntLink_2142 394 193 100193 4284 172
ntLink_2143 623 1240 101240 4285 172
ntLink_2145 1451 1456 101456 4286 172
ntLink_2145 1451 51456 151456 4287 172
ntLink_2145 1451 101456 201456 4288 172
ntLink_2145 1451 151456 251456 4289 172
ntLink_2148 1267 105 100105 4290 172
ntLink_2148 1267 50105 150105 4291 172
ntLink_2148 1267 100105 200105 4292 172
ntLink_214 2294 291 100291 4293 172
ntLink_214 2294 50291 150291 4294 172
ntLink_214 2294 100291 200291 4295 172
ntLink_214 2294 150291 250291 4296 172
ntLink_214 2294 200291 300291 4297 172
ntLink_214 2294 250291 350291 4298 172
ntLink_214 2294 300291 400291 4299 172
ntLink_2151 1884 3119 103119 4300 172
ntLink_2151 1884 53119 153119 4301 173
ntLink_2151 1884 103119 203119 4302 173
ntLink_2151 1884 153119 253119 4303 173
ntLink_2151 1884 203119 303119 4304 173
ntLink_2151 1884 253119 353119 4305 173
ntLink_2152 590 193 100193 4306 173
ntLink_2156 1259 335 100335 4307 173
ntLink_2156 1259 50335 150335 4308 173
ntLink_215 2461 357 100357 4309 173
ntLink_215 2461 50357 150357 4310 173
ntLink_215 2461 100357 200357 4311 173
ntLink_215 2461 150357 250357 4312 173
ntLink_215 2461 200357 300357 4313 173
ntLink_215 2461 250357 350357 4314 173
ntLink_215 2461 300357 400357 4315 173
ntLink_215 2461 350357 450357 4316 173
ntLink_2162 709 346 100346 4317 173
ntLink_2166 1479 3783 103783 4318 173
ntLink_2166 1479 53783 153783 4319 173
ntLink_2166 1479 103783 203783 4320 173
ntLink_2168 503 221 100221 4321 173
ntLink_2169 937 340 100340 4322 173
ntLink_2169 937 50340 150340 4323 173
ntLink_216 528 4662 104662 4324 173
ntLink_216 528 54662 154662 4325 173
ntLink_2173 942 201 100201 4326 174
ntLink_2173 942 50201 150201 4327 174
ntLink_2173 942 100201 200201 4328 174
ntLink_217 1291 649 100649 4329 174
ntLink_217 1291 50649 150649 4330 174
ntLink_217 1291 100649 200649 4331 174
ntLink_2181 1129 231 100231 4332 174
ntLink_2181 1129 50231 150231 4333 174
ntLink_2183 1376 464 100464 4334 174
ntLink_2183 1376 50464 150464 4335 174
ntLink_2183 1376 100464 200464 4336 174
ntLink_2189 597 249 100249 4337 174
ntLink_218 1458 2715 102715 4338 174
ntLink_218 1458 52715 152715 4339 174
ntLink_218 1458 102715 202715 4340 174
ntLink_2190 513 4179 104179 4341 174
ntLink_2194 951 791 100791 4342 174
ntLink_219 2885 7734 107734 4343 174
ntLink_219 2885 57734 157734 4344 174
ntLink_219 2885 107734 207734 4345 174
ntLink_219 2885 157734 257734 4346 174
ntLink_219 2885 207734 307734 4347 174
ntLink_219 2885 257734 357734 4348 174
ntLink_219 2885 307734 407734 4349 174
ntLink_219 2885 357734 457734 4350 174
ntLink_219 2885 407734 507734 4351 175
ntLink_21 1249 18667 118667 4352 175
ntLink_21 1249 68667 168667 4353 175
ntLink_2200 982 333 100333 4354 175
ntLink_2210 538 4372 104372 4355 175
ntLink_2214 2671 7997 107997 4356 175
ntLink_2214 2671 57997 157997 4357 175
ntLink_2214 2671 107997 207997 4358 175
ntLink_2214 2671 157997 257997 4359 175
ntLink_2214 2671 207997 307997 4360 175
ntLink_2214 2671 257997 357997 4361 175
ntLink_2214 2671 307997 407997 4362 175
ntLink_2214 2671 357997 457997 4363 175
ntLink_2218 575 251 100251 4364 175
ntLink_2222 555 420 100420 4365 175
ntLink_2224 2240 545 100545 4366 175
ntLink_2224 2240 50545 150545 4367 175
ntLink_2224 2240 100545 200545 4368 175
ntLink_2224 2240 150545 250545 4369 175
ntLink_2224 2240 200545 300545 4370 175
ntLink_2224 2240 250545 350545 4371 175
ntLink_2224 2240 300545 400545 4372 175
ntLink_2226 962 410 100410 4373 175
ntLink_2227 990 205 100205 4374 175
ntLink_222 2676 1064 101064 4375 175
ntLink_222 2676 51064 151064 4376 176
ntLink_222 2676 101064 201064 4377 176
ntLink_222 2676 151064 251064 4378 176
ntLink_222 2676 201064 301064 4379 176
ntLink_2232 1225 4746 104746 4380 176
ntLink_2232 1225 54746 154746 4381 176
ntLink_2232 1225 104746 204746 4382 176
ntLink_223 1311 466 100466 4383 176
ntLink_223 1311 50466 150466 4384 176
ntLink_223 1311 100466 200466 4385 176
ntLink_2244 505 513 100513 4386 176
ntLink_2245 575 6690 106690 4387 176
ntLink_2246 1011 1338 101338 4388 176
ntLink_2246 1011 51338 151338 4389 176
ntLink_2248 832 9938 109938 4390 176
ntLink_224 553 6446 106446 4391 176
ntLink_2254 731 157 100157 4392 176
ntLink_2254 731 50157 150157 4393 176
ntLink_2260 1119 9708 109708 4394 176
ntLink_2260 1119 59708 159708 4395 176
ntLink_2269 1501 339 100339 4396 176
ntLink_2269 1501 50339 150339 4397 176
ntLink_2269 1501 100339 200339 4398 176
ntLink_226 1159 28506 128506 4399 176
ntLink_226 1159 78506 178506 4400 176
ntLink_226 1159 128506 228506 4401 177
ntLink_2277 1033 278 100278 4402 177
ntLink_2277 1033 50278 150278 4403 177
ntLink_2277 1033 100278 200278 4404 177
ntLink_227 1149 507 100507 4405 177
ntLink_227 1149 50507 150507 4406 177
ntLink_2280 518 129 100129 4407 177
ntLink_2282 303 4663 104663 4408 177
ntLink_2285 3208 2079 102079 4409 177
ntLink_2285 3208 52079 152079 4410 177
ntLink_2285 3208 102079 202079 4411 177
ntLink_2285 3208 152079 252079 4412 177
ntLink_2285 3208 202079 302079 4413 177
ntLink_2285 3208 252079 352079 4414 177
ntLink_2285 3208 302079 402079 4415 177
ntLink_2285 3208 352079 452079 4416 177
ntLink_2286 1786 10811 110811 4417 177
ntLink_2286 1786 60811 160811 4418 177
ntLink_2286 1786 110811 210811 4419 177
ntLink_2286 1786 160811 260811 4420 177
ntLink_2291 439 790 100790 4421 177
ntLink_2295 1096 253 100253 4422 177
ntLink_2295 1096 50253 150253 4423 177
ntLink_229 2060 236 100236 4424 177
ntLink_229 2060 50236 150236 4425 177
ntLink_229 2060 100236 200236 4426 178
ntLink_229 2060 150236 250236 4427 178
ntLink_22 5039 4597 104597 4428 178
ntLink_22 5039 54597 154597 4429 178
ntLink_22 5039 104597 204597 4430 178
ntLink_22 5039 154597 254597 4431 178
ntLink_22 5039 204597 304597 4432 178
ntLink_22 5039 254597 354597 4433 178
ntLink_22 5039 304597 404597 4434 178
ntLink_22 5039 354597 454597 4435 178
ntLink_22 5039 404597 504597 4436 178
ntLink_22 5039 454597 554597 4437 178
ntLink_22 5039 504597 604597 4438 178
ntLink_22 5039 554597 654597 4439 178
ntLink_22 5039 604597 704597 4440 178
ntLink_22 5039 654597 754597 4441 178
ntLink_2307 1572 2569 102569 4442 178
ntLink_2307 1572 52569 152569 4443 178
ntLink_2307 1572 102569 202569 4444 178
ntLink_2307 1572 152569 252569 4445 178
ntLink_2308 1211 5463 105463 4446 178
ntLink_230 922 7293 107293 4447 178
ntLink_230 922 57293 157293 4448 178
ntLink_2310 1133 309 100309 4449 178
ntLink_2310 1133 50309 150309 4450 178
ntLink_2313 553 8200 108200 4451 179
ntLink_2316 2729 212 100212 4452 179
ntLink_2316 2729 50212 150212 4453 179
ntLink_2316 2729 100212 200212 4454 179
ntLink_2316 2729 150212 250212 4455 179
ntLink_2320 3417 10837 110837 4456 179
ntLink_2320 3417 60837 160837 4457 179
ntLink_2320 3417 110837 210837 4458 179
ntLink_2320 3417 160837 260837 4459 179
ntLink_2320 3417 210837 310837 4460 179
ntLink_2320 3417 260837 360837 4461 179
ntLink_2322 1317 6265 106265 4462 179
ntLink_2322 1317 56265 156265 4463 179
ntLink_2322 1317 106265 206265 4464 179
ntLink_2323 560 176 100176 4465 179
ntLink_2324 1247 5964 105964 4466 179
ntLink_2324 1247 55964 155964 4467 179
ntLink_2324 1247 105964 205964 4468 179
ntLink_2328 893 1164 101164 4469 179
ntLink_2336 1014 270 100270 4470 179
ntLink_2336 1014 50270 150270 4471 179
ntLink_2336 1014 100270 200270 4472 179
ntLink_2338 984 6693 106693 4473 179
ntLink_233 688 924 100924 4474 179
ntLink_2340 479 3628 103628 4475 179
ntLink_2342 885 1780 101780 4476 180
ntLink_2342 885 51780 151780 4477 180
ntLink_2343 1337 251 100251 4478 180
ntLink_2343 1337 50251 150251 4479 180
ntLink_2343 1337 100251 200251 4480 180
ntLink_2343 1337 150251 250251 4481 180
ntLink_2349 1245 12 100012 4482 180
ntLink_2349 1245 50012 150012 4483 180
ntLink_2350 573 310 100310 4484 180
ntLink_2355 669 447 100447 4485 180
ntLink_235 1309 5023 105023 4486 180
ntLink_235 1309 55023 155023 4487 180
ntLink_2360 585 5553 105553 4488 180
ntLink_2360 585 55553 155553 4489 180
ntLink_2361 1189 17984 117984 4490 180
ntLink_2362 935 3859 103859 4491 180
ntLink_2367 3188 372 100372 4492 180
ntLink_2367 3188 50372 150372 4493 180
ntLink_2367 3188 100372 200372 4494 180
ntLink_2367 3188 150372 250372 4495 180
ntLink_2367 3188 200372 300372 4496 180
ntLink_2367 3188 250372 350372 4497 180
ntLink_2367 3188 300372 400372 4498 180
ntLink_236 1058 53507 153507 4499 180
ntLink_236 1058 103507 203507 4500 180
ntLink_236 1058 153507 253507 4501 181
ntLink_236 1058 203507 303507 4502 181
ntLink_2375 2060 17107 117107 4503 181
ntLink_2375 2060 67107 167107 4504 181
ntLink_2375 2060 117107 217107 4505 181
ntLink_2379 304 316 100316 4506 181
ntLink_2379 304 50316 150316 4507 181
ntLink_2379 304 100316 200316 4508 181
ntLink_237 1382 676 100676 4509 181
ntLink_237 1382 50676 150676 4510 181
ntLink_2382 1337 223 100223 4511 181
ntLink_2382 1337 50223 150223 4512 181
ntLink_2386 517 147 100147 4513 181
ntLink_2389 1272 432 100432 4514 181
ntLink_2389 1272 50432 150432 4515 181
ntLink_2389 1272 100432 200432 4516 181
ntLink_238 1530 3573 103573 4517 181
ntLink_238 1530 53573 153573 4518 181
ntLink_238 1530 103573 203573 4519 181
ntLink_238 1530 153573 253573 4520 181
ntLink_2391 1231 573 100573 4521 181
ntLink_2391 1231 50573 150573 4522 181
ntLink_2392 826 976 100976 4523 181
ntLink_2392 826 50976 150976 4524 181
ntLink_2395 864 925 100925 4525 181
ntLink_2399 819 294 100294 4526 182
ntLink_23 1492 276 100276 4527 182
ntLink_23 1492 50276 150276 4528 182
ntLink_23 1492 100276 200276 4529 182
ntLink_23 1492 150276 250276 4530 182
ntLink_23 1492 200276 300276 4531 182
ntLink_23 1492 250276 350276 4532 182
ntLink_23 1492 300276 400276 4533 182
ntLink_2400 441 371 100371 4534 182
ntLink_2401 958 1001 101001 4535 182
ntLink_2403 665 497 100497 4536 182
ntLink_2403 665 50497 150497 4537 182
ntLink_2406 1284 390 100390 4538 182
ntLink_2406 1284 50390 150390 4539 182
ntLink_2406 1284 100390 200390 4540 182
ntLink_2407 1118 1920 101920 4541 182
ntLink_2407 1118 51920 151920 4542 182
ntLink_2407 1118 101920 201920 4543 182
ntLink_2409 1705 480 100480 4544 182
ntLink_2409 1705 50480 150480 4545 182
ntLink_2409 1705 100480 200480 4546 182
ntLink_240 2009 1820 101820 4547 182
ntLink_240 2009 51820 151820 4548 182
ntLink_240 2009 101820 201820 4549 182
ntLink_240 2009 151820 251820 4550 182
ntLink_240 2009 201820 301820 4551 183
ntLink_240 2009 251820 351820 4552 183
ntLink_240 2009 301820 401820 4553 183
ntLink_2412 1005 255 100255 4554 183
ntLink_2413 698 186 100186 4555 183
ntLink_2417 354 1479 101479 4556 183
ntLink_2418 1284 290 100290 4557 183
ntLink_2418 1284 50290 150290 4558 183
ntLink_2418 1284 100290 200290 4559 183
ntLink_241 1166 21181 121181 4560 183
ntLink_241 1166 71181 171181 4561 183
ntLink_2422 596 2490 102490 4562 183
ntLink_2423 603 10746 110746 4563 183
ntLink_242 1962 300 100300 4564 183
ntLink_242 1962 50300 150300 4565 183
ntLink_242 1962 100300 200300 4566 183
ntLink_242 1962 150300 250300 4567 183
ntLink_242 1962 200300 300300 4568 183
ntLink_242 1962 250300 350300 4569 183
ntLink_2430 575 1652 101652 4570 183
ntLink_2430 575 51652 151652 4571 183
ntLink_2439 705 298 100298 4572 183
ntLink_2439 705 50298 150298 4573 183
ntLink_243 459 641 100641 4574 183
ntLink_2444 930 2329 102329 4575 183
ntLink_2446 494 751 100751 4576 184
ntLink_244 2842 1894 101894 4577 184
ntLink_244 2842 51894 151894 4578 184
ntLink_244 2842 101894 201894 4579 184
ntLink_244 2842 151894 251894 4580 184
ntLink_244 2842 201894 301894 4581 184
ntLink_244 2842 251894 351894 4582 184
ntLink_244 2842 301894 401894 4583 184
ntLink_244 2842 351894 451894 4584 184
ntLink_2452 1357 5861 105861 4585 184
ntLink_2452 1357 55861 155861 4586 184
ntLink_2452 1357 105861 205861 4587 184
ntLink_2459 852 55 100055 4588 184
ntLink_245 624 3369 103369 4589 184
ntLink_245 624 53369 153369 4590 184
ntLink_2461 326 693 100693 4591 184
ntLink_2464 642 1034 101034 4592 184
ntLink_2469 1141 763 100763 4593 184
ntLink_2469 1141 50763 150763 4594 184
ntLink_246 431 2013 102013 4595 184
ntLink_2470 805 9999 109999 4596 184
ntLink_2473 793 449 100449 4597 184
ntLink_2474 2180 1182 101182 4598 184
ntLink_2474 2180 51182 151182 4599 184
ntLink_2474 2180 101182 201182 4600 184
ntLink_2474 2180 151182 251182 4601 185
ntLink_2474 2180 201182 301182 4602 185
ntLink_2477 1234 9958 109958 4603 185
ntLink_2477 1234 59958 159958 4604 185
ntLink_2477 1234 109958 209958 4605 185
ntLink_2478 785 986 100986 4606 185
ntLink_2478 785 50986 150986 4607 185
ntLink_2478 785 100986 200986 4608 185
ntLink_2484 1591 4669 104669 4609 185
ntLink_2484 1591 54669 154669 4610 185
ntLink_2484 1591 104669 204669 4611 185
ntLink_2484 1591 154669 254669 4612 185
Backbone_12717 880 263 100263 4613 185
Backbone_12719 753 8379 108379 4614 185
Backbone_12733 608 9055 109055 4615 185
Backbone_1275 1353 2696 102696 4616 185
Backbone_1275 1353 52696 152696 4617 185
Backbone_12764 788 465 100465 4618 185
Backbone_10173 957 20375 120375 4619 185
Backbone_10173 957 70375 170375 4620 185
Backbone_10181 981 145 100145 4621 185
Backbone_10185 1282 1174 101174 4622 185
Backbone_10185 1282 51174 151174 4623 185
Backbone_10185 1282 101174 201174 4624 185
ntLink_2489 1011 10810 110810 4625 185
ntLink_2489 1011 60810 160810 4626 186
ntLink_248 3994 299 100299 4627 186
ntLink_248 3994 50299 150299 4628 186
ntLink_248 3994 100299 200299 4629 186
ntLink_248 3994 150299 250299 4630 186
ntLink_248 3994 200299 300299 4631 186
ntLink_248 3994 250299 350299 4632 186
ntLink_248 3994 300299 400299 4633 186
ntLink_248 3994 350299 450299 4634 186
ntLink_248 3994 400299 500299 4635 186
ntLink_248 3994 450299 550299 4636 186
ntLink_248 3994 500299 600299 4637 186
ntLink_2492 607 1755 101755 4638 186
ntLink_2493 980 246 100246 4639 186
ntLink_2493 980 50246 150246 4640 186
ntLink_249 3513 772 100772 4641 186
ntLink_249 3513 50772 150772 4642 186
ntLink_249 3513 100772 200772 4643 186
ntLink_249 3513 150772 250772 4644 186
ntLink_249 3513 200772 300772 4645 186
ntLink_249 3513 250772 350772 4646 186
ntLink_249 3513 300772 400772 4647 186
ntLink_249 3513 350772 450772 4648 186
ntLink_249 3513 400772 500772 4649 186
ntLink_2503 1400 415 100415 4650 186
ntLink_2503 1400 50415 150415 4651 187
ntLink_2503 1400 100415 200415 4652 187
ntLink_2504 1024 1386 101386 4653 187
ntLink_2506 1734 5124 105124 4654 187
ntLink_2506 1734 55124 155124 4655 187
ntLink_2506 1734 105124 205124 4656 187
ntLink_2506 1734 155124 255124 4657 187
ntLink_2506 1734 205124 305124 4658 187
ntLink_250 1797 228 100228 4659 187
ntLink_250 1797 50228 150228 4660 187
ntLink_250 1797 100228 200228 4661 187
ntLink_250 1797 150228 250228 4662 187
ntLink_2516 951 245 100245 4663 187
ntLink_2517 1267 2207 102207 4664 187
ntLink_2517 1267 52207 152207 4665 187
ntLink_2518 1212 15125 115125 4666 187
ntLink_2518 1212 65125 165125 4667 187
ntLink_2523 1804 9161 109161 4668 187
ntLink_2523 1804 59161 159161 4669 187
ntLink_2523 1804 109161 209161 4670 187
ntLink_2523 1804 159161 259161 4671 187
ntLink_2525 298 2050 102050 4672 187
ntLink_2528 1203 137 100137 4673 187
ntLink_2528 1203 50137 150137 4674 187
ntLink_252 3500 185 100185 4675 187
ntLink_252 3500 50185 150185 4676 188
ntLink_252 3500 100185 200185 4677 188
ntLink_252 3500 150185 250185 4678 188
ntLink_252 3500 200185 300185 4679 188
ntLink_252 3500 250185 350185 4680 188
ntLink_252 3500 300185 400185 4681 188
ntLink_252 3500 350185 450185 4682 188
ntLink_2538 1008 213 100213 4683 188
ntLink_253 2648 961 100961 4684 188
ntLink_253 2648 50961 150961 4685 188
ntLink_253 2648 100961 200961 4686 188
ntLink_253 2648 150961 250961 4687 188
ntLink_253 2648 200961 300961 4688 188
ntLink_253 2648 250961 350961 4689 188
ntLink_2542 2216 276 100276 4690 188
ntLink_2542 2216 50276 150276 4691 188
ntLink_2542 2216 100276 200276 4692 188
ntLink_2542 2216 150276 250276 4693 188
ntLink_2542 2216 200276 300276 4694 188
ntLink_2549 1293 22759 122759 4695 188
ntLink_2549 1293 72759 172759 4696 188
ntLink_2549 1293 122759 222759 4697 188
ntLink_2553 1543 280 100280 4698 188
ntLink_2553 1543 50280 150280 4699 188
ntLink_2557 887 5032 105032 4700 188
ntLink_2557 887 55032 155032 4701 189
ntLink_2564 2522 683 100683 4702 189
ntLink_2564 2522 50683 150683 4703 189
ntLink_2564 2522 100683 200683 4704 189
ntLink_2564 2522 150683 250683 4705 189
ntLink_2564 2522 200683 300683 4706 189
ntLink_2569 985 15421 115421 4707 189
ntLink_2569 985 65421 165421 4708 189
ntLink_256 1633 1118 101118 4709 189
ntLink_256 1633 51118 151118 4710 189
ntLink_256 1633 101118 201118 4711 189
ntLink_2570 431 1168 101168 4712 189
ntLink_2571 809 904 100904 4713 189
ntLink_2574 493 15521 115521 4714 189
ntLink_2579 756 2306 102306 4715 189
ntLink_2579 756 52306 152306 4716 189
ntLink_2581 620 4506 104506 4717 189
ntLink_2585 1679 746 100746 4718 189
ntLink_2585 1679 50746 150746 4719 189
ntLink_2585 1679 100746 200746 4720 189
ntLink_2587 867 3044 103044 4721 189
ntLink_2587 867 53044 153044 4722 189
ntLink_2592 499 3486 103486 4723 189
ntLink_2593 707 285 100285 4724 189
ntLink_2596 469 637 100637 4725 189
ntLink_2600 583 15680 115680 4726 190
ntLink_2603 1774 218 100218 4727 190
ntLink_2603 1774 50218 150218 4728 190
ntLink_2603 1774 100218 200218 4729 190
ntLink_2603 1774 150218 250218 4730 190
ntLink_2607 1059 176 100176 4731 190
ntLink_2609 843 735 100735 4732 190
ntLink_260 3559 695 100695 4733 190
ntLink_260 3559 50695 150695 4734 190
ntLink_260 3559 100695 200695 4735 190
ntLink_260 3559 150695 250695 4736 190
ntLink_260 3559 200695 300695 4737 190
ntLink_260 3559 250695 350695 4738 190
ntLink_260 3559 300695 400695 4739 190
ntLink_260 3559 350695 450695 4740 190
ntLink_260 3559 400695 500695 4741 190
ntLink_2617 599 933 100933 4742 190
ntLink_2617 599 50933 150933 4743 190
ntLink_2621 966 11649 111649 4744 190
ntLink_2623 1504 651 100651 4745 190
ntLink_2623 1504 50651 150651 4746 190
ntLink_2623 1504 100651 200651 4747 190
ntLink_2623 1504 150651 250651 4748 190
ntLink_2623 1504 200651 300651 4749 190
ntLink_2623 1504 250651 350651 4750 190
ntLink_2624 1084 1707 101707 4751 191
ntLink_2624 1084 51707 151707 4752 191
ntLink_2625 1212 25004 125004 4753 191
ntLink_2625 1212 75004 175004 4754 191
ntLink_2625 1212 125004 225004 4755 191
ntLink_2627 652 2978 102978 4756 191
ntLink_2633 992 197 100197 4757 191
ntLink_2637 604 366 100366 4758 191
ntLink_2639 1333 741 100741 4759 191
ntLink_2639 1333 50741 150741 4760 191
ntLink_2639 1333 100741 200741 4761 191
ntLink_2641 1245 14120 114120 4762 191
ntLink_2641 1245 64120 164120 4763 191
ntLink_2642 712 1757 101757 4764 191
ntLink_2643 1285 11712 111712 4765 191
ntLink_2647 935 756 100756 4766 191
ntLink_2647 935 50756 150756 4767 191
ntLink_2650 354 1240 101240 4768 191
ntLink_2654 712 4357 104357 4769 191
ntLink_2654 712 54357 154357 4770 191
ntLink_2656 714 346 100346 4771 191
ntLink_2657 1526 1528 101528 4772 191
ntLink_2657 1526 51528 151528 4773 191
ntLink_2657 1526 101528 201528 4774 191
ntLink_265 862 2718 102718 4775 191
ntLink_2669 694 692 100692 4776 192
ntLink_2669 694 50692 150692 4777 192
ntLink_266 2276 367 100367 4778 192
ntLink_266 2276 50367 150367 4779 192
ntLink_266 2276 100367 200367 4780 192
ntLink_266 2276 150367 250367 4781 192
ntLink_266 2276 200367 300367 4782 192
ntLink_2676 980 15924 115924 4783 192
ntLink_2678 1033 437 100437 4784 192
ntLink_2688 659 224 100224 4785 192
ntLink_2688 659 50224 150224 4786 192
ntLink_268 2769 7897 107897 4787 192
ntLink_268 2769 57897 157897 4788 192
ntLink_268 2769 107897 207897 4789 192
ntLink_268 2769 157897 257897 4790 192
ntLink_268 2769 207897 307897 4791 192
ntLink_268 2769 257897 357897 4792 192
ntLink_268 2769 307897 407897 4793 192
ntLink_268 2769 357897 457897 4794 192
ntLink_2691 931 317 100317 4795 192
ntLink_2692 507 12033 112033 4796 192
ntLink_2695 2912 312 100312 4797 192
ntLink_2695 2912 50312 150312 4798 192
ntLink_2695 2912 100312 200312 4799 192
ntLink_2695 2912 150312 250312 4800 192
ntLink_2695 2912 200312 300312 4801 193
ntLink_2695 2912 250312 350312 4802 193
ntLink_2695 2912 300312 400312 4803 193
ntLink_269 548 221 100221 4804 193
ntLink_26 2854 1510 101510 4805 193
ntLink_26 2854 51510 151510 4806 193
ntLink_26 2854 101510 201510 4807 193
ntLink_26 2854 151510 251510 4808 193
ntLink_26 2854 201510 301510 4809 193
ntLink_26 2854 251510 351510 4810 193
ntLink_26 2854 301510 401510 4811 193
ntLink_26 2854 351510 451510 4812 193
ntLink_2706 1613 1241 101241 4813 193
ntLink_2706 1613 51241 151241 4814 193
ntLink_2706 1613 101241 201241 4815 193
ntLink_2706 1613 151241 251241 4816 193
ntLink_2707 1607 307 100307 4817 193
ntLink_2707 1607 50307 150307 4818 193
ntLink_2707 1607 100307 200307 4819 193
ntLink_2707 1607 150307 250307 4820 193
ntLink_2709 1323 90 100090 4821 193
ntLink_2709 1323 50090 150090 4822 193
ntLink_270 1468 6724 106724 4823 193
ntLink_270 1468 56724 156724 4824 193
ntLink_270 1468 106724 206724 4825 193
ntLink_270 1468 156724 256724 4826 194
ntLink_2713 1512 674 100674 4827 194
ntLink_2713 1512 50674 150674 4828 194
ntLink_2715 1536 256 100256 4829 194
ntLink_2715 1536 50256 150256 4830 194
ntLink_2715 1536 100256 200256 4831 194
ntLink_2715 1536 150256 250256 4832 194
ntLink_2721 505 7102 107102 4833 194
ntLink_2721 505 57102 157102 4834 194
ntLink_2723 1289 1107 101107 4835 194
ntLink_2723 1289 51107 151107 4836 194
ntLink_2724 886 306 100306 4837 194
ntLink_2724 886 50306 150306 4838 194
ntLink_2726 1958 109 100109 4839 194
ntLink_2726 1958 50109 150109 4840 194
ntLink_2726 1958 100109 200109 4841 194
ntLink_272 1368 1396 101396 4842 194
ntLink_272 1368 51396 151396 4843 194
ntLink_2737 661 452 100452 4844 194
ntLink_2738 635 180 100180 4845 194
ntLink_2738 635 50180 150180 4846 194
ntLink_273 2205 126 100126 4847 194
ntLink_273 2205 50126 150126 4848 194
ntLink_273 2205 100126 200126 4849 194
ntLink_273 2205 150126 250126 4850 194
ntLink_2745 627 11136 111136 4851 195
ntLink_2745 627 61136 161136 4852 195
ntLink_2746 942 156 100156 4853 195
ntLink_2747 297 175 100175 4854 195
ntLink_2749 873 146 100146 4855 195
ntLink_2749 873 50146 150146 4856 195
ntLink_274 2592 4352 104352 4857 195
ntLink_274 2592 54352 154352 4858 195
ntLink_274 2592 104352 204352 4859 195
ntLink_274 2592 154352 254352 4860 195
ntLink_274 2592 204352 304352 4861 195
ntLink_274 2592 254352 354352 4862 195
ntLink_2751 306 9620 109620 4863 195
ntLink_2752 1389 191 100191 4864 195
ntLink_2752 1389 50191 150191 4865 195
ntLink_2756 1022 6195 106195 4866 195
ntLink_2756 1022 56195 156195 4867 195
ntLink_2756 1022 106195 206195 4868 195
ntLink_2768 1771 2934 102934 4869 195
ntLink_2768 1771 52934 152934 4870 195
ntLink_2768 1771 102934 202934 4871 195
ntLink_2768 1771 152934 252934 4872 195
ntLink_276 430 14360 114360 4873 195
ntLink_2771 827 6017 106017 4874 195
ntLink_2771 827 56017 156017 4875 195
ntLink_2780 333 12486 112486 4876 196
ntLink_2782 1126 2139 102139 4877 196
ntLink_2782 1126 52139 152139 4878 196
ntLink_2784 1885 625 100625 4879 196
ntLink_2784 1885 50625 150625 4880 196
ntLink_2784 1885 100625 200625 4881 196
ntLink_2790 556 245 100245 4882 196
ntLink_2791 1429 1203 101203 4883 196
ntLink_2791 1429 51203 151203 4884 196
ntLink_2796 801 257 100257 4885 196
ntLink_2797 1451 44227 144227 4886 196
ntLink_2797 1451 94227 194227 4887 196
ntLink_2798 1118 2142 102142 4888 196
ntLink_2798 1118 52142 152142 4889 196
ntLink_2798 1118 102142 202142 4890 196
ntLink_2799 990 14879 114879 4891 196
ntLink_2799 990 64879 164879 4892 196
ntLink_27 5100 1436 101436 4893 196
ntLink_27 5100 51436 151436 4894 196
ntLink_27 5100 101436 201436 4895 196
ntLink_27 5100 151436 251436 4896 196
ntLink_27 5100 201436 301436 4897 196
ntLink_27 5100 251436 351436 4898 196
ntLink_27 5100 301436 401436 4899 196
ntLink_27 5100 351436 451436 4900 196
ntLink_27 5100 401436 501436 4901 197
ntLink_27 5100 451436 551436 4902 197
ntLink_27 5100 501436 601436 4903 197
ntLink_27 5100 551436 651436 4904 197
ntLink_27 5100 601436 701436 4905 197
ntLink_2803 1491 130 100130 4906 197
ntLink_2803 1491 50130 150130 4907 197
ntLink_2803 1491 100130 200130 4908 197
ntLink_2803 1491 150130 250130 4909 197
ntLink_2803 1491 200130 300130 4910 197
ntLink_2806 503 5311 105311 4911 197
ntLink_280 4473 384 100384 4912 197
ntLink_280 4473 50384 150384 4913 197
ntLink_280 4473 100384 200384 4914 197
ntLink_280 4473 150384 250384 4915 197
ntLink_280 4473 200384 300384 4916 197
ntLink_280 4473 250384 350384 4917 197
ntLink_280 4473 300384 400384 4918 197
ntLink_280 4473 350384 450384 4919 197
ntLink_280 4473 400384 500384 4920 197
ntLink_2811 976 246 100246 4921 197
ntLink_2815 1379 9022 109022 4922 197
ntLink_2815 1379 59022 159022 4923 197
ntLink_2816 3065 384 100384 4924 197
ntLink_2816 3065 50384 150384 4925 197
ntLink_2816 3065 100384 200384 4926 198
ntLink_2816 3065 150384 250384 4927 198
ntLink_2816 3065 200384 300384 4928 198
ntLink_2816 3065 250384 350384 4929 198
ntLink_2816 3065 300384 400384 4930 198
ntLink_2816 3065 350384 450384 4931 198
ntLink_2817 1285 621 100621 4932 198
ntLink_2817 1285 50621 150621 4933 198
ntLink_2818 1655 302 100302 4934 198
ntLink_2818 1655 50302 150302 4935 198
ntLink_2818 1655 100302 200302 4936 198
ntLink_2818 1655 150302 250302 4937 198
ntLink_2819 937 285 100285 4938 198
ntLink_2819 937 50285 150285 4939 198
ntLink_2820 478 2038 102038 4940 198
ntLink_2821 644 22 100022 4941 198
ntLink_2821 644 50022 150022 4942 198
ntLink_2824 889 2736 102736 4943 198
ntLink_2824 889 52736 152736 4944 198
ntLink_2824 889 102736 202736 4945 198
ntLink_2825 1686 17767 117767 4946 198
ntLink_2825 1686 67767 167767 4947 198
ntLink_2825 1686 117767 217767 4948 198
ntLink_2825 1686 167767 267767 4949 198
ntLink_2825 1686 217767 317767 4950 198
ntLink_282 2479 408 100408 4951 199
ntLink_282 2479 50408 150408 4952 199
ntLink_282 2479 100408 200408 4953 199
ntLink_282 2479 150408 250408 4954 199
ntLink_282 2479 200408 300408 4955 199
ntLink_282 2479 250408 350408 4956 199
ntLink_282 2479 300408 400408 4957 199
ntLink_2830 1119 1341 101341 4958 199
ntLink_2830 1119 51341 151341 4959 199
ntLink_2831 730 809 100809 4960 199
ntLink_2831 730 50809 150809 4961 199
ntLink_2837 1042 334 100334 4962 199
ntLink_2840 2275 1693 101693 4963 199
ntLink_2840 2275 51693 151693 4964 199
ntLink_2840 2275 101693 201693 4965 199
ntLink_2840 2275 151693 251693 4966 199
ntLink_2840 2275 201693 301693 4967 199
ntLink_2842 836 70 100070 4968 199
ntLink_2843 1237 584 100584 4969 199
ntLink_2844 687 13056 113056 4970 199
Backbone_12783 880 205 100205 4971 199
Backbone_1278 502 11551 111551 4972 199
Backbone_12802 910 2982 102982 4973 199
ntLink_2845 1575 455 100455 4974 199
ntLink_2845 1575 50455 150455 4975 199
ntLink_284 1205 11308 111308 4976 200
ntLink_284 1205 61308 161308 4977 200
ntLink_2851 2310 186 100186 4978 200
ntLink_2851 2310 50186 150186 4979 200
ntLink_2851 2310 100186 200186 4980 200
ntLink_2851 2310 150186 250186 4981 200
ntLink_2859 1197 8196 108196 4982 200
ntLink_2859 1197 58196 158196 4983 200
ntLink_2862 1313 14108 114108 4984 200
ntLink_2862 1313 64108 164108 4985 200
ntLink_2862 1313 114108 214108 4986 200
ntLink_2863 1285 1043 101043 4987 200
ntLink_2864 506 222 100222 4988 200
ntLink_2865 1293 856 100856 4989 200
ntLink_2865 1293 50856 150856 4990 200
ntLink_2865 1293 100856 200856 4991 200
ntLink_2867 2499 212 100212 4992 200
ntLink_2867 2499 50212 150212 4993 200
ntLink_2867 2499 100212 200212 4994 200
ntLink_2867 2499 150212 250212 4995 200
ntLink_2867 2499 200212 300212 4996 200
ntLink_2867 2499 250212 350212 4997 200
ntLink_2870 929 12242 112242 4998 200
ntLink_2870 929 62242 162242 4999 200
ntLink_2873 909 97 100097 5000 200
ntLink_287 3832 1600 101600 5001 201
ntLink_287 3832 51600 151600 5002 201
ntLink_287 3832 101600 201600 5003 201
ntLink_287 3832 151600 251600 5004 201
ntLink_287 3832 201600 301600 5005 201
ntLink_287 3832 251600 351600 5006 201
ntLink_287 3832 301600 401600 5007 201
ntLink_287 3832 351600 451600 5008 201
ntLink_287 3832 401600 501600 5009 201
ntLink_287 3832 451600 551600 5010 201
ntLink_2880 457 389 100389 5011 201
ntLink_2881 946 566 100566 5012 201
ntLink_2881 946 50566 150566 5013 201
ntLink_2884 950 281 100281 5014 201
ntLink_2884 950 50281 150281 5015 201
ntLink_2885 1083 539 100539 5016 201
ntLink_2885 1083 50539 150539 5017 201
ntLink_288 755 8099 108099 5018 201
ntLink_2891 764 2008 102008 5019 201
ntLink_2895 847 212 100212 5020 201
ntLink_2896 1168 5326 105326 5021 201
ntLink_2896 1168 55326 155326 5022 201
ntLink_2898 1127 6604 106604 5023 201
ntLink_2898 1127 56604 156604 5024 201
ntLink_2899 451 5531 105531 5025 201
ntLink_289 1884 243 100243 5026 202
ntLink_289 1884 50243 150243 5027 202
ntLink_289 1884 100243 200243 5028 202
ntLink_289 1884 150243 250243 5029 202
ntLink_289 1884 200243 300243 5030 202
ntLink_28 1402 152 100152 5031 202
ntLink_28 1402 50152 150152 5032 202
ntLink_28 1402 100152 200152 5033 202
ntLink_28 1402 150152 250152 5034 202
ntLink_2901 933 100 100100 5035 202
ntLink_2902 2092 822 100822 5036 202
ntLink_2902 2092 50822 150822 5037 202
ntLink_2902 2092 100822 200822 5038 202
ntLink_2902 2092 150822 250822 5039 202
ntLink_2904 1187 316 100316 5040 202
ntLink_2904 1187 50316 150316 5041 202
ntLink_2908 775 480 100480 5042 202
ntLink_2916 508 2809 102809 5043 202
ntLink_2918 1181 229 100229 5044 202
ntLink_2918 1181 50229 150229 5045 202
ntLink_291 722 5290 105290 5046 202
ntLink_2923 582 153 100153 5047 202
ntLink_2924 883 724 100724 5048 202
ntLink_2926 685 1157 101157 5049 202
ntLink_2927 899 699 100699 5050 202
ntLink_2927 899 50699 150699 5051 203
ntLink_2927 899 100699 200699 5052 203
ntLink_2933 2242 952 100952 5053 203
ntLink_2933 2242 50952 150952 5054 203
ntLink_2933 2242 100952 200952 5055 203
ntLink_2933 2242 150952 250952 5056 203
ntLink_2933 2242 200952 300952 5057 203
ntLink_2933 2242 250952 350952 5058 203
ntLink_2934 1341 327 100327 5059 203
ntLink_2934 1341 50327 150327 5060 203
ntLink_2935 419 169 100169 5061 203
ntLink_2937 1066 363 100363 5062 203
ntLink_2937 1066 50363 150363 5063 203
ntLink_2937 1066 100363 200363 5064 203
ntLink_293 1061 158 100158 5065 203
ntLink_2944 1038 3595 103595 5066 203
ntLink_2944 1038 53595 153595 5067 203
ntLink_2945 1237 286 100286 5068 203
ntLink_2946 1294 33 100033 5069 203
ntLink_294 676 3403 103403 5070 203
ntLink_2950 1440 84 100084 5071 203
ntLink_2950 1440 50084 150084 5072 203
ntLink_2952 1916 370 100370 5073 203
ntLink_2952 1916 50370 150370 5074 203
ntLink_2952 1916 100370 200370 5075 203
ntLink_2952 1916 150370 250370 5076 204
ntLink_2953 1039 1381 101381 5077 204
ntLink_2953 1039 51381 151381 5078 204
ntLink_2953 1039 101381 201381 5079 204
ntLink_2955 2526 317 100317 5080 204
ntLink_2955 2526 50317 150317 5081 204
ntLink_2955 2526 100317 200317 5082 204
ntLink_2955 2526 150317 250317 5083 204
ntLink_2955 2526 200317 300317 5084 204
ntLink_2955 2526 250317 350317 5085 204
ntLink_2956 714 1747 101747 5086 204
ntLink_2956 714 51747 151747 5087 204
ntLink_295 1646 788 100788 5088 204
ntLink_295 1646 50788 150788 5089 204
ntLink_295 1646 100788 200788 5090 204
ntLink_295 1646 150788 250788 5091 204
ntLink_295 1646 200788 300788 5092 204
ntLink_2962 930 2186 102186 5093 204
ntLink_2963 850 375 100375 5094 204
ntLink_2964 666 80 100080 5095 204
ntLink_296 1644 2919 102919 5096 204
ntLink_296 1644 52919 152919 5097 204
ntLink_296 1644 102919 202919 5098 204
ntLink_296 1644 152919 252919 5099 204
ntLink_2975 630 452 100452 5100 204
ntLink_2980 815 19830 119830 5101 205
ntLink_2980 815 69830 169830 5102 205
ntLink_2983 851 347 100347 5103 205
ntLink_2983 851 50347 150347 5104 205
ntLink_2987 520 481 100481 5105 205
ntLink_2987 520 50481 150481 5106 205
ntLink_2987 520 100481 200481 5107 205
ntLink_298 1870 735 100735 5108 205
ntLink_298 1870 50735 150735 5109 205
ntLink_298 1870 100735 200735 5110 205
ntLink_298 1870 150735 250735 5111 205
ntLink_2991 2539 366 100366 5112 205
ntLink_2991 2539 50366 150366 5113 205
ntLink_2991 2539 100366 200366 5114 205
ntLink_2991 2539 150366 250366 5115 205
ntLink_2991 2539 200366 300366 5116 205
ntLink_2998 1033 218 100218 5117 205
ntLink_2998 1033 50218 150218 5118 205
ntLink_2998 1033 100218 200218 5119 205
ntLink_29 1386 224 100224 5120 205
ntLink_29 1386 50224 150224 5121 205
ntLink_29 1386 100224 200224 5122 205
ntLink_29 1386 150224 250224 5123 205
ntLink_2 2917 2372 102372 5124 205
ntLink_2 2917 52372 152372 5125 205
ntLink_2 2917 102372 202372 5126 206
ntLink_2 2917 152372 252372 5127 206
ntLink_2 2917 202372 302372 5128 206
ntLink_2 2917 252372 352372 5129 206
ntLink_3005 559 372 100372 5130 206
ntLink_3009 419 544 100544 5131 206
ntLink_300 880 119 100119 5132 206
ntLink_300 880 50119 150119 5133 206
ntLink_3010 888 259 100259 5134 206
ntLink_3010 888 50259 150259 5135 206
ntLink_3019 1720 3874 103874 5136 206
ntLink_3019 1720 53874 153874 5137 206
ntLink_301 1327 438 100438 5138 206
ntLink_301 1327 50438 150438 5139 206
ntLink_301 1327 100438 200438 5140 206
ntLink_3021 601 135 100135 5141 206
ntLink_3025 937 383 100383 5142 206
ntLink_3026 870 4265 104265 5143 206
ntLink_3027 1091 8527 108527 5144 206
ntLink_302 1098 404 100404 5145 206
ntLink_302 1098 50404 150404 5146 206
ntLink_302 1098 100404 200404 5147 206
ntLink_3032 665 296 100296 5148 206
ntLink_3032 665 50296 150296 5149 206
ntLink_3032 665 100296 200296 5150 206
ntLink_3033 1209 500 100500 5151 207
ntLink_3033 1209 50500 150500 5152 207
ntLink_3040 1793 421 100421 5153 207
ntLink_3040 1793 50421 150421 5154 207
ntLink_3040 1793 100421 200421 5155 207
ntLink_3040 1793 150421 250421 5156 207
ntLink_3041 1154 4745 104745 5157 207
ntLink_3041 1154 54745 154745 5158 207
ntLink_3041 1154 104745 204745 5159 207
ntLink_3043 1307 487 100487 5160 207
ntLink_3043 1307 50487 150487 5161 207
ntLink_3043 1307 100487 200487 5162 207
ntLink_3050 1199 320 100320 5163 207
ntLink_3050 1199 50320 150320 5164 207
ntLink_3051 902 2643 102643 5165 207
ntLink_3051 902 52643 152643 5166 207
ntLink_3053 1045 183 100183 5167 207
ntLink_3053 1045 50183 150183 5168 207
ntLink_3055 972 2785 102785 5169 207
ntLink_305 3732 406 100406 5170 207
ntLink_305 3732 50406 150406 5171 207
ntLink_305 3732 100406 200406 5172 207
ntLink_305 3732 150406 250406 5173 207
ntLink_305 3732 200406 300406 5174 207
ntLink_305 3732 250406 350406 5175 207
ntLink_305 3732 300406 400406 5176 208
ntLink_305 3732 350406 450406 5177 208
ntLink_305 3732 400406 500406 5178 208
ntLink_3060 736 3839 103839 5179 208
ntLink_3062 1098 13646 113646 5180 208
ntLink_3063 1086 1433 101433 5181 208
ntLink_3063 1086 51433 151433 5182 208
ntLink_3069 500 683 100683 5183 208
ntLink_306 549 360 100360 5184 208
ntLink_306 549 50360 150360 5185 208
ntLink_3072 1209 7351 107351 5186 208
ntLink_3072 1209 57351 157351 5187 208
ntLink_3072 1209 107351 207351 5188 208
ntLink_3074 979 1066 101066 5189 208
ntLink_3074 979 51066 151066 5190 208
ntLink_3077 644 3707 103707 5191 208
ntLink_307 1283 287 100287 5192 208
ntLink_307 1283 50287 150287 5193 208
ntLink_307 1283 100287 200287 5194 208
ntLink_3081 374 1472 101472 5195 208
ntLink_3083 193 4261 104261 5196 208
ntLink_3084 926 2132 102132 5197 208
ntLink_3088 729 244 100244 5198 208
ntLink_3090 898 1496 101496 5199 208
ntLink_3092 775 6081 106081 5200 208
ntLink_3095 643 2563 102563 5201 209
ntLink_3097 889 7560 107560 5202 209
ntLink_3097 889 57560 157560 5203 209
ntLink_3099 836 293 100293 5204 209
ntLink_309 1533 3631 103631 5205 209
ntLink_309 1533 53631 153631 5206 209
ntLink_309 1533 103631 203631 5207 209
ntLink_309 1533 153631 253631 5208 209
ntLink_309 1533 203631 303631 5209 209
ntLink_30 624 5897 105897 5210 209
ntLink_3100 1136 168 100168 5211 209
ntLink_3103 195 5863 105863 5212 209
ntLink_3106 1298 4077 104077 5213 209
ntLink_3106 1298 54077 154077 5214 209
ntLink_3108 699 2135 102135 5215 209
ntLink_310 1231 354 100354 5216 209
ntLink_310 1231 50354 150354 5217 209
ntLink_3110 1600 18474 118474 5218 209
ntLink_3110 1600 68474 168474 5219 209
ntLink_3116 1122 239 100239 5220 209
ntLink_3119 568 1142 101142 5221 209
ntLink_311 663 567 100567 5222 209
ntLink_311 663 50567 150567 5223 209
ntLink_311 663 100567 200567 5224 209
ntLink_3122 1223 10573 110573 5225 209
ntLink_3122 1223 60573 160573 5226 210
ntLink_3122 1223 110573 210573 5227 210
ntLink_3129 394 903 100903 5228 210
ntLink_312 2448 1124 101124 5229 210
ntLink_312 2448 51124 151124 5230 210
ntLink_312 2448 101124 201124 5231 210
ntLink_312 2448 151124 251124 5232 210
ntLink_3130 776 381 100381 5233 210
ntLink_3132 828 2579 102579 5234 210
ntLink_3135 809 1187 101187 5235 210
ntLink_3137 1497 212 100212 5236 210
ntLink_3137 1497 50212 150212 5237 210
ntLink_3137 1497 100212 200212 5238 210
ntLink_313 1770 1266 101266 5239 210
ntLink_313 1770 51266 151266 5240 210
ntLink_313 1770 101266 201266 5241 210
ntLink_313 1770 151266 251266 5242 210
ntLink_313 1770 201266 301266 5243 210
ntLink_313 1770 251266 351266 5244 210
ntLink_3140 794 145 100145 5245 210
ntLink_3143 1086 8088 108088 5246 210
ntLink_3143 1086 58088 158088 5247 210
ntLink_3143 1086 108088 208088 5248 210
ntLink_3145 1363 5090 105090 5249 210
ntLink_3145 1363 55090 155090 5250 210
ntLink_3145 1363 105090 205090 5251 211
ntLink_3146 906 204 100204 5252 211
ntLink_3151 1260 156 100156 5253 211
ntLink_3151 1260 50156 150156 5254 211
ntLink_3151 1260 100156 200156 5255 211
ntLink_3151 1260 150156 250156 5256 211
ntLink_3152 1031 4299 104299 5257 211
ntLink_3154 825 303 100303 5258 211
ntLink_3154 825 50303 150303 5259 211
ntLink_3157 394 1237 101237 5260 211
ntLink_3158 552 10211 110211 5261 211
ntLink_315 2052 781 100781 5262 211
ntLink_315 2052 50781 150781 5263 211
ntLink_315 2052 100781 200781 5264 211
ntLink_315 2052 150781 250781 5265 211
ntLink_315 2052 200781 300781 5266 211
ntLink_315 2052 250781 350781 5267 211
ntLink_3166 1305 840 100840 5268 211
ntLink_3166 1305 50840 150840 5269 211
ntLink_316 776 398 100398 5270 211
ntLink_316 776 50398 150398 5271 211
ntLink_316 776 100398 200398 5272 211
ntLink_3174 324 314 100314 5273 211
ntLink_3177 651 41182 141182 5274 211
ntLink_317 772 1134 101134 5275 211
ntLink_3180 759 8978 108978 5276 212
ntLink_3180 759 58978 158978 5277 212
ntLink_3180 759 108978 208978 5278 212
ntLink_3184 1337 3092 103092 5279 212
ntLink_3189 1186 140 100140 5280 212
ntLink_3190 903 6839 106839 5281 212
ntLink_3191 1471 118 100118 5282 212
ntLink_3191 1471 50118 150118 5283 212
ntLink_3191 1471 100118 200118 5284 212
ntLink_3192 2694 1142 101142 5285 212
ntLink_3192 2694 51142 151142 5286 212
ntLink_3192 2694 101142 201142 5287 212
ntLink_3192 2694 151142 251142 5288 212
ntLink_3192 2694 201142 301142 5289 212
ntLink_3192 2694 251142 351142 5290 212
ntLink_3192 2694 301142 401142 5291 212
ntLink_3193 1045 231 100231 5292 212
ntLink_3193 1045 50231 150231 5293 212
ntLink_3199 935 2039 102039 5294 212
ntLink_3199 935 52039 152039 5295 212
Backbone_12827 995 735 100735 5296 212
Backbone_12827 995 50735 150735 5297 212
Backbone_12834 592 883 100883 5298 212
Backbone_12842 967 315 100315 5299 212
ntLink_319 2890 512 100512 5300 212
ntLink_319 2890 50512 150512 5301 213
ntLink_319 2890 100512 200512 5302 213
ntLink_319 2890 150512 250512 5303 213
ntLink_319 2890 200512 300512 5304 213
ntLink_319 2890 250512 350512 5305 213
ntLink_319 2890 300512 400512 5306 213
ntLink_31 3079 2373 102373 5307 213
ntLink_31 3079 52373 152373 5308 213
ntLink_31 3079 102373 202373 5309 213
ntLink_31 3079 152373 252373 5310 213
ntLink_31 3079 202373 302373 5311 213
ntLink_31 3079 252373 352373 5312 213
ntLink_31 3079 302373 402373 5313 213
ntLink_31 3079 352373 452373 5314 213
ntLink_31 3079 402373 502373 5315 213
ntLink_3203 1101 14631 114631 5316 213
ntLink_3203 1101 64631 164631 5317 213
ntLink_3204 654 180 100180 5318 213
ntLink_3205 724 600 100600 5319 213
ntLink_3205 724 50600 150600 5320 213
ntLink_3206 401 220 100220 5321 213
ntLink_3207 455 9138 109138 5322 213
ntLink_3213 273 2402 102402 5323 213
ntLink_3215 1904 5958 105958 5324 213
ntLink_3215 1904 55958 155958 5325 213
ntLink_3215 1904 105958 205958 5326 214
ntLink_3215 1904 155958 255958 5327 214
ntLink_3218 890 1213 101213 5328 214
ntLink_321 2136 3565 103565 5329 214
ntLink_321 2136 53565 153565 5330 214
ntLink_321 2136 103565 203565 5331 214
ntLink_321 2136 153565 253565 5332 214
ntLink_321 2136 203565 303565 5333 214
ntLink_3229 846 14020 114020 5334 214
ntLink_3229 846 64020 164020 5335 214
ntLink_3232 713 316 100316 5336 214
ntLink_3234 873 429 100429 5337 214
ntLink_3234 873 50429 150429 5338 214
ntLink_3240 1682 7640 107640 5339 214
ntLink_3240 1682 57640 157640 5340 214
ntLink_3240 1682 107640 207640 5341 214
ntLink_3240 1682 157640 257640 5342 214
ntLink_3241 1092 2014 102014 5343 214
ntLink_3241 1092 52014 152014 5344 214
ntLink_3244 1066 100 100100 5345 214
ntLink_3244 1066 50100 150100 5346 214
ntLink_3244 1066 100100 200100 5347 214
ntLink_3245 1107 2196 102196 5348 214
ntLink_3245 1107 52196 152196 5349 214
ntLink_3245 1107 102196 202196 5350 214
ntLink_3247 365 365 100365 5351 215
ntLink_324 841 11423 111423 5352 215
ntLink_3250 1523 509 100509 5353 215
ntLink_3250 1523 50509 150509 5354 215
ntLink_3250 1523 100509 200509 5355 215
ntLink_3250 1523 150509 250509 5356 215
ntLink_3253 626 392 100392 5357 215
ntLink_3256 985 159 100159 5358 215
ntLink_325 2087 232 100232 5359 215
ntLink_325 2087 50232 150232 5360 215
ntLink_325 2087 100232 200232 5361 215
ntLink_325 2087 150232 250232 5362 215
ntLink_325 2087 200232 300232 5363 215
ntLink_3264 504 5561 105561 5364 215
ntLink_3266 889 391 100391 5365 215
ntLink_3271 630 906 100906 5366 215
ntLink_3274 288 137 100137 5367 215
ntLink_3278 1174 70 100070 5368 215
ntLink_3279 562 438 100438 5369 215
ntLink_327 1005 4531 104531 5370 215
ntLink_3280 610 277 100277 5371 215
ntLink_3283 873 411 100411 5372 215
ntLink_3285 740 4342 104342 5373 215
ntLink_3285 740 54342 154342 5374 215
ntLink_328 831 2863 102863 5375 215
ntLink_3296 1225 276 100276 5376 216
ntLink_3296 1225 50276 150276 5377 216
ntLink_3297 1138 272 100272 5378 216
ntLink_3299 280 12185 112185 5379 216
ntLink_329 786 187 100187 5380 216
ntLink_329 786 50187 150187 5381 216
ntLink_329 786 100187 200187 5382 216
ntLink_32 2326 6875 106875 5383 216
ntLink_32 2326 56875 156875 5384 216
ntLink_32 2326 106875 206875 5385 216
ntLink_32 2326 156875 256875 5386 216
ntLink_32 2326 206875 306875 5387 216
ntLink_32 2326 256875 356875 5388 216
ntLink_32 2326 306875 406875 5389 216
ntLink_32 2326 356875 456875 5390 216
ntLink_32 2326 406875 506875 5391 216
ntLink_3304 2023 2147 102147 5392 216
ntLink_3304 2023 52147 152147 5393 216
ntLink_3304 2023 102147 202147 5394 216
ntLink_3304 2023 152147 252147 5395 216
ntLink_3304 2023 202147 302147 5396 216
ntLink_3306 551 3865 103865 5397 216
ntLink_3306 551 53865 153865 5398 216
ntLink_3307 1618 638 100638 5399 216
ntLink_3307 1618 50638 150638 5400 216
ntLink_3307 1618 100638 200638 5401 217
ntLink_3307 1618 150638 250638 5402 217
ntLink_3309 1355 561 100561 5403 217
ntLink_3309 1355 50561 150561 5404 217
ntLink_330 522 35952 135952 5405 217
ntLink_3311 1325 1705 101705 5406 217
ntLink_3311 1325 51705 151705 5407 217
ntLink_3311 1325 101705 201705 5408 217
ntLink_3312 681 356 100356 5409 217
ntLink_3313 474 12366 112366 5410 217
ntLink_3317 727 211 100211 5411 217
ntLink_3317 727 50211 150211 5412 217
ntLink_331 1929 192 100192 5413 217
ntLink_331 1929 50192 150192 5414 217
ntLink_331 1929 100192 200192 5415 217
ntLink_331 1929 150192 250192 5416 217
ntLink_331 1929 200192 300192 5417 217
ntLink_3320 801 451 100451 5418 217
ntLink_3321 1366 465 100465 5419 217
ntLink_3321 1366 50465 150465 5420 217
ntLink_3323 762 608 100608 5421 217
ntLink_3327 837 9572 109572 5422 217
ntLink_332 616 479 100479 5423 217
ntLink_3331 384 1378 101378 5424 217
ntLink_3331 384 51378 151378 5425 217
ntLink_3333 484 157 100157 5426 218
ntLink_3336 464 22690 122690 5427 218
ntLink_3338 855 1662 101662 5428 218
ntLink_3338 855 51662 151662 5429 218
ntLink_3338 855 101662 201662 5430 218
ntLink_3338 855 151662 251662 5431 218
ntLink_3339 992 318 100318 5432 218
ntLink_333 1005 125 100125 5433 218
ntLink_333 1005 50125 150125 5434 218
ntLink_3341 895 1057 101057 5435 218
ntLink_3342 1193 597 100597 5436 218
ntLink_3342 1193 50597 150597 5437 218
ntLink_3342 1193 100597 200597 5438 218
ntLink_3346 891 213 100213 5439 218
ntLink_3346 891 50213 150213 5440 218
ntLink_334 1689 2850 102850 5441 218
ntLink_334 1689 52850 152850 5442 218
ntLink_334 1689 102850 202850 5443 218
ntLink_334 1689 152850 252850 5444 218
ntLink_334 1689 202850 302850 5445 218
ntLink_3350 777 976 100976 5446 218
ntLink_3351 1003 1860 101860 5447 218
ntLink_3353 838 6680 106680 5448 218
ntLink_3357 834 15410 115410 5449 218
ntLink_3359 1242 305 100305 5450 218
ntLink_335 989 767 100767 5451 219
ntLink_3365 300 732 100732 5452 219
ntLink_3366 1222 634 100634 5453 219
ntLink_3366 1222 50634 150634 5454 219
ntLink_3367 2291 107 100107 5455 219
ntLink_3367 2291 50107 150107 5456 219
ntLink_3367 2291 100107 200107 5457 219
ntLink_3367 2291 150107 250107 5458 219
ntLink_3367 2291 200107 300107 5459 219
ntLink_3369 909 504 100504 5460 219
ntLink_3371 1511 10923 110923 5461 219
ntLink_3371 1511 60923 160923 5462 219
ntLink_3371 1511 110923 210923 5463 219
ntLink_3377 826 1156 101156 5464 219
ntLink_3383 803 4643 104643 5465 219
ntLink_3384 871 2079 102079 5466 219
ntLink_3384 871 52079 152079 5467 219
ntLink_3386 1733 260 100260 5468 219
ntLink_3386 1733 50260 150260 5469 219
ntLink_3386 1733 100260 200260 5470 219
ntLink_3387 758 1878 101878 5471 219
ntLink_3389 458 493 100493 5472 219
ntLink_3389 458 50493 150493 5473 219
ntLink_338 1109 614 100614 5474 219
ntLink_338 1109 50614 150614 5475 219
ntLink_3391 749 1254 101254 5476 220
ntLink_3394 1140 351 100351 5477 220
ntLink_3394 1140 50351 150351 5478 220
ntLink_3395 2320 728 100728 5479 220
ntLink_3395 2320 50728 150728 5480 220
ntLink_3395 2320 100728 200728 5481 220
ntLink_3395 2320 150728 250728 5482 220
ntLink_3396 449 280 100280 5483 220
ntLink_3399 839 805 100805 5484 220
ntLink_33 2004 927 100927 5485 220
ntLink_33 2004 50927 150927 5486 220
ntLink_33 2004 100927 200927 5487 220
ntLink_33 2004 150927 250927 5488 220
ntLink_33 2004 200927 300927 5489 220
ntLink_3402 1354 17323 117323 5490 220
ntLink_3402 1354 67323 167323 5491 220
ntLink_3402 1354 117323 217323 5492 220
ntLink_3403 3066 448 100448 5493 220
ntLink_3403 3066 50448 150448 5494 220
ntLink_3403 3066 100448 200448 5495 220
ntLink_3403 3066 150448 250448 5496 220
ntLink_3403 3066 200448 300448 5497 220
ntLink_3403 3066 250448 350448 5498 220
ntLink_3405 603 32 100032 5499 220
ntLink_3408 1189 4498 104498 5500 220
ntLink_3417 988 180 100180 5501 221
ntLink_341 1410 215 100215 5502 221
ntLink_341 1410 50215 150215 5503 221
ntLink_341 1410 100215 200215 5504 221
ntLink_341 1410 150215 250215 5505 221
ntLink_3422 1055 2736 102736 5506 221
ntLink_3422 1055 52736 152736 5507 221
ntLink_3422 1055 102736 202736 5508 221
ntLink_3426 989 413 100413 5509 221
ntLink_3429 1038 8859 108859 5510 221
ntLink_3429 1038 58859 158859 5511 221
ntLink_3430 1001 898 100898 5512 221
ntLink_343 1204 192 100192 5513 221
ntLink_343 1204 50192 150192 5514 221
ntLink_3453 988 8782 108782 5515 221
ntLink_3453 988 58782 158782 5516 221
ntLink_3454 772 262 100262 5517 221
ntLink_3457 358 387 100387 5518 221
ntLink_345 1527 147 100147 5519 221
ntLink_345 1527 50147 150147 5520 221
ntLink_345 1527 100147 200147 5521 221
ntLink_3460 717 3885 103885 5522 221
ntLink_3462 690 177 100177 5523 221
ntLink_3462 690 50177 150177 5524 221
ntLink_3465 2211 9224 109224 5525 221
ntLink_3465 2211 59224 159224 5526 222
ntLink_3465 2211 109224 209224 5527 222
ntLink_3465 2211 159224 259224 5528 222
ntLink_3465 2211 209224 309224 5529 222
ntLink_3468 634 3888 103888 5530 222
ntLink_3468 634 53888 153888 5531 222
ntLink_346 1238 644 100644 5532 222
ntLink_346 1238 50644 150644 5533 222
ntLink_346 1238 100644 200644 5534 222
ntLink_3470 1024 299 100299 5535 222
ntLink_3471 2375 399 100399 5536 222
ntLink_3471 2375 50399 150399 5537 222
ntLink_3471 2375 100399 200399 5538 222
ntLink_3471 2375 150399 250399 5539 222
ntLink_3471 2375 200399 300399 5540 222
ntLink_3471 2375 250399 350399 5541 222
ntLink_347 1539 1142 101142 5542 222
ntLink_347 1539 51142 151142 5543 222
ntLink_347 1539 101142 201142 5544 222
ntLink_3481 535 274 100274 5545 222
ntLink_3487 731 4438 104438 5546 222
ntLink_3488 1548 172 100172 5547 222
ntLink_3488 1548 50172 150172 5548 222
ntLink_3488 1548 100172 200172 5549 222
ntLink_3489 1016 365 100365 5550 222
ntLink_3489 1016 50365 150365 5551 223
ntLink_348 595 1128 101128 5552 223
ntLink_3490 1492 333 100333 5553 223
ntLink_3490 1492 50333 150333 5554 223
ntLink_3490 1492 100333 200333 5555 223
ntLink_3494 661 2779 102779 5556 223
ntLink_3494 661 52779 152779 5557 223
ntLink_349 464 2341 102341 5558 223
ntLink_34 841 10423 110423 5559 223
ntLink_34 841 60423 160423 5560 223
ntLink_3500 875 4177 104177 5561 223
ntLink_3503 807 232 100232 5562 223
ntLink_3505 1064 2382 102382 5563 223
ntLink_3505 1064 52382 152382 5564 223
ntLink_3506 808 934 100934 5565 223
ntLink_3507 1290 244 100244 5566 223
ntLink_3507 1290 50244 150244 5567 223
ntLink_3508 1496 514 100514 5568 223
ntLink_3508 1496 50514 150514 5569 223
ntLink_3508 1496 100514 200514 5570 223
ntLink_350 707 469 100469 5571 223
ntLink_3510 816 1102 101102 5572 223
ntLink_3511 822 1468 101468 5573 223
ntLink_3513 638 190 100190 5574 223
ntLink_3516 1039 359 100359 5575 223
ntLink_3516 1039 50359 150359 5576 224
ntLink_3518 2275 1000 101000 5577 224
ntLink_3518 2275 51000 151000 5578 224
ntLink_3518 2275 101000 201000 5579 224
ntLink_3518 2275 151000 251000 5580 224
ntLink_3519 676 171 100171 5581 224
ntLink_351 2340 171 100171 5582 224
ntLink_351 2340 50171 150171 5583 224
ntLink_351 2340 100171 200171 5584 224
ntLink_351 2340 150171 250171 5585 224
ntLink_351 2340 200171 300171 5586 224
ntLink_351 2340 250171 350171 5587 224
ntLink_3520 866 477 100477 5588 224
ntLink_3520 866 50477 150477 5589 224
ntLink_3525 1247 1562 101562 5590 224
ntLink_3525 1247 51562 151562 5591 224
ntLink_3525 1247 101562 201562 5592 224
ntLink_3526 496 708 100708 5593 224
ntLink_352 1777 367 100367 5594 224
ntLink_352 1777 50367 150367 5595 224
ntLink_352 1777 100367 200367 5596 224
ntLink_3534 1248 417 100417 5597 224
ntLink_3534 1248 50417 150417 5598 224
ntLink_3536 720 1804 101804 5599 224
ntLink_3539 1282 106 100106 5600 224
ntLink_3539 1282 50106 150106 5601 225
ntLink_3539 1282 100106 200106 5602 225
ntLink_3542 1605 1238 101238 5603 225
ntLink_3542 1605 51238 151238 5604 225
ntLink_3542 1605 101238 201238 5605 225
ntLink_3547 2099 867 100867 5606 225
ntLink_3547 2099 50867 150867 5607 225
ntLink_3547 2099 100867 200867 5608 225
ntLink_3547 2099 150867 250867 5609 225
ntLink_3547 2099 200867 300867 5610 225
ntLink_3548 1043 9626 109626 5611 225
ntLink_3549 462 363 100363 5612 225
ntLink_3552 734 314 100314 5613 225
ntLink_3553 811 4150 104150 5614 225
ntLink_3553 811 54150 154150 5615 225
ntLink_3557 331 11971 111971 5616 225
ntLink_3558 807 7067 107067 5617 225
Backbone_1288 568 877 100877 5618 225
Backbone_12892 1053 2937 102937 5619 225
Backbone_12892 1053 52937 152937 5620 225
ntLink_3562 916 277 100277 5621 225
ntLink_3562 916 50277 150277 5622 225
ntLink_3563 1868 18458 118458 5623 225
ntLink_3563 1868 68458 168458 5624 225
ntLink_3563 1868 118458 218458 5625 225
ntLink_3563 1868 168458 268458 5626 226
ntLink_3563 1868 218458 318458 5627 226
ntLink_3563 1868 268458 368458 5628 226
ntLink_3563 1868 318458 418458 5629 226
ntLink_3563 1868 368458 468458 5630 226
ntLink_3563 1868 418458 518458 5631 226
ntLink_3570 1286 1100 101100 5632 226
ntLink_3570 1286 51100 151100 5633 226
ntLink_3571 1108 366 100366 5634 226
ntLink_3571 1108 50366 150366 5635 226
ntLink_3572 1653 371 100371 5636 226
ntLink_3572 1653 50371 150371 5637 226
ntLink_3572 1653 100371 200371 5638 226
ntLink_3574 2422 2524 102524 5639 226
ntLink_3574 2422 52524 152524 5640 226
ntLink_3574 2422 102524 202524 5641 226
ntLink_3574 2422 152524 252524 5642 226
ntLink_3574 2422 202524 302524 5643 226
ntLink_3574 2422 252524 352524 5644 226
ntLink_3581 2078 340 100340 5645 226
ntLink_3581 2078 50340 150340 5646 226
ntLink_3581 2078 100340 200340 5647 226
ntLink_3581 2078 150340 250340 5648 226
ntLink_3586 1333 3435 103435 5649 226
ntLink_3586 1333 53435 153435 5650 226
ntLink_3586 1333 103435 203435 5651 227
ntLink_358 941 889 100889 5652 227
ntLink_358 941 50889 150889 5653 227
ntLink_3590 1640 524 100524 5654 227
ntLink_3590 1640 50524 150524 5655 227
ntLink_3590 1640 100524 200524 5656 227
ntLink_3592 2217 1584 101584 5657 227
ntLink_3592 2217 51584 151584 5658 227
ntLink_3592 2217 101584 201584 5659 227
ntLink_3592 2217 151584 251584 5660 227
ntLink_3592 2217 201584 301584 5661 227
ntLink_3592 2217 251584 351584 5662 227
ntLink_3594 314 27309 127309 5663 227
ntLink_35 2115 338 100338 5664 227
ntLink_35 2115 50338 150338 5665 227
ntLink_35 2115 100338 200338 5666 227
ntLink_35 2115 150338 250338 5667 227
ntLink_3601 548 314 100314 5668 227
ntLink_3607 418 1380 101380 5669 227
ntLink_3607 418 51380 151380 5670 227
ntLink_3609 1577 217 100217 5671 227
ntLink_3609 1577 50217 150217 5672 227
ntLink_3609 1577 100217 200217 5673 227
ntLink_3609 1577 150217 250217 5674 227
ntLink_3610 787 996 100996 5675 227
ntLink_3612 1348 17245 117245 5676 228
ntLink_3612 1348 67245 167245 5677 228
ntLink_3616 1745 4120 104120 5678 228
ntLink_3616 1745 54120 154120 5679 228
ntLink_3616 1745 104120 204120 5680 228
ntLink_3618 1180 975 100975 5681 228
ntLink_3618 1180 50975 150975 5682 228
ntLink_3621 1276 8374 108374 5683 228
ntLink_3622 2153 987 100987 5684 228
ntLink_3622 2153 50987 150987 5685 228
ntLink_3622 2153 100987 200987 5686 228
ntLink_3622 2153 150987 250987 5687 228
ntLink_3622 2153 200987 300987 5688 228
ntLink_3623 1173 6574 106574 5689 228
ntLink_3623 1173 56574 156574 5690 228
ntLink_362 635 359 100359 5691 228
ntLink_3634 626 440 100440 5692 228
ntLink_3634 626 50440 150440 5693 228
ntLink_3636 1084 478 100478 5694 228
ntLink_3636 1084 50478 150478 5695 228
ntLink_3636 1084 100478 200478 5696 228
ntLink_3637 1237 69 100069 5697 228
ntLink_3637 1237 50069 150069 5698 228
ntLink_3637 1237 100069 200069 5699 228
ntLink_3642 635 625 100625 5700 228
ntLink_3642 635 50625 150625 5701 229
ntLink_3645 1369 2391 102391 5702 229
ntLink_3645 1369 52391 152391 5703 229
ntLink_3647 1114 298 100298 5704 229
ntLink_3649 1108 177 100177 5705 229
ntLink_3649 1108 50177 150177 5706 229
ntLink_3650 516 649 100649 5707 229
ntLink_3651 2752 10 100010 5708 229
ntLink_3651 2752 50010 150010 5709 229
ntLink_3651 2752 100010 200010 5710 229
ntLink_3651 2752 150010 250010 5711 229
ntLink_3651 2752 200010 300010 5712 229
ntLink_3655 1755 308 100308 5713 229
ntLink_3655 1755 50308 150308 5714 229
ntLink_3655 1755 100308 200308 5715 229
ntLink_3655 1755 150308 250308 5716 229
ntLink_3656 1707 380 100380 5717 229
ntLink_3656 1707 50380 150380 5718 229
ntLink_3656 1707 100380 200380 5719 229
ntLink_3659 969 1229 101229 5720 229
ntLink_3659 969 51229 151229 5721 229
ntLink_3662 434 2427 102427 5722 229
ntLink_3664 2331 757 100757 5723 229
ntLink_3664 2331 50757 150757 5724 229
ntLink_3664 2331 100757 200757 5725 229
ntLink_3664 2331 150757 250757 5726 230
ntLink_3664 2331 200757 300757 5727 230
ntLink_3664 2331 250757 350757 5728 230
ntLink_3667 1071 256 100256 5729 230
ntLink_3667 1071 50256 150256 5730 230
ntLink_366 1108 74 100074 5731 230
ntLink_366 1108 50074 150074 5732 230
ntLink_3672 519 5910 105910 5733 230
ntLink_3675 1083 678 100678 5734 230
ntLink_3676 1428 159 100159 5735 230
ntLink_3676 1428 50159 150159 5736 230
ntLink_3676 1428 100159 200159 5737 230
ntLink_3690 1894 467 100467 5738 230
ntLink_3690 1894 50467 150467 5739 230
ntLink_3690 1894 100467 200467 5740 230
ntLink_3690 1894 150467 250467 5741 230
ntLink_3692 842 364 100364 5742 230
ntLink_3694 2170 194 100194 5743 230
ntLink_3694 2170 50194 150194 5744 230
ntLink_3694 2170 100194 200194 5745 230
ntLink_3698 158 24816 124816 5746 230
ntLink_369 1116 175 100175 5747 230
ntLink_369 1116 50175 150175 5748 230
ntLink_36 1072 9957 109957 5749 230
ntLink_36 1072 59957 159957 5750 230
ntLink_36 1072 109957 209957 5751 231
ntLink_3700 921 2404 102404 5752 231
ntLink_3700 921 52404 152404 5753 231
ntLink_3701 1593 1462 101462 5754 231
ntLink_3701 1593 51462 151462 5755 231
ntLink_3701 1593 101462 201462 5756 231
ntLink_3703 744 8539 108539 5757 231
ntLink_3703 744 58539 158539 5758 231
ntLink_3703 744 108539 208539 5759 231
ntLink_3706 970 1220 101220 5760 231
ntLink_3706 970 51220 151220 5761 231
ntLink_3707 556 4893 104893 5762 231
ntLink_370 767 5727 105727 5763 231
ntLink_370 767 55727 155727 5764 231
ntLink_370 767 105727 205727 5765 231
ntLink_3714 496 260 100260 5766 231
ntLink_3716 1305 315 100315 5767 231
ntLink_3716 1305 50315 150315 5768 231
ntLink_3721 789 14766 114766 5769 231
ntLink_3721 789 64766 164766 5770 231
ntLink_3721 789 114766 214766 5771 231
ntLink_3723 968 29403 129403 5772 231
ntLink_3723 968 79403 179403 5773 231
ntLink_3724 2223 4801 104801 5774 231
ntLink_3724 2223 54801 154801 5775 231
ntLink_3724 2223 104801 204801 5776 232
ntLink_3724 2223 154801 254801 5777 232
ntLink_3724 2223 204801 304801 5778 232
ntLink_3726 1542 318 100318 5779 232
ntLink_3726 1542 50318 150318 5780 232
ntLink_3726 1542 100318 200318 5781 232
ntLink_3726 1542 150318 250318 5782 232
ntLink_3731 756 18542 118542 5783 232
ntLink_3734 923 568 100568 5784 232
ntLink_3737 934 807 100807 5785 232
ntLink_3738 369 927 100927 5786 232
ntLink_3741 595 21776 121776 5787 232
ntLink_3742 616 1130 101130 5788 232
ntLink_3742 616 51130 151130 5789 232
ntLink_3744 1011 5383 105383 5790 232
ntLink_3748 1745 2313 102313 5791 232
ntLink_3748 1745 52313 152313 5792 232
ntLink_3748 1745 102313 202313 5793 232
ntLink_3751 900 481 100481 5794 232
ntLink_3753 1851 870 100870 5795 232
ntLink_3753 1851 50870 150870 5796 232
ntLink_3754 967 1293 101293 5797 232
ntLink_3758 1815 455 100455 5798 232
ntLink_3758 1815 50455 150455 5799 232
ntLink_3758 1815 100455 200455 5800 232
ntLink_3759 1370 1094 101094 5801 233
ntLink_3759 1370 51094 151094 5802 233
ntLink_375 2665 381 100381 5803 233
ntLink_375 2665 50381 150381 5804 233
ntLink_375 2665 100381 200381 5805 233
ntLink_375 2665 150381 250381 5806 233
ntLink_375 2665 200381 300381 5807 233
ntLink_3760 479 2069 102069 5808 233
ntLink_3765 2056 106 100106 5809 233
ntLink_3765 2056 50106 150106 5810 233
ntLink_3765 2056 100106 200106 5811 233
ntLink_3765 2056 150106 250106 5812 233
ntLink_3765 2056 200106 300106 5813 233
ntLink_3765 2056 250106 350106 5814 233
ntLink_3768 1038 164 100164 5815 233
ntLink_3768 1038 50164 150164 5816 233
ntLink_3769 2219 538 100538 5817 233
ntLink_3769 2219 50538 150538 5818 233
ntLink_3769 2219 100538 200538 5819 233
ntLink_3769 2219 150538 250538 5820 233
ntLink_3769 2219 200538 300538 5821 233
ntLink_3769 2219 250538 350538 5822 233
ntLink_3770 799 2115 102115 5823 233
ntLink_3772 949 1365 101365 5824 233
ntLink_3772 949 51365 151365 5825 233
ntLink_3773 883 1502 101502 5826 234
ntLink_3773 883 51502 151502 5827 234
ntLink_3773 883 101502 201502 5828 234
ntLink_3774 957 214 100214 5829 234
ntLink_3774 957 50214 150214 5830 234
ntLink_3775 1759 1281 101281 5831 234
ntLink_3775 1759 51281 151281 5832 234
ntLink_3775 1759 101281 201281 5833 234
ntLink_3775 1759 151281 251281 5834 234
ntLink_3775 1759 201281 301281 5835 234
ntLink_3776 1318 3116 103116 5836 234
ntLink_3776 1318 53116 153116 5837 234
ntLink_3776 1318 103116 203116 5838 234
ntLink_3777 1643 127 100127 5839 234
ntLink_3777 1643 50127 150127 5840 234
ntLink_3777 1643 100127 200127 5841 234
ntLink_3777 1643 150127 250127 5842 234
ntLink_3777 1643 200127 300127 5843 234
ntLink_3777 1643 250127 350127 5844 234
ntLink_3780 1203 161 100161 5845 234
ntLink_3780 1203 50161 150161 5846 234
ntLink_3780 1203 100161 200161 5847 234
ntLink_3784 1005 332 100332 5848 234
ntLink_3784 1005 50332 150332 5849 234
ntLink_3785 2463 19122 119122 5850 234
ntLink_3785 2463 69122 169122 5851 235
ntLink_3785 2463 119122 219122 5852 235
ntLink_3785 2463 169122 269122 5853 235
ntLink_3785 2463 219122 319122 5854 235
ntLink_3786 1882 1107 101107 5855 235
ntLink_3786 1882 51107 151107 5856 235
ntLink_3786 1882 101107 201107 5857 235
ntLink_3786 1882 151107 251107 5858 235
ntLink_3786 1882 201107 301107 5859 235
ntLink_3787 652 5298 105298 5860 235
ntLink_3789 962 105 100105 5861 235
ntLink_3789 962 50105 150105 5862 235
ntLink_3789 962 100105 200105 5863 235
ntLink_3795 3835 31344 131344 5864 235
ntLink_3795 3835 81344 181344 5865 235
ntLink_3795 3835 131344 231344 5866 235
ntLink_3795 3835 181344 281344 5867 235
ntLink_3795 3835 231344 331344 5868 235
ntLink_3795 3835 281344 381344 5869 235
ntLink_3795 3835 331344 431344 5870 235
ntLink_3795 3835 381344 481344 5871 235
ntLink_3795 3835 431344 531344 5872 235
ntLink_3795 3835 481344 581344 5873 235
ntLink_3795 3835 531344 631344 5874 235
ntLink_3798 414 3357 103357 5875 235
ntLink_3799 748 3156 103156 5876 236
ntLink_3799 748 53156 153156 5877 236
ntLink_379 823 162 100162 5878 236
ntLink_3800 248 22305 122305 5879 236
ntLink_3801 717 1360 101360 5880 236
ntLink_3805 1646 5317 105317 5881 236
ntLink_3805 1646 55317 155317 5882 236
ntLink_3808 632 13648 113648 5883 236
ntLink_3809 1105 765 100765 5884 236
ntLink_3809 1105 50765 150765 5885 236
ntLink_3810 653 121 100121 5886 236
ntLink_3812 730 6688 106688 5887 236
ntLink_3812 730 56688 156688 5888 236
ntLink_3813 1073 370 100370 5889 236
ntLink_381 861 545 100545 5890 236
ntLink_3821 873 268 100268 5891 236
ntLink_3821 873 50268 150268 5892 236
ntLink_3822 290 501 100501 5893 236
ntLink_3823 2529 215 100215 5894 236
ntLink_3823 2529 50215 150215 5895 236
ntLink_3823 2529 100215 200215 5896 236
ntLink_3823 2529 150215 250215 5897 236
ntLink_3823 2529 200215 300215 5898 236
ntLink_3823 2529 250215 350215 5899 236
ntLink_3829 944 3985 103985 5900 236
ntLink_3829 944 53985 153985 5901 237
ntLink_3832 767 6077 106077 5902 237
ntLink_3835 1129 297 100297 5903 237
ntLink_3835 1129 50297 150297 5904 237
ntLink_3835 1129 100297 200297 5905 237
ntLink_3839 1344 223 100223 5906 237
ntLink_3839 1344 50223 150223 5907 237
ntLink_3840 1939 7986 107986 5908 237
ntLink_3840 1939 57986 157986 5909 237
ntLink_3840 1939 107986 207986 5910 237
ntLink_3840 1939 157986 257986 5911 237
ntLink_3840 1939 207986 307986 5912 237
ntLink_3843 787 6663 106663 5913 237
ntLink_3847 808 3956 103956 5914 237
ntLink_3849 811 460 100460 5915 237
ntLink_3852 785 220 100220 5916 237
ntLink_3852 785 50220 150220 5917 237
ntLink_3855 1613 10854 110854 5918 237
ntLink_3855 1613 60854 160854 5919 237
ntLink_3855 1613 110854 210854 5920 237
ntLink_3857 750 6946 106946 5921 237
ntLink_385 2666 4139 104139 5922 237
ntLink_385 2666 54139 154139 5923 237
ntLink_385 2666 104139 204139 5924 237
ntLink_385 2666 154139 254139 5925 237
ntLink_385 2666 204139 304139 5926 238
ntLink_385 2666 254139 354139 5927 238
ntLink_385 2666 304139 404139 5928 238
ntLink_3862 639 132 100132 5929 238
ntLink_3866 1655 6891 106891 5930 238
ntLink_3866 1655 56891 156891 5931 238
ntLink_3866 1655 106891 206891 5932 238
ntLink_3868 463 243 100243 5933 238
ntLink_3869 1266 227 100227 5934 238
ntLink_3869 1266 50227 150227 5935 238
ntLink_3869 1266 100227 200227 5936 238
ntLink_3869 1266 150227 250227 5937 238
ntLink_3870 537 360 100360 5938 238
ntLink_3871 808 490 100490 5939 238
ntLink_3874 1266 471 100471 5940 238
ntLink_3874 1266 50471 150471 5941 238
ntLink_3878 1254 420 100420 5942 238
ntLink_3878 1254 50420 150420 5943 238
ntLink_3878 1254 100420 200420 5944 238
ntLink_3879 375 800 100800 5945 238
ntLink_3879 375 50800 150800 5946 238
ntLink_3881 986 6853 106853 5947 238
ntLink_3881 986 56853 156853 5948 238
ntLink_3882 585 580 100580 5949 238
ntLink_3883 559 301 100301 5950 238
ntLink_3887 833 10577 110577 5951 239
ntLink_3887 833 60577 160577 5952 239
ntLink_3896 377 46 100046 5953 239
ntLink_3898 1785 7043 107043 5954 239
ntLink_3898 1785 57043 157043 5955 239
ntLink_3898 1785 107043 207043 5956 239
ntLink_3898 1785 157043 257043 5957 239
ntLink_3899 827 258 100258 5958 239
ntLink_389 860 173 100173 5959 239
ntLink_389 860 50173 150173 5960 239
ntLink_3903 1388 2490 102490 5961 239
ntLink_3903 1388 52490 152490 5962 239
ntLink_3903 1388 102490 202490 5963 239
ntLink_3905 1197 5526 105526 5964 239
ntLink_3905 1197 55526 155526 5965 239
ntLink_3905 1197 105526 205526 5966 239
ntLink_3905 1197 155526 255526 5967 239
ntLink_3910 854 3349 103349 5968 239
ntLink_3910 854 53349 153349 5969 239
ntLink_3910 854 103349 203349 5970 239
ntLink_3911 1196 557 100557 5971 239
ntLink_3911 1196 50557 150557 5972 239
ntLink_3911 1196 100557 200557 5973 239
ntLink_3913 733 5020 105020 5974 239
ntLink_3914 1051 12684 112684 5975 239
ntLink_3914 1051 62684 162684 5976 240
ntLink_3917 2024 186 100186 5977 240
ntLink_3917 2024 50186 150186 5978 240
ntLink_3917 2024 100186 200186 5979 240
ntLink_3917 2024 150186 250186 5980 240
ntLink_3918 1742 393 100393 5981 240
ntLink_3918 1742 50393 150393 5982 240
ntLink_3918 1742 100393 200393 5983 240
ntLink_3918 1742 150393 250393 5984 240
Backbone_12935 842 234 100234 5985 240
Backbone_12937 727 7373 107373 5986 240
Backbone_12937 727 57373 157373 5987 240
Backbone_12975 881 2737 102737 5988 240
Backbone_12976 799 558 100558 5989 240
ntLink_3920 2012 1621 101621 5990 240
ntLink_3920 2012 51621 151621 5991 240
ntLink_3920 2012 101621 201621 5992 240
ntLink_3920 2012 151621 251621 5993 240
ntLink_3920 2012 201621 301621 5994 240
ntLink_3921 930 2653 102653 5995 240
ntLink_3921 930 52653 152653 5996 240
ntLink_3921 930 102653 202653 5997 240
ntLink_3922 622 2646 102646 5998 240
ntLink_3924 1246 184 100184 5999 240
ntLink_3924 1246 50184 150184 6000 240
ntLink_3924 1246 100184 200184 6001 241
ntLink_3929 1467 225 100225 6002 241
ntLink_3929 1467 50225 150225 6003 241
ntLink_3936 1112 883 100883 6004 241
ntLink_3937 1043 470 100470 6005 241
ntLink_3937 1043 50470 150470 6006 241
ntLink_3938 1248 467 100467 6007 241
ntLink_3938 1248 50467 150467 6008 241
ntLink_3942 1331 2485 102485 6009 241
ntLink_3942 1331 52485 152485 6010 241
ntLink_3945 691 1838 101838 6011 241
ntLink_3945 691 51838 151838 6012 241
ntLink_3946 1936 415 100415 6013 241
ntLink_3946 1936 50415 150415 6014 241
ntLink_3946 1936 100415 200415 6015 241
ntLink_3946 1936 150415 250415 6016 241
ntLink_3948 1150 204 100204 6017 241
ntLink_3948 1150 50204 150204 6018 241
ntLink_3948 1150 100204 200204 6019 241
ntLink_3949 1417 7317 107317 6020 241
ntLink_3949 1417 57317 157317 6021 241
ntLink_3949 1417 107317 207317 6022 241
ntLink_3954 1582 10499 110499 6023 241
ntLink_3954 1582 60499 160499 6024 241
ntLink_3954 1582 110499 210499 6025 241
ntLink_3961 699 112 100112 6026 242
ntLink_3965 2151 2141 102141 6027 242
ntLink_3965 2151 52141 152141 6028 242
ntLink_3965 2151 102141 202141 6029 242
ntLink_3965 2151 152141 252141 6030 242
ntLink_3965 2151 202141 302141 6031 242
ntLink_3965 2151 252141 352141 6032 242
ntLink_3971 1656 302 100302 6033 242
ntLink_3971 1656 50302 150302 6034 242
ntLink_3971 1656 100302 200302 6035 242
ntLink_3973 971 91 100091 6036 242
ntLink_3974 1368 2291 102291 6037 242
ntLink_3974 1368 52291 152291 6038 242
ntLink_3974 1368 102291 202291 6039 242
ntLink_3974 1368 152291 252291 6040 242
ntLink_3975 1769 1107 101107 6041 242
ntLink_3975 1769 51107 151107 6042 242
ntLink_3975 1769 101107 201107 6043 242
ntLink_3977 1024 97 100097 6044 242
ntLink_3977 1024 50097 150097 6045 242
ntLink_3977 1024 100097 200097 6046 242
ntLink_397 710 168 100168 6047 242
ntLink_3982 512 314 100314 6048 242
ntLink_3984 734 223 100223 6049 242
ntLink_3987 1985 3151 103151 6050 242
ntLink_3987 1985 53151 153151 6051 243
ntLink_3987 1985 103151 203151 6052 243
ntLink_3987 1985 153151 253151 6053 243
ntLink_3993 1009 814 100814 6054 243
ntLink_3993 1009 50814 150814 6055 243
ntLink_3994 1113 746 100746 6056 243
ntLink_3994 1113 50746 150746 6057 243
ntLink_3994 1113 100746 200746 6058 243
ntLink_3995 997 771 100771 6059 243
ntLink_3995 997 50771 150771 6060 243
ntLink_3997 450 278 100278 6061 243
ntLink_399 938 413 100413 6062 243
ntLink_399 938 50413 150413 6063 243
ntLink_3 3553 871 100871 6064 243
ntLink_3 3553 50871 150871 6065 243
ntLink_3 3553 100871 200871 6066 243
ntLink_3 3553 150871 250871 6067 243
ntLink_3 3553 200871 300871 6068 243
ntLink_3 3553 250871 350871 6069 243
ntLink_3 3553 300871 400871 6070 243
ntLink_3 3553 350871 450871 6071 243
ntLink_3 3553 400871 500871 6072 243
ntLink_3 3553 450871 550871 6073 243
ntLink_4003 910 136 100136 6074 243
ntLink_4005 658 228 100228 6075 243
ntLink_4006 1033 3307 103307 6076 244
ntLink_4006 1033 53307 153307 6077 244
ntLink_4006 1033 103307 203307 6078 244
ntLink_4007 909 1655 101655 6079 244
ntLink_4008 1297 292 100292 6080 244
ntLink_4008 1297 50292 150292 6081 244
ntLink_4008 1297 100292 200292 6082 244
ntLink_4020 1392 369 100369 6083 244
ntLink_4020 1392 50369 150369 6084 244
ntLink_4022 657 375 100375 6085 244
ntLink_4028 1779 3105 103105 6086 244
ntLink_4028 1779 53105 153105 6087 244
ntLink_4028 1779 103105 203105 6088 244
ntLink_4028 1779 153105 253105 6089 244
ntLink_4030 970 2137 102137 6090 244
ntLink_4030 970 52137 152137 6091 244
ntLink_4031 1105 811 100811 6092 244
ntLink_4031 1105 50811 150811 6093 244
ntLink_4033 1214 483 100483 6094 244
ntLink_4033 1214 50483 150483 6095 244
ntLink_4034 1952 2658 102658 6096 244
ntLink_4034 1952 52658 152658 6097 244
ntLink_4034 1952 102658 202658 6098 244
ntLink_4034 1952 152658 252658 6099 244
ntLink_4036 906 451 100451 6100 244
ntLink_4044 1922 280 100280 6101 245
ntLink_4044 1922 50280 150280 6102 245
ntLink_4044 1922 100280 200280 6103 245
ntLink_4044 1922 150280 250280 6104 245
ntLink_4046 811 241 100241 6105 245
ntLink_4046 811 50241 150241 6106 245
ntLink_404 1562 1845 101845 6107 245
ntLink_404 1562 51845 151845 6108 245
ntLink_404 1562 101845 201845 6109 245
ntLink_404 1562 151845 251845 6110 245
ntLink_4053 453 1075 101075 6111 245
ntLink_4058 591 18354 118354 6112 245
ntLink_405 2591 9802 109802 6113 245
ntLink_405 2591 59802 159802 6114 245
ntLink_405 2591 109802 209802 6115 245
ntLink_405 2591 159802 259802 6116 245
ntLink_405 2591 209802 309802 6117 245
ntLink_405 2591 259802 359802 6118 245
ntLink_4060 1353 1122 101122 6119 245
ntLink_4060 1353 51122 151122 6120 245
ntLink_4060 1353 101122 201122 6121 245
ntLink_4061 643 260 100260 6122 245
ntLink_4062 1567 14669 114669 6123 245
ntLink_4062 1567 64669 164669 6124 245
ntLink_4062 1567 114669 214669 6125 245
ntLink_4067 1197 971 100971 6126 246
ntLink_4067 1197 50971 150971 6127 246
ntLink_406 1021 2821 102821 6128 246
ntLink_406 1021 52821 152821 6129 246
ntLink_4070 931 853 100853 6130 246
ntLink_4071 1094 205 100205 6131 246
ntLink_4071 1094 50205 150205 6132 246
ntLink_4072 1157 227 100227 6133 246
ntLink_4072 1157 50227 150227 6134 246
ntLink_4072 1157 100227 200227 6135 246
ntLink_4074 695 179 100179 6136 246
ntLink_4076 1992 1882 101882 6137 246
ntLink_4076 1992 51882 151882 6138 246
ntLink_4076 1992 101882 201882 6139 246
ntLink_4076 1992 151882 251882 6140 246
ntLink_4076 1992 201882 301882 6141 246
ntLink_4076 1992 251882 351882 6142 246
ntLink_4079 445 3991 103991 6143 246
ntLink_4079 445 53991 153991 6144 246
ntLink_4083 798 28525 128525 6145 246
ntLink_4083 798 78525 178525 6146 246
ntLink_408 800 1557 101557 6147 246
ntLink_408 800 51557 151557 6148 246
ntLink_408 800 101557 201557 6149 246
ntLink_408 800 151557 251557 6150 246
ntLink_4090 907 364 100364 6151 247
ntLink_4092 572 292 100292 6152 247
ntLink_4093 463 864 100864 6153 247
ntLink_4096 929 949 100949 6154 247
ntLink_4096 929 50949 150949 6155 247
ntLink_40 1205 422 100422 6156 247
ntLink_40 1205 50422 150422 6157 247
ntLink_40 1205 100422 200422 6158 247
ntLink_4101 797 1271 101271 6159 247
ntLink_4102 890 33550 133550 6160 247
ntLink_4104 1085 401 100401 6161 247
ntLink_4104 1085 50401 150401 6162 247
ntLink_4108 592 1678 101678 6163 247
ntLink_410 1243 1936 101936 6164 247
ntLink_410 1243 51936 151936 6165 247
ntLink_4110 2510 473 100473 6166 247
ntLink_4110 2510 50473 150473 6167 247
ntLink_4110 2510 100473 200473 6168 247
ntLink_4110 2510 150473 250473 6169 247
ntLink_4110 2510 200473 300473 6170 247
ntLink_4110 2510 250473 350473 6171 247
ntLink_4115 874 141 100141 6172 247
ntLink_4117 1080 2125 102125 6173 247
ntLink_4118 947 2404 102404 6174 247
ntLink_4120 844 179 100179 6175 247
ntLink_4120 844 50179 150179 6176 248
ntLink_4122 888 5939 105939 6177 248
ntLink_4125 3823 518 100518 6178 248
ntLink_4125 3823 50518 150518 6179 248
ntLink_4125 3823 100518 200518 6180 248
ntLink_4125 3823 150518 250518 6181 248
ntLink_4125 3823 200518 300518 6182 248
ntLink_4125 3823 250518 350518 6183 248
ntLink_4125 3823 300518 400518 6184 248
ntLink_4125 3823 350518 450518 6185 248
ntLink_4125 3823 400518 500518 6186 248
ntLink_4125 3823 450518 550518 6187 248
ntLink_4125 3823 500518 600518 6188 248
ntLink_4126 1620 8240 108240 6189 248
ntLink_4126 1620 58240 158240 6190 248
ntLink_4126 1620 108240 208240 6191 248
ntLink_4126 1620 158240 258240 6192 248
ntLink_4128 748 450 100450 6193 248
ntLink_4130 2089 5548 105548 6194 248
ntLink_4130 2089 55548 155548 6195 248
ntLink_4130 2089 105548 205548 6196 248
ntLink_4130 2089 155548 255548 6197 248
ntLink_4131 1321 2792 102792 6198 248
ntLink_4131 1321 52792 152792 6199 248
ntLink_4131 1321 102792 202792 6200 248
ntLink_4131 1321 152792 252792 6201 249
ntLink_4132 878 7791 107791 6202 249
ntLink_4132 878 57791 157791 6203 249
ntLink_4132 878 107791 207791 6204 249
ntLink_4132 878 157791 257791 6205 249
ntLink_4132 878 207791 307791 6206 249
ntLink_4135 737 479 100479 6207 249
ntLink_4136 737 6214 106214 6208 249
ntLink_4136 737 56214 156214 6209 249
ntLink_4137 498 1548 101548 6210 249
ntLink_4139 312 15903 115903 6211 249
ntLink_4142 2964 19037 119037 6212 249
ntLink_4142 2964 69037 169037 6213 249
ntLink_4142 2964 119037 219037 6214 249
ntLink_4142 2964 169037 269037 6215 249
ntLink_4142 2964 219037 319037 6216 249
ntLink_4142 2964 269037 369037 6217 249
ntLink_4142 2964 319037 419037 6218 249
ntLink_4146 285 9499 109499 6219 249
ntLink_4150 1155 875 100875 6220 249
ntLink_4150 1155 50875 150875 6221 249
ntLink_4154 469 195 100195 6222 249
ntLink_4155 482 2947 102947 6223 249
ntLink_4156 702 352 100352 6224 249
ntLink_4160 402 2033 102033 6225 249
ntLink_4161 799 642 100642 6226 250
ntLink_4165 715 5341 105341 6227 250
ntLink_4166 2255 3091 103091 6228 250
ntLink_4166 2255 53091 153091 6229 250
ntLink_4166 2255 103091 203091 6230 250
ntLink_4166 2255 153091 253091 6231 250
ntLink_4166 2255 203091 303091 6232 250
ntLink_4166 2255 253091 353091 6233 250
ntLink_416 1708 2013 102013 6234 250
ntLink_416 1708 52013 152013 6235 250
ntLink_416 1708 102013 202013 6236 250
ntLink_4170 1553 8457 108457 6237 250
ntLink_4170 1553 58457 158457 6238 250
ntLink_4170 1553 108457 208457 6239 250
ntLink_4173 1147 3274 103274 6240 250
ntLink_4173 1147 53274 153274 6241 250
ntLink_4176 694 298 100298 6242 250
ntLink_4178 805 430 100430 6243 250
ntLink_4178 805 50430 150430 6244 250
ntLink_4179 885 1554 101554 6245 250
ntLink_4179 885 51554 151554 6246 250
ntLink_4182 462 1995 101995 6247 250
ntLink_4185 977 5682 105682 6248 250
ntLink_4185 977 55682 155682 6249 250
ntLink_4186 563 889 100889 6250 250
ntLink_4188 494 3596 103596 6251 251
ntLink_4189 1707 11373 111373 6252 251
ntLink_4189 1707 61373 161373 6253 251
ntLink_4189 1707 111373 211373 6254 251
ntLink_4189 1707 161373 261373 6255 251
ntLink_4190 693 745 100745 6256 251
ntLink_4190 693 50745 150745 6257 251
ntLink_4190 693 100745 200745 6258 251
ntLink_4193 639 1224 101224 6259 251
ntLink_4197 2639 239 100239 6260 251
ntLink_4197 2639 50239 150239 6261 251
ntLink_4197 2639 100239 200239 6262 251
ntLink_4197 2639 150239 250239 6263 251
ntLink_4197 2639 200239 300239 6264 251
ntLink_4197 2639 250239 350239 6265 251
ntLink_419 953 261 100261 6266 251
ntLink_41 1890 1251 101251 6267 251
ntLink_41 1890 51251 151251 6268 251
ntLink_41 1890 101251 201251 6269 251
ntLink_41 1890 151251 251251 6270 251
ntLink_41 1890 201251 301251 6271 251
ntLink_41 1890 251251 351251 6272 251
ntLink_4205 2049 347 100347 6273 251
ntLink_4205 2049 50347 150347 6274 251
ntLink_4205 2049 100347 200347 6275 251
ntLink_4205 2049 150347 250347 6276 252
ntLink_4205 2049 200347 300347 6277 252
ntLink_4205 2049 250347 350347 6278 252
ntLink_4206 587 15923 115923 6279 252
ntLink_4207 2835 539 100539 6280 252
ntLink_4207 2835 50539 150539 6281 252
ntLink_4207 2835 100539 200539 6282 252
ntLink_4207 2835 150539 250539 6283 252
ntLink_4207 2835 200539 300539 6284 252
ntLink_4207 2835 250539 350539 6285 252
ntLink_4208 3216 10226 110226 6286 252
ntLink_4208 3216 60226 160226 6287 252
ntLink_4208 3216 110226 210226 6288 252
ntLink_4208 3216 160226 260226 6289 252
ntLink_4208 3216 210226 310226 6290 252
ntLink_4208 3216 260226 360226 6291 252
ntLink_4208 3216 310226 410226 6292 252
ntLink_4210 1143 2857 102857 6293 252
ntLink_4210 1143 52857 152857 6294 252
ntLink_4212 702 894 100894 6295 252
ntLink_4213 952 335 100335 6296 252
ntLink_4214 831 183 100183 6297 252
ntLink_4214 831 50183 150183 6298 252
ntLink_4217 828 112 100112 6299 252
ntLink_4218 893 1118 101118 6300 252
ntLink_4219 646 9458 109458 6301 253
ntLink_4219 646 59458 159458 6302 253
ntLink_4219 646 109458 209458 6303 253
ntLink_4220 1329 485 100485 6304 253
ntLink_4220 1329 50485 150485 6305 253
ntLink_4220 1329 100485 200485 6306 253
ntLink_4222 946 280 100280 6307 253
ntLink_4224 1101 4478 104478 6308 253
ntLink_4224 1101 54478 154478 6309 253
ntLink_4225 383 5124 105124 6310 253
ntLink_4226 2794 7898 107898 6311 253
ntLink_4226 2794 57898 157898 6312 253
ntLink_4226 2794 107898 207898 6313 253
ntLink_4226 2794 157898 257898 6314 253
ntLink_4226 2794 207898 307898 6315 253
ntLink_4226 2794 257898 357898 6316 253
ntLink_4226 2794 307898 407898 6317 253
ntLink_4226 2794 357898 457898 6318 253
ntLink_4226 2794 407898 507898 6319 253
ntLink_4226 2794 457898 557898 6320 253
ntLink_4226 2794 507898 607898 6321 253
ntLink_4226 2794 557898 657898 6322 253
ntLink_4227 1696 2812 102812 6323 253
ntLink_4227 1696 52812 152812 6324 253
ntLink_4227 1696 102812 202812 6325 253
ntLink_4227 1696 152812 252812 6326 254
ntLink_4228 1747 929 100929 6327 254
ntLink_4228 1747 50929 150929 6328 254
ntLink_4228 1747 100929 200929 6329 254
ntLink_4228 1747 150929 250929 6330 254
ntLink_4228 1747 200929 300929 6331 254
ntLink_4228 1747 250929 350929 6332 254
ntLink_4228 1747 300929 400929 6333 254
ntLink_4229 2137 959 100959 6334 254
ntLink_4229 2137 50959 150959 6335 254
ntLink_4229 2137 100959 200959 6336 254
ntLink_4229 2137 150959 250959 6337 254
ntLink_4229 2137 200959 300959 6338 254
ntLink_4230 1136 6123 106123 6339 254
ntLink_4230 1136 56123 156123 6340 254
ntLink_4230 1136 106123 206123 6341 254
ntLink_4231 1074 2967 102967 6342 254
ntLink_4231 1074 52967 152967 6343 254
ntLink_4231 1074 102967 202967 6344 254
ntLink_4231 1074 152967 252967 6345 254
ntLink_4232 1247 340 100340 6346 254
ntLink_4232 1247 50340 150340 6347 254
ntLink_4232 1247 100340 200340 6348 254
ntLink_4233 2751 2059 102059 6349 254
ntLink_4233 2751 52059 152059 6350 254
ntLink_4233 2751 102059 202059 6351 255
ntLink_4233 2751 152059 252059 6352 255
ntLink_4233 2751 202059 302059 6353 255
ntLink_4233 2751 252059 352059 6354 255
ntLink_4233 2751 302059 402059 6355 255
ntLink_4233 2751 352059 452059 6356 255
ntLink_4235 2190 352 100352 6357 255
ntLink_4235 2190 50352 150352 6358 255
ntLink_4235 2190 100352 200352 6359 255
ntLink_4235 2190 150352 250352 6360 255
ntLink_4235 2190 200352 300352 6361 255
ntLink_4236 2399 2349 102349 6362 255
ntLink_4236 2399 52349 152349 6363 255
ntLink_4236 2399 102349 202349 6364 255
ntLink_4236 2399 152349 252349 6365 255
ntLink_4236 2399 202349 302349 6366 255
ntLink_4236 2399 252349 352349 6367 255
ntLink_4236 2399 302349 402349 6368 255
ntLink_4236 2399 352349 452349 6369 255
ntLink_4236 2399 402349 502349 6370 255
ntLink_4236 2399 452349 552349 6371 255
ntLink_4237 2921 213 100213 6372 255
ntLink_4237 2921 50213 150213 6373 255
ntLink_4237 2921 100213 200213 6374 255
ntLink_4237 2921 150213 250213 6375 255
ntLink_4237 2921 200213 300213 6376 256
ntLink_4237 2921 250213 350213 6377 256
ntLink_4237 2921 300213 400213 6378 256
ntLink_4237 2921 350213 450213 6379 256
ntLink_4237 2921 400213 500213 6380 256
ntLink_4239 2989 482 100482 6381 256
ntLink_4239 2989 50482 150482 6382 256
ntLink_4239 2989 100482 200482 6383 256
ntLink_4239 2989 150482 250482 6384 256
ntLink_4239 2989 200482 300482 6385 256
ntLink_4239 2989 250482 350482 6386 256
ntLink_4239 2989 300482 400482 6387 256
ntLink_4239 2989 350482 450482 6388 256
ntLink_423 1187 1426 101426 6389 256
ntLink_423 1187 51426 151426 6390 256
ntLink_423 1187 101426 201426 6391 256
ntLink_4240 1551 6954 106954 6392 256
ntLink_4240 1551 56954 156954 6393 256
ntLink_4240 1551 106954 206954 6394 256
ntLink_4240 1551 156954 256954 6395 256
ntLink_4240 1551 206954 306954 6396 256
ntLink_4246 1309 893 100893 6397 256
ntLink_4246 1309 50893 150893 6398 256
ntLink_4246 1309 100893 200893 6399 256
ntLink_4248 1822 3628 103628 6400 256
ntLink_4248 1822 53628 153628 6401 257
ntLink_4248 1822 103628 203628 6402 257
ntLink_4248 1822 153628 253628 6403 257
ntLink_4248 1822 203628 303628 6404 257
ntLink_4249 2959 486 100486 6405 257
ntLink_4249 2959 50486 150486 6406 257
ntLink_4249 2959 100486 200486 6407 257
ntLink_4249 2959 150486 250486 6408 257
ntLink_4249 2959 200486 300486 6409 257
ntLink_4249 2959 250486 350486 6410 257
ntLink_4249 2959 300486 400486 6411 257
ntLink_4249 2959 350486 450486 6412 257
ntLink_4250 1970 721 100721 6413 257
ntLink_4250 1970 50721 150721 6414 257
ntLink_4250 1970 100721 200721 6415 257
ntLink_4250 1970 150721 250721 6416 257
ntLink_4250 1970 200721 300721 6417 257
ntLink_4251 2328 925 100925 6418 257
ntLink_4251 2328 50925 150925 6419 257
ntLink_4251 2328 100925 200925 6420 257
ntLink_4251 2328 150925 250925 6421 257
ntLink_4251 2328 200925 300925 6422 257
ntLink_4251 2328 250925 350925 6423 257
ntLink_4252 862 248 100248 6424 257
ntLink_4252 862 50248 150248 6425 257
ntLink_4253 2559 263 100263 6426 258
ntLink_4253 2559 50263 150263 6427 258
ntLink_4253 2559 100263 200263 6428 258
ntLink_4253 2559 150263 250263 6429 258
ntLink_4253 2559 200263 300263 6430 258
ntLink_4253 2559 250263 350263 6431 258
ntLink_4253 2559 300263 400263 6432 258
ntLink_4255 4953 2038 102038 6433 258
ntLink_4255 4953 52038 152038 6434 258
ntLink_4255 4953 102038 202038 6435 258
ntLink_4255 4953 152038 252038 6436 258
ntLink_4255 4953 202038 302038 6437 258
ntLink_4255 4953 252038 352038 6438 258
ntLink_4255 4953 302038 402038 6439 258
ntLink_4255 4953 352038 452038 6440 258
ntLink_4255 4953 402038 502038 6441 258
ntLink_4255 4953 452038 552038 6442 258
ntLink_4255 4953 502038 602038 6443 258
ntLink_4255 4953 552038 652038 6444 258
ntLink_4255 4953 602038 702038 6445 258
ntLink_4255 4953 652038 752038 6446 258
ntLink_4255 4953 702038 802038 6447 258
ntLink_4255 4953 752038 852038 6448 258
ntLink_4255 4953 802038 902038 6449 258
ntLink_4257 512 4285 104285 6450 258
ntLink_4258 2216 192 100192 6451 259
ntLink_4258 2216 50192 150192 6452 259
ntLink_4258 2216 100192 200192 6453 259
ntLink_4258 2216 150192 250192 6454 259
ntLink_4259 925 122 100122 6455 259
ntLink_4259 925 50122 150122 6456 259
ntLink_4260 1149 11747 111747 6457 259
ntLink_4260 1149 61747 161747 6458 259
ntLink_4260 1149 111747 211747 6459 259
ntLink_4262 1215 351 100351 6460 259
ntLink_4262 1215 50351 150351 6461 259
ntLink_4263 2276 1838 101838 6462 259
ntLink_4263 2276 51838 151838 6463 259
ntLink_4263 2276 101838 201838 6464 259
ntLink_4263 2276 151838 251838 6465 259
ntLink_4264 884 3481 103481 6466 259
ntLink_4264 884 53481 153481 6467 259
ntLink_4266 810 3130 103130 6468 259
ntLink_4268 3009 445 100445 6469 259
ntLink_4268 3009 50445 150445 6470 259
ntLink_4268 3009 100445 200445 6471 259
ntLink_4268 3009 150445 250445 6472 259
ntLink_4268 3009 200445 300445 6473 259
ntLink_4268 3009 250445 350445 6474 259
ntLink_4269 1588 1953 101953 6475 259
ntLink_4269 1588 51953 151953 6476 260
ntLink_4269 1588 101953 201953 6477 260
ntLink_426 268 272 100272 6478 260
ntLink_4270 1126 7122 107122 6479 260
ntLink_4270 1126 57122 157122 6480 260
ntLink_4270 1126 107122 207122 6481 260
ntLink_4270 1126 157122 257122 6482 260
ntLink_4271 2928 5708 105708 6483 260
ntLink_4271 2928 55708 155708 6484 260
ntLink_4271 2928 105708 205708 6485 260
ntLink_4271 2928 155708 255708 6486 260
ntLink_4271 2928 205708 305708 6487 260
ntLink_4271 2928 255708 355708 6488 260
ntLink_4271 2928 305708 405708 6489 260
ntLink_4271 2928 355708 455708 6490 260
ntLink_4272 2382 225 100225 6491 260
ntLink_4272 2382 50225 150225 6492 260
ntLink_4272 2382 100225 200225 6493 260
ntLink_4272 2382 150225 250225 6494 260
ntLink_4272 2382 200225 300225 6495 260
ntLink_4273 2266 5310 105310 6496 260
ntLink_4273 2266 55310 155310 6497 260
ntLink_4273 2266 105310 205310 6498 260
ntLink_4273 2266 155310 255310 6499 260
ntLink_4273 2266 205310 305310 6500 260
ntLink_4273 2266 255310 355310 6501 261
ntLink_4274 925 2577 102577 6502 261
ntLink_4274 925 52577 152577 6503 261
ntLink_4274 925 102577 202577 6504 261
ntLink_4277 1738 360 100360 6505 261
ntLink_4277 1738 50360 150360 6506 261
ntLink_4277 1738 100360 200360 6507 261
ntLink_4277 1738 150360 250360 6508 261
ntLink_4277 1738 200360 300360 6509 261
ntLink_4278 2149 1565 101565 6510 261
ntLink_4278 2149 51565 151565 6511 261
ntLink_4278 2149 101565 201565 6512 261
ntLink_4278 2149 151565 251565 6513 261
ntLink_4278 2149 201565 301565 6514 261
ntLink_4283 2443 724 100724 6515 261
ntLink_4283 2443 50724 150724 6516 261
ntLink_4283 2443 100724 200724 6517 261
ntLink_4283 2443 150724 250724 6518 261
ntLink_4283 2443 200724 300724 6519 261
ntLink_4283 2443 250724 350724 6520 261
ntLink_4285 1310 800 100800 6521 261
ntLink_4285 1310 50800 150800 6522 261
ntLink_4285 1310 100800 200800 6523 261
ntLink_4287 2188 880 100880 6524 261
ntLink_4287 2188 50880 150880 6525 261
ntLink_4287 2188 100880 200880 6526 262
ntLink_4288 716 1442 101442 6527 262
Backbone_12994 548 8514 108514 6528 262
Backbone_13001 1311 544 100544 6529 262
Backbone_13001 1311 50544 150544 6530 262
ntLink_4290 1319 10788 110788 6531 262
ntLink_4290 1319 60788 160788 6532 262
ntLink_4290 1319 110788 210788 6533 262
ntLink_4290 1319 160788 260788 6534 262
ntLink_4290 1319 210788 310788 6535 262
ntLink_4291 890 1599 101599 6536 262
ntLink_4291 890 51599 151599 6537 262
ntLink_4292 529 193 100193 6538 262
ntLink_4293 2141 16929 116929 6539 262
ntLink_4293 2141 66929 166929 6540 262
ntLink_4293 2141 116929 216929 6541 262
ntLink_4293 2141 166929 266929 6542 262
ntLink_4293 2141 216929 316929 6543 262
ntLink_4293 2141 266929 366929 6544 262
ntLink_4294 1671 744 100744 6545 262
ntLink_4294 1671 50744 150744 6546 262
ntLink_4294 1671 100744 200744 6547 262
ntLink_4294 1671 150744 250744 6548 262
ntLink_4294 1671 200744 300744 6549 262
ntLink_4294 1671 250744 350744 6550 262
ntLink_4295 1331 526 100526 6551 263
ntLink_4295 1331 50526 150526 6552 263
ntLink_4295 1331 100526 200526 6553 263
ntLink_4295 1331 150526 250526 6554 263
ntLink_4296 1859 329 100329 6555 263
ntLink_4296 1859 50329 150329 6556 263
ntLink_4296 1859 100329 200329 6557 263
ntLink_4296 1859 150329 250329 6558 263
ntLink_4297 2069 368 100368 6559 263
ntLink_4297 2069 50368 150368 6560 263
ntLink_4297 2069 100368 200368 6561 263
ntLink_4297 2069 150368 250368 6562 263
ntLink_4297 2069 200368 300368 6563 263
ntLink_4298 1526 15877 115877 6564 263
ntLink_4298 1526 65877 165877 6565 263
ntLink_4298 1526 115877 215877 6566 263
ntLink_4298 1526 165877 265877 6567 263
ntLink_4299 507 1201 101201 6568 263
ntLink_429 1859 229 100229 6569 263
ntLink_429 1859 50229 150229 6570 263
ntLink_429 1859 100229 200229 6571 263
ntLink_4300 745 1710 101710 6572 263
ntLink_4301 3167 1299 101299 6573 263
ntLink_4301 3167 51299 151299 6574 263
ntLink_4301 3167 101299 201299 6575 263
ntLink_4301 3167 151299 251299 6576 264
ntLink_4301 3167 201299 301299 6577 264
ntLink_4301 3167 251299 351299 6578 264
ntLink_4301 3167 301299 401299 6579 264
ntLink_4301 3167 351299 451299 6580 264
ntLink_4304 2406 316 100316 6581 264
ntLink_4304 2406 50316 150316 6582 264
ntLink_4304 2406 100316 200316 6583 264
ntLink_4304 2406 150316 250316 6584 264
ntLink_4304 2406 200316 300316 6585 264
ntLink_4304 2406 250316 350316 6586 264
ntLink_4304 2406 300316 400316 6587 264
ntLink_4304 2406 350316 450316 6588 264
ntLink_4304 2406 400316 500316 6589 264
ntLink_4304 2406 450316 550316 6590 264
ntLink_4304 2406 500316 600316 6591 264
ntLink_4304 2406 550316 650316 6592 264
ntLink_4304 2406 600316 700316 6593 264
ntLink_4305 380 1662 101662 6594 264
ntLink_4305 380 51662 151662 6595 264
ntLink_4306 1810 302 100302 6596 264
ntLink_4306 1810 50302 150302 6597 264
ntLink_4306 1810 100302 200302 6598 264
ntLink_4306 1810 150302 250302 6599 264
ntLink_4307 683 35352 135352 6600 264
ntLink_4308 1735 5691 105691 6601 265
ntLink_4308 1735 55691 155691 6602 265
ntLink_4308 1735 105691 205691 6603 265
ntLink_4308 1735 155691 255691 6604 265
ntLink_4308 1735 205691 305691 6605 265
ntLink_4308 1735 255691 355691 6606 265
ntLink_4309 2016 470 100470 6607 265
ntLink_4309 2016 50470 150470 6608 265
ntLink_4309 2016 100470 200470 6609 265
ntLink_4309 2016 150470 250470 6610 265
ntLink_4309 2016 200470 300470 6611 265
ntLink_4309 2016 250470 350470 6612 265
ntLink_4309 2016 300470 400470 6613 265
ntLink_4309 2016 350470 450470 6614 265
ntLink_4309 2016 400470 500470 6615 265
ntLink_4311 4036 1080 101080 6616 265
ntLink_4311 4036 51080 151080 6617 265
ntLink_4311 4036 101080 201080 6618 265
ntLink_4311 4036 151080 251080 6619 265
ntLink_4311 4036 201080 301080 6620 265
ntLink_4311 4036 251080 351080 6621 265
ntLink_4311 4036 301080 401080 6622 265
ntLink_4311 4036 351080 451080 6623 265
ntLink_4311 4036 401080 501080 6624 265
ntLink_4311 4036 451080 551080 6625 265
ntLink_4311 4036 501080 601080 6626 266
ntLink_4311 4036 551080 651080 6627 266
ntLink_4312 526 635 100635 6628 266
ntLink_4312 526 50635 150635 6629 266
ntLink_4313 1183 261 100261 6630 266
ntLink_4313 1183 50261 150261 6631 266
ntLink_4315 1981 475 100475 6632 266
ntLink_4315 1981 50475 150475 6633 266
ntLink_4315 1981 100475 200475 6634 266
ntLink_4315 1981 150475 250475 6635 266
ntLink_4315 1981 200475 300475 6636 266
ntLink_4316 344 262 100262 6637 266
ntLink_4317 2933 310 100310 6638 266
ntLink_4317 2933 50310 150310 6639 266
ntLink_4317 2933 100310 200310 6640 266
ntLink_4317 2933 150310 250310 6641 266
ntLink_4317 2933 200310 300310 6642 266
ntLink_4317 2933 250310 350310 6643 266
ntLink_4317 2933 300310 400310 6644 266
ntLink_4317 2933 350310 450310 6645 266
ntLink_4318 587 101 100101 6646 266
ntLink_4319 1117 627 100627 6647 266
ntLink_4319 1117 50627 150627 6648 266
ntLink_4320 2058 13797 113797 6649 266
ntLink_4320 2058 63797 163797 6650 266
ntLink_4320 2058 113797 213797 6651 267
ntLink_4320 2058 163797 263797 6652 267
ntLink_4320 2058 213797 313797 6653 267
ntLink_4321 1881 260 100260 6654 267
ntLink_4321 1881 50260 150260 6655 267
ntLink_4321 1881 100260 200260 6656 267
ntLink_4321 1881 150260 250260 6657 267
ntLink_4324 4229 334 100334 6658 267
ntLink_4324 4229 50334 150334 6659 267
ntLink_4324 4229 100334 200334 6660 267
ntLink_4324 4229 150334 250334 6661 267
ntLink_4324 4229 200334 300334 6662 267
ntLink_4324 4229 250334 350334 6663 267
ntLink_4324 4229 300334 400334 6664 267
ntLink_4324 4229 350334 450334 6665 267
ntLink_4324 4229 400334 500334 6666 267
ntLink_4324 4229 450334 550334 6667 267
ntLink_4324 4229 500334 600334 6668 267
ntLink_4324 4229 550334 650334 6669 267
ntLink_4325 385 4968 104968 6670 267
ntLink_4326 1308 817 100817 6671 267
ntLink_4326 1308 50817 150817 6672 267
ntLink_4329 3577 330 100330 6673 267
ntLink_4329 3577 50330 150330 6674 267
ntLink_4329 3577 100330 200330 6675 267
ntLink_4329 3577 150330 250330 6676 268
ntLink_4329 3577 200330 300330 6677 268
ntLink_4329 3577 250330 350330 6678 268
ntLink_4329 3577 300330 400330 6679 268
ntLink_4329 3577 350330 450330 6680 268
ntLink_4329 3577 400330 500330 6681 268
ntLink_4329 3577 450330 550330 6682 268
ntLink_4329 3577 500330 600330 6683 268
ntLink_4329 3577 550330 650330 6684 268
ntLink_4330 2533 264 100264 6685 268
ntLink_4330 2533 50264 150264 6686 268
ntLink_4330 2533 100264 200264 6687 268
ntLink_4330 2533 150264 250264 6688 268
ntLink_4330 2533 200264 300264 6689 268
ntLink_4330 2533 250264 350264 6690 268
ntLink_4331 1215 2358 102358 6691 268
ntLink_4331 1215 52358 152358 6692 268
ntLink_4331 1215 102358 202358 6693 268
ntLink_4332 1866 176 100176 6694 268
ntLink_4332 1866 50176 150176 6695 268
ntLink_4332 1866 100176 200176 6696 268
ntLink_4332 1866 150176 250176 6697 268
ntLink_4336 1369 3437 103437 6698 268
ntLink_4336 1369 53437 153437 6699 268
ntLink_4338 1931 804 100804 6700 268
ntLink_4338 1931 50804 150804 6701 269
ntLink_4338 1931 100804 200804 6702 269
ntLink_4338 1931 150804 250804 6703 269
ntLink_4339 999 262 100262 6704 269
ntLink_433 981 311 100311 6705 269
ntLink_4340 955 1946 101946 6706 269
ntLink_4342 1726 4466 104466 6707 269
ntLink_4342 1726 54466 154466 6708 269
ntLink_4342 1726 104466 204466 6709 269
ntLink_4342 1726 154466 254466 6710 269
ntLink_4342 1726 204466 304466 6711 269
ntLink_4343 1024 4135 104135 6712 269
ntLink_4343 1024 54135 154135 6713 269
ntLink_4343 1024 104135 204135 6714 269
ntLink_4343 1024 154135 254135 6715 269
ntLink_4344 817 8133 108133 6716 269
ntLink_4344 817 58133 158133 6717 269
ntLink_4348 124 11351 111351 6718 269
ntLink_4349 1200 200 100200 6719 269
ntLink_4349 1200 50200 150200 6720 269
ntLink_4350 4974 4529 104529 6721 269
ntLink_4350 4974 54529 154529 6722 269
ntLink_4350 4974 104529 204529 6723 269
ntLink_4350 4974 154529 254529 6724 269
ntLink_4350 4974 204529 304529 6725 269
ntLink_4350 4974 254529 354529 6726 270
ntLink_4350 4974 304529 404529 6727 270
ntLink_4350 4974 354529 454529 6728 270
ntLink_4350 4974 404529 504529 6729 270
ntLink_4350 4974 454529 554529 6730 270
ntLink_4350 4974 504529 604529 6731 270
ntLink_4350 4974 554529 654529 6732 270
ntLink_4350 4974 604529 704529 6733 270
ntLink_4351 1764 205 100205 6734 270
ntLink_4351 1764 50205 150205 6735 270
ntLink_4351 1764 100205 200205 6736 270
ntLink_4353 1404 14968 114968 6737 270
ntLink_4353 1404 64968 164968 6738 270
ntLink_4353 1404 114968 214968 6739 270
ntLink_4354 560 694 100694 6740 270
ntLink_4355 1083 1567 101567 6741 270
ntLink_4355 1083 51567 151567 6742 270
ntLink_4356 1454 821 100821 6743 270
ntLink_4356 1454 50821 150821 6744 270
ntLink_4356 1454 100821 200821 6745 270
ntLink_4357 1137 1586 101586 6746 270
ntLink_4357 1137 51586 151586 6747 270
ntLink_4357 1137 101586 201586 6748 270
ntLink_4357 1137 151586 251586 6749 270
ntLink_4357 1137 201586 301586 6750 270
ntLink_4357 1137 251586 351586 6751 271
ntLink_4358 588 506 100506 6752 271
ntLink_4358 588 50506 150506 6753 271
ntLink_4359 1164 316 100316 6754 271
ntLink_4359 1164 50316 150316 6755 271
ntLink_4359 1164 100316 200316 6756 271
ntLink_4360 781 641 100641 6757 271
ntLink_4360 781 50641 150641 6758 271
ntLink_4360 781 100641 200641 6759 271
ntLink_4360 781 150641 250641 6760 271
ntLink_4360 781 200641 300641 6761 271
ntLink_4361 1081 469 100469 6762 271
ntLink_4361 1081 50469 150469 6763 271
ntLink_4364 385 220 100220 6764 271
ntLink_4365 2096 1041 101041 6765 271
ntLink_4365 2096 51041 151041 6766 271
ntLink_4365 2096 101041 201041 6767 271
ntLink_4365 2096 151041 251041 6768 271
ntLink_4365 2096 201041 301041 6769 271
ntLink_4365 2096 251041 351041 6770 271
ntLink_4366 505 584 100584 6771 271
ntLink_4366 505 50584 150584 6772 271
ntLink_4367 1960 520 100520 6773 271
ntLink_4367 1960 50520 150520 6774 271
ntLink_4367 1960 100520 200520 6775 271
ntLink_4367 1960 150520 250520 6776 272
ntLink_4367 1960 200520 300520 6777 272
ntLink_4368 2250 14350 114350 6778 272
ntLink_4368 2250 64350 164350 6779 272
ntLink_4368 2250 114350 214350 6780 272
ntLink_4368 2250 164350 264350 6781 272
ntLink_4368 2250 214350 314350 6782 272
ntLink_4368 2250 264350 364350 6783 272
ntLink_4368 2250 314350 414350 6784 272
ntLink_436 1070 454 100454 6785 272
ntLink_436 1070 50454 150454 6786 272
ntLink_4371 4434 9743 109743 6787 272
ntLink_4371 4434 59743 159743 6788 272
ntLink_4371 4434 109743 209743 6789 272
ntLink_4371 4434 159743 259743 6790 272
ntLink_4371 4434 209743 309743 6791 272
ntLink_4371 4434 259743 359743 6792 272
ntLink_4371 4434 309743 409743 6793 272
ntLink_4371 4434 359743 459743 6794 272
ntLink_4371 4434 409743 509743 6795 272
ntLink_4371 4434 459743 559743 6796 272
ntLink_4371 4434 509743 609743 6797 272
ntLink_4371 4434 559743 659743 6798 272
ntLink_4373 1996 596 100596 6799 272
ntLink_4373 1996 50596 150596 6800 272
ntLink_4373 1996 100596 200596 6801 273
ntLink_4373 1996 150596 250596 6802 273
ntLink_4374 3121 737 100737 6803 273
ntLink_4374 3121 50737 150737 6804 273
ntLink_4374 3121 100737 200737 6805 273
ntLink_4374 3121 150737 250737 6806 273
ntLink_4374 3121 200737 300737 6807 273
ntLink_4374 3121 250737 350737 6808 273
ntLink_4375 1573 752 100752 6809 273
ntLink_4375 1573 50752 150752 6810 273
ntLink_4375 1573 100752 200752 6811 273
ntLink_4375 1573 150752 250752 6812 273
ntLink_4376 1797 5842 105842 6813 273
ntLink_4376 1797 55842 155842 6814 273
ntLink_4376 1797 105842 205842 6815 273
ntLink_4376 1797 155842 255842 6816 273
ntLink_4377 1724 167 100167 6817 273
ntLink_4377 1724 50167 150167 6818 273
ntLink_4377 1724 100167 200167 6819 273
ntLink_4377 1724 150167 250167 6820 273
ntLink_4377 1724 200167 300167 6821 273
ntLink_4378 933 1519 101519 6822 273
ntLink_4379 1957 11266 111266 6823 273
ntLink_4379 1957 61266 161266 6824 273
ntLink_4379 1957 111266 211266 6825 273
ntLink_4379 1957 161266 261266 6826 274
ntLink_437 980 1499 101499 6827 274
ntLink_4380 1232 974 100974 6828 274
ntLink_4380 1232 50974 150974 6829 274
ntLink_4381 1735 247 100247 6830 274
ntLink_4381 1735 50247 150247 6831 274
ntLink_4381 1735 100247 200247 6832 274
ntLink_4381 1735 150247 250247 6833 274
ntLink_4383 3739 476 100476 6834 274
ntLink_4383 3739 50476 150476 6835 274
ntLink_4383 3739 100476 200476 6836 274
ntLink_4383 3739 150476 250476 6837 274
ntLink_4383 3739 200476 300476 6838 274
ntLink_4383 3739 250476 350476 6839 274
ntLink_4383 3739 300476 400476 6840 274
ntLink_4383 3739 350476 450476 6841 274
ntLink_4383 3739 400476 500476 6842 274
ntLink_4383 3739 450476 550476 6843 274
ntLink_4386 1503 157 100157 6844 274
ntLink_4386 1503 50157 150157 6845 274
ntLink_4386 1503 100157 200157 6846 274
ntLink_4386 1503 150157 250157 6847 274
ntLink_4387 1364 2089 102089 6848 274
ntLink_4387 1364 52089 152089 6849 274
ntLink_4388 1689 344 100344 6850 274
ntLink_4388 1689 50344 150344 6851 275
ntLink_4388 1689 100344 200344 6852 275
ntLink_4388 1689 150344 250344 6853 275
ntLink_4390 2847 9214 109214 6854 275
ntLink_4390 2847 59214 159214 6855 275
ntLink_4390 2847 109214 209214 6856 275
ntLink_4390 2847 159214 259214 6857 275
ntLink_4390 2847 209214 309214 6858 275
ntLink_4390 2847 259214 359214 6859 275
ntLink_4390 2847 309214 409214 6860 275
ntLink_4390 2847 359214 459214 6861 275
ntLink_4390 2847 409214 509214 6862 275
ntLink_4394 1232 205 100205 6863 275
ntLink_4394 1232 50205 150205 6864 275
ntLink_4395 1778 2576 102576 6865 275
ntLink_4395 1778 52576 152576 6866 275
ntLink_4395 1778 102576 202576 6867 275
ntLink_4395 1778 152576 252576 6868 275
ntLink_4395 1778 202576 302576 6869 275
ntLink_4396 1992 111 100111 6870 275
ntLink_4396 1992 50111 150111 6871 275
ntLink_4396 1992 100111 200111 6872 275
ntLink_4396 1992 150111 250111 6873 275
ntLink_4397 843 156 100156 6874 275
ntLink_4398 1704 3015 103015 6875 275
ntLink_4398 1704 53015 153015 6876 276
ntLink_4398 1704 103015 203015 6877 276
ntLink_4398 1704 153015 253015 6878 276
ntLink_4399 1794 2941 102941 6879 276
ntLink_4399 1794 52941 152941 6880 276
ntLink_4399 1794 102941 202941 6881 276
ntLink_4399 1794 152941 252941 6882 276
ntLink_4400 1658 9260 109260 6883 276
ntLink_4400 1658 59260 159260 6884 276
ntLink_4400 1658 109260 209260 6885 276
ntLink_4401 2675 447 100447 6886 276
ntLink_4401 2675 50447 150447 6887 276
ntLink_4401 2675 100447 200447 6888 276
ntLink_4401 2675 150447 250447 6889 276
ntLink_4401 2675 200447 300447 6890 276
ntLink_4401 2675 250447 350447 6891 276
ntLink_4402 3639 39624 139624 6892 276
ntLink_4402 3639 89624 189624 6893 276
ntLink_4402 3639 139624 239624 6894 276
ntLink_4402 3639 189624 289624 6895 276
ntLink_4402 3639 239624 339624 6896 276
ntLink_4402 3639 289624 389624 6897 276
ntLink_4402 3639 339624 439624 6898 276
ntLink_4402 3639 389624 489624 6899 276
ntLink_4402 3639 439624 539624 6900 276
ntLink_4402 3639 489624 589624 6901 277
ntLink_4402 3639 539624 639624 6902 277
ntLink_4402 3639 589624 689624 6903 277
ntLink_4403 4349 47870 147870 6904 277
ntLink_4403 4349 97870 197870 6905 277
ntLink_4403 4349 147870 247870 6906 277
ntLink_4403 4349 197870 297870 6907 277
ntLink_4403 4349 247870 347870 6908 277
ntLink_4403 4349 297870 397870 6909 277
ntLink_4403 4349 347870 447870 6910 277
ntLink_4403 4349 397870 497870 6911 277
ntLink_4403 4349 447870 547870 6912 277
ntLink_4404 1533 4141 104141 6913 277
ntLink_4404 1533 54141 154141 6914 277
ntLink_4404 1533 104141 204141 6915 277
ntLink_4404 1533 154141 254141 6916 277
ntLink_4404 1533 204141 304141 6917 277
ntLink_4405 1460 645 100645 6918 277
ntLink_4405 1460 50645 150645 6919 277
ntLink_4405 1460 100645 200645 6920 277
ntLink_4405 1460 150645 250645 6921 277
ntLink_4407 3899 1275 101275 6922 277
ntLink_4407 3899 51275 151275 6923 277
ntLink_4407 3899 101275 201275 6924 277
ntLink_4407 3899 151275 251275 6925 277
ntLink_4407 3899 201275 301275 6926 278
ntLink_4407 3899 251275 351275 6927 278
ntLink_4407 3899 301275 401275 6928 278
ntLink_4407 3899 351275 451275 6929 278
ntLink_4407 3899 401275 501275 6930 278
ntLink_4407 3899 451275 551275 6931 278
ntLink_4407 3899 501275 601275 6932 278
ntLink_4407 3899 551275 651275 6933 278
ntLink_4407 3899 601275 701275 6934 278
ntLink_4409 2126 1401 101401 6935 278
ntLink_4409 2126 51401 151401 6936 278
ntLink_4409 2126 101401 201401 6937 278
ntLink_4409 2126 151401 251401 6938 278
ntLink_4409 2126 201401 301401 6939 278
ntLink_4409 2126 251401 351401 6940 278
ntLink_440 754 473 100473 6941 278
ntLink_4412 1089 5318 105318 6942 278
ntLink_4412 1089 55318 155318 6943 278
ntLink_4412 1089 105318 205318 6944 278
ntLink_4414 2983 172 100172 6945 278
ntLink_4414 2983 50172 150172 6946 278
ntLink_4414 2983 100172 200172 6947 278
ntLink_4414 2983 150172 250172 6948 278
ntLink_4414 2983 200172 300172 6949 278
ntLink_4414 2983 250172 350172 6950 278
ntLink_4414 2983 300172 400172 6951 279
ntLink_4416 1025 491 100491 6952 279
ntLink_4416 1025 50491 150491 6953 279
ntLink_4416 1025 100491 200491 6954 279
ntLink_4417 599 317 100317 6955 279
ntLink_4417 599 50317 150317 6956 279
ntLink_4417 599 100317 200317 6957 279
ntLink_4418 1742 498 100498 6958 279
ntLink_4418 1742 50498 150498 6959 279
ntLink_4418 1742 100498 200498 6960 279
ntLink_4418 1742 150498 250498 6961 279
ntLink_4420 1083 722 100722 6962 279
ntLink_4420 1083 50722 150722 6963 279
ntLink_4420 1083 100722 200722 6964 279
ntLink_4420 1083 150722 250722 6965 279
ntLink_4421 1571 18221 118221 6966 279
ntLink_4421 1571 68221 168221 6967 279
ntLink_4421 1571 118221 218221 6968 279
ntLink_4421 1571 168221 268221 6969 279
ntLink_4422 984 441 100441 6970 279
ntLink_4422 984 50441 150441 6971 279
ntLink_4422 984 100441 200441 6972 279
ntLink_4422 984 150441 250441 6973 279
ntLink_4424 1333 196 100196 6974 279
ntLink_4424 1333 50196 150196 6975 279
ntLink_4424 1333 100196 200196 6976 280
ntLink_4424 1333 150196 250196 6977 280
ntLink_4424 1333 200196 300196 6978 280
ntLink_4425 828 340 100340 6979 280
ntLink_4425 828 50340 150340 6980 280
ntLink_4425 828 100340 200340 6981 280
ntLink_4426 3073 1852 101852 6982 280
ntLink_4426 3073 51852 151852 6983 280
ntLink_4426 3073 101852 201852 6984 280
ntLink_4426 3073 151852 251852 6985 280
ntLink_4426 3073 201852 301852 6986 280
ntLink_4426 3073 251852 351852 6987 280
ntLink_4427 816 303 100303 6988 280
ntLink_4427 816 50303 150303 6989 280
ntLink_4429 1359 251 100251 6990 280
ntLink_4429 1359 50251 150251 6991 280
ntLink_4429 1359 100251 200251 6992 280
ntLink_4431 1369 2394 102394 6993 280
ntLink_4431 1369 52394 152394 6994 280
ntLink_4431 1369 102394 202394 6995 280
ntLink_4432 1116 375 100375 6996 280
ntLink_4432 1116 50375 150375 6997 280
ntLink_4433 2245 579 100579 6998 280
ntLink_4433 2245 50579 150579 6999 280
ntLink_4433 2245 100579 200579 7000 280
ntLink_4433 2245 150579 250579 7001 281
ntLink_4434 3050 16191 116191 7002 281
ntLink_4434 3050 66191 166191 7003 281
ntLink_4434 3050 116191 216191 7004 281
ntLink_4434 3050 166191 266191 7005 281
ntLink_4434 3050 216191 316191 7006 281
ntLink_4434 3050 266191 366191 7007 281
ntLink_4434 3050 316191 416191 7008 281
ntLink_4434 3050 366191 466191 7009 281
ntLink_4434 3050 416191 516191 7010 281
ntLink_4435 4200 2872 102872 7011 281
ntLink_4435 4200 52872 152872 7012 281
ntLink_4435 4200 102872 202872 7013 281
ntLink_4435 4200 152872 252872 7014 281
ntLink_4435 4200 202872 302872 7015 281
ntLink_4435 4200 252872 352872 7016 281
ntLink_4435 4200 302872 402872 7017 281
ntLink_4435 4200 352872 452872 7018 281
ntLink_4435 4200 402872 502872 7019 281
ntLink_4435 4200 452872 552872 7020 281
ntLink_4435 4200 502872 602872 7021 281
ntLink_4435 4200 552872 652872 7022 281
ntLink_4435 4200 602872 702872 7023 281
ntLink_4436 753 2448 102448 7024 281
ntLink_4437 758 11414 111414 7025 281
ntLink_4437 758 61414 161414 7026 282
ntLink_4438 528 224 100224 7027 282
ntLink_4439 1402 691 100691 7028 282
ntLink_4439 1402 50691 150691 7029 282
ntLink_4439 1402 100691 200691 7030 282
ntLink_4439 1402 150691 250691 7031 282
ntLink_4439 1402 200691 300691 7032 282
ntLink_443 4585 739 100739 7033 282
ntLink_443 4585 50739 150739 7034 282
ntLink_443 4585 100739 200739 7035 282
ntLink_443 4585 150739 250739 7036 282
ntLink_443 4585 200739 300739 7037 282
ntLink_443 4585 250739 350739 7038 282
ntLink_443 4585 300739 400739 7039 282
ntLink_443 4585 350739 450739 7040 282
ntLink_443 4585 400739 500739 7041 282
ntLink_443 4585 450739 550739 7042 282
ntLink_443 4585 500739 600739 7043 282
ntLink_4440 915 414 100414 7044 282
ntLink_4440 915 50414 150414 7045 282
ntLink_4441 1185 486 100486 7046 282
ntLink_4441 1185 50486 150486 7047 282
ntLink_4441 1185 100486 200486 7048 282
ntLink_4441 1185 150486 250486 7049 282
ntLink_4442 2632 225 100225 7050 282
ntLink_4442 2632 50225 150225 7051 283
ntLink_4442 2632 100225 200225 7052 283
ntLink_4442 2632 150225 250225 7053 283
ntLink_4442 2632 200225 300225 7054 283
ntLink_4442 2632 250225 350225 7055 283
ntLink_4442 2632 300225 400225 7056 283
ntLink_4442 2632 350225 450225 7057 283
ntLink_4444 917 1496 101496 7058 283
ntLink_4444 917 51496 151496 7059 283
ntLink_4445 1481 1569 101569 7060 283
ntLink_4445 1481 51569 151569 7061 283
ntLink_4445 1481 101569 201569 7062 283
ntLink_4445 1481 151569 251569 7063 283
ntLink_4446 795 268 100268 7064 283
ntLink_4446 795 50268 150268 7065 283
ntLink_4446 795 100268 200268 7066 283
ntLink_4450 1277 12067 112067 7067 283
ntLink_4450 1277 62067 162067 7068 283
ntLink_4450 1277 112067 212067 7069 283
ntLink_4450 1277 162067 262067 7070 283
ntLink_4450 1277 212067 312067 7071 283
ntLink_4451 332 547 100547 7072 283
ntLink_4452 661 1136 101136 7073 283
ntLink_4453 2139 631 100631 7074 283
ntLink_4453 2139 50631 150631 7075 283
ntLink_4453 2139 100631 200631 7076 284
ntLink_4453 2139 150631 250631 7077 284
ntLink_4457 1232 93 100093 7078 284
ntLink_4457 1232 50093 150093 7079 284
ntLink_4458 1335 5030 105030 7080 284
ntLink_4458 1335 55030 155030 7081 284
ntLink_4458 1335 105030 205030 7082 284
ntLink_4463 946 26503 126503 7083 284
ntLink_4463 946 76503 176503 7084 284
ntLink_4463 946 126503 226503 7085 284
ntLink_4464 816 165 100165 7086 284
ntLink_4464 816 50165 150165 7087 284
ntLink_4465 1123 9988 109988 7088 284
ntLink_4465 1123 59988 159988 7089 284
ntLink_4467 954 1318 101318 7090 284
ntLink_4467 954 51318 151318 7091 284
ntLink_4468 660 1124 101124 7092 284
ntLink_4471 1123 3331 103331 7093 284
ntLink_4471 1123 53331 153331 7094 284
ntLink_4471 1123 103331 203331 7095 284
ntLink_4472 720 384 100384 7096 284
ntLink_4473 792 23845 123845 7097 284
ntLink_4475 1675 1415 101415 7098 284
ntLink_4475 1675 51415 151415 7099 284
ntLink_4475 1675 101415 201415 7100 284
ntLink_4475 1675 151415 251415 7101 285
ntLink_4475 1675 201415 301415 7102 285
ntLink_4476 1160 1852 101852 7103 285
ntLink_4476 1160 51852 151852 7104 285
ntLink_4477 1604 8539 108539 7105 285
ntLink_4477 1604 58539 158539 7106 285
ntLink_4477 1604 108539 208539 7107 285
ntLink_4479 785 16131 116131 7108 285
ntLink_4479 785 66131 166131 7109 285
ntLink_4479 785 116131 216131 7110 285
ntLink_447 892 2299 102299 7111 285
ntLink_447 892 52299 152299 7112 285
ntLink_4481 306 599 100599 7113 285
ntLink_4482 591 527 100527 7114 285
ntLink_4483 3077 469 100469 7115 285
ntLink_4483 3077 50469 150469 7116 285
ntLink_4483 3077 100469 200469 7117 285
ntLink_4483 3077 150469 250469 7118 285
ntLink_4483 3077 200469 300469 7119 285
ntLink_4483 3077 250469 350469 7120 285
ntLink_4484 2353 647 100647 7121 285
ntLink_4484 2353 50647 150647 7122 285
ntLink_4484 2353 100647 200647 7123 285
ntLink_4484 2353 150647 250647 7124 285
ntLink_4484 2353 200647 300647 7125 285
ntLink_4484 2353 250647 350647 7126 286
ntLink_4486 1467 221 100221 7127 286
ntLink_4486 1467 50221 150221 7128 286
ntLink_4488 2647 195 100195 7129 286
ntLink_4488 2647 50195 150195 7130 286
ntLink_4488 2647 100195 200195 7131 286
ntLink_4488 2647 150195 250195 7132 286
ntLink_4488 2647 200195 300195 7133 286
ntLink_4488 2647 250195 350195 7134 286
ntLink_4488 2647 300195 400195 7135 286
ntLink_448 254 192 100192 7136 286
ntLink_4491 448 354 100354 7137 286
ntLink_4492 601 132 100132 7138 286
ntLink_4496 1794 139 100139 7139 286
ntLink_4496 1794 50139 150139 7140 286
ntLink_4496 1794 100139 200139 7141 286
ntLink_4498 1883 456 100456 7142 286
ntLink_4498 1883 50456 150456 7143 286
ntLink_4498 1883 100456 200456 7144 286
ntLink_4498 1883 150456 250456 7145 286
ntLink_4498 1883 200456 300456 7146 286
ntLink_4499 404 1317 101317 7147 286
ntLink_449 749 31 100031 7148 286
ntLink_44 944 272 100272 7149 286
ntLink_44 944 50272 150272 7150 286
ntLink_44 944 100272 200272 7151 287
ntLink_4500 1191 229 100229 7152 287
ntLink_4500 1191 50229 150229 7153 287
ntLink_4501 940 1002 101002 7154 287
ntLink_4501 940 51002 151002 7155 287
ntLink_4502 859 23675 123675 7156 287
ntLink_4502 859 73675 173675 7157 287
ntLink_4507 2252 14380 114380 7158 287
ntLink_4507 2252 64380 164380 7159 287
ntLink_4507 2252 114380 214380 7160 287
ntLink_4507 2252 164380 264380 7161 287
ntLink_4508 873 518 100518 7162 287
ntLink_4509 665 7993 107993 7163 287
ntLink_450 761 6274 106274 7164 287
ntLink_4511 520 138 100138 7165 287
ntLink_4512 1279 368 100368 7166 287
ntLink_4512 1279 50368 150368 7167 287
ntLink_4512 1279 100368 200368 7168 287
ntLink_4513 489 1977 101977 7169 287
ntLink_4515 429 129 100129 7170 287
ntLink_4516 1161 2937 102937 7171 287
ntLink_4516 1161 52937 152937 7172 287
ntLink_4516 1161 102937 202937 7173 287
ntLink_4517 1957 577 100577 7174 287
ntLink_4517 1957 50577 150577 7175 287
ntLink_4517 1957 100577 200577 7176 288
ntLink_4518 2106 2334 102334 7177 288
ntLink_4518 2106 52334 152334 7178 288
ntLink_4518 2106 102334 202334 7179 288
ntLink_4518 2106 152334 252334 7180 288
ntLink_451 1010 310 100310 7181 288
ntLink_4520 425 15651 115651 7182 288
ntLink_4521 1545 8743 108743 7183 288
ntLink_4521 1545 58743 158743 7184 288
ntLink_4521 1545 108743 208743 7185 288
ntLink_4521 1545 158743 258743 7186 288
ntLink_4523 1536 24958 124958 7187 288
ntLink_4523 1536 74958 174958 7188 288
ntLink_4523 1536 124958 224958 7189 288
ntLink_4523 1536 174958 274958 7190 288
ntLink_4527 1258 5615 105615 7191 288
ntLink_4527 1258 55615 155615 7192 288
ntLink_4528 2461 661 100661 7193 288
ntLink_4528 2461 50661 150661 7194 288
ntLink_4528 2461 100661 200661 7195 288
ntLink_4528 2461 150661 250661 7196 288
ntLink_4528 2461 200661 300661 7197 288
ntLink_4529 737 1126 101126 7198 288
ntLink_4529 737 51126 151126 7199 288
ntLink_452 724 259 100259 7200 288
ntLink_4531 2833 183 100183 7201 289
ntLink_4531 2833 50183 150183 7202 289
ntLink_4531 2833 100183 200183 7203 289
ntLink_4531 2833 150183 250183 7204 289
ntLink_4531 2833 200183 300183 7205 289
ntLink_4531 2833 250183 350183 7206 289
ntLink_4531 2833 300183 400183 7207 289
ntLink_4531 2833 350183 450183 7208 289
ntLink_4531 2833 400183 500183 7209 289
ntLink_4531 2833 450183 550183 7210 289
ntLink_4532 1830 528 100528 7211 289
ntLink_4532 1830 50528 150528 7212 289
ntLink_4532 1830 100528 200528 7213 289
ntLink_4532 1830 150528 250528 7214 289
ntLink_4533 2872 1287 101287 7215 289
ntLink_4533 2872 51287 151287 7216 289
ntLink_4533 2872 101287 201287 7217 289
ntLink_4533 2872 151287 251287 7218 289
ntLink_4533 2872 201287 301287 7219 289
ntLink_4533 2872 251287 351287 7220 289
ntLink_4533 2872 301287 401287 7221 289
ntLink_4535 569 318 100318 7222 289
ntLink_4537 2179 7900 107900 7223 289
ntLink_4537 2179 57900 157900 7224 289
ntLink_4537 2179 107900 207900 7225 289
ntLink_4540 620 202 100202 7226 290
ntLink_4541 533 4302 104302 7227 290
ntLink_4541 533 54302 154302 7228 290
ntLink_4543 1067 1057 101057 7229 290
ntLink_4543 1067 51057 151057 7230 290
ntLink_4545 1264 386 100386 7231 290
ntLink_4545 1264 50386 150386 7232 290
ntLink_4545 1264 100386 200386 7233 290
ntLink_4548 1105 1060 101060 7234 290
ntLink_4550 1989 868 100868 7235 290
ntLink_4550 1989 50868 150868 7236 290
ntLink_4550 1989 100868 200868 7237 290
ntLink_4550 1989 150868 250868 7238 290
ntLink_4550 1989 200868 300868 7239 290
ntLink_4552 2291 1402 101402 7240 290
ntLink_4552 2291 51402 151402 7241 290
ntLink_4552 2291 101402 201402 7242 290
ntLink_4552 2291 151402 251402 7243 290
ntLink_4552 2291 201402 301402 7244 290
ntLink_4553 2063 183 100183 7245 290
ntLink_4553 2063 50183 150183 7246 290
ntLink_4553 2063 100183 200183 7247 290
ntLink_4553 2063 150183 250183 7248 290
ntLink_4553 2063 200183 300183 7249 290
ntLink_4553 2063 250183 350183 7250 290
ntLink_4553 2063 300183 400183 7251 291
ntLink_4553 2063 350183 450183 7252 291
ntLink_4555 941 848 100848 7253 291
ntLink_4559 856 17004 117004 7254 291
ntLink_4559 856 67004 167004 7255 291
ntLink_4559 856 117004 217004 7256 291
ntLink_455 1665 468 100468 7257 291
ntLink_455 1665 50468 150468 7258 291
ntLink_455 1665 100468 200468 7259 291
ntLink_4562 1243 4171 104171 7260 291
ntLink_4562 1243 54171 154171 7261 291
ntLink_4562 1243 104171 204171 7262 291
ntLink_4562 1243 154171 254171 7263 291
ntLink_4562 1243 204171 304171 7264 291
ntLink_4563 3287 1785 101785 7265 291
ntLink_4563 3287 51785 151785 7266 291
ntLink_4563 3287 101785 201785 7267 291
ntLink_4563 3287 151785 251785 7268 291
ntLink_4563 3287 201785 301785 7269 291
ntLink_4564 2082 901 100901 7270 291
ntLink_4564 2082 50901 150901 7271 291
ntLink_4564 2082 100901 200901 7272 291
ntLink_4564 2082 150901 250901 7273 291
ntLink_4568 4666 1804 101804 7274 291
ntLink_4568 4666 51804 151804 7275 291
ntLink_4568 4666 101804 201804 7276 292
ntLink_4568 4666 151804 251804 7277 292
ntLink_4568 4666 201804 301804 7278 292
ntLink_4568 4666 251804 351804 7279 292
ntLink_4568 4666 301804 401804 7280 292
ntLink_4568 4666 351804 451804 7281 292
ntLink_4569 2565 370 100370 7282 292
ntLink_4569 2565 50370 150370 7283 292
ntLink_4569 2565 100370 200370 7284 292
ntLink_4569 2565 150370 250370 7285 292
ntLink_4569 2565 200370 300370 7286 292
ntLink_4570 2235 287 100287 7287 292
ntLink_4570 2235 50287 150287 7288 292
ntLink_4570 2235 100287 200287 7289 292
ntLink_4570 2235 150287 250287 7290 292
ntLink_4570 2235 200287 300287 7291 292
ntLink_4570 2235 250287 350287 7292 292
ntLink_4570 2235 300287 400287 7293 292
ntLink_4570 2235 350287 450287 7294 292
ntLink_4570 2235 400287 500287 7295 292
ntLink_4570 2235 450287 550287 7296 292
ntLink_4572 1314 243 100243 7297 292
ntLink_4572 1314 50243 150243 7298 292
ntLink_4572 1314 100243 200243 7299 292
ntLink_4573 2026 14431 114431 7300 292
ntLink_4573 2026 64431 164431 7301 293
ntLink_4573 2026 114431 214431 7302 293
ntLink_4573 2026 164431 264431 7303 293
ntLink_4574 477 589 100589 7304 293
ntLink_4575 4021 246 100246 7305 293
ntLink_4575 4021 50246 150246 7306 293
ntLink_4575 4021 100246 200246 7307 293
ntLink_4575 4021 150246 250246 7308 293
ntLink_4575 4021 200246 300246 7309 293
ntLink_4575 4021 250246 350246 7310 293
ntLink_4575 4021 300246 400246 7311 293
ntLink_4575 4021 350246 450246 7312 293
ntLink_4575 4021 400246 500246 7313 293
ntLink_4575 4021 450246 550246 7314 293
ntLink_4575 4021 500246 600246 7315 293
ntLink_4575 4021 550246 650246 7316 293
ntLink_4575 4021 600246 700246 7317 293
ntLink_4575 4021 650246 750246 7318 293
ntLink_4576 1297 1173 101173 7319 293
ntLink_4576 1297 51173 151173 7320 293
ntLink_4576 1297 101173 201173 7321 293
ntLink_4576 1297 151173 251173 7322 293
ntLink_4578 1270 188 100188 7323 293
ntLink_4578 1270 50188 150188 7324 293
ntLink_4578 1270 100188 200188 7325 293
ntLink_4579 1430 559 100559 7326 294
ntLink_4579 1430 50559 150559 7327 294
ntLink_4579 1430 100559 200559 7328 294
ntLink_4579 1430 150559 250559 7329 294
ntLink_457 113 11830 111830 7330 294
ntLink_457 113 61830 161830 7331 294
ntLink_457 113 111830 211830 7332 294
ntLink_4580 1236 299 100299 7333 294
ntLink_4580 1236 50299 150299 7334 294
ntLink_4580 1236 100299 200299 7335 294
ntLink_4582 784 281 100281 7336 294
ntLink_4582 784 50281 150281 7337 294
ntLink_4583 1048 1066 101066 7338 294
ntLink_4585 3635 1126 101126 7339 294
ntLink_4585 3635 51126 151126 7340 294
ntLink_4585 3635 101126 201126 7341 294
ntLink_4585 3635 151126 251126 7342 294
ntLink_4585 3635 201126 301126 7343 294
ntLink_4585 3635 251126 351126 7344 294
ntLink_4585 3635 301126 401126 7345 294
ntLink_4585 3635 351126 451126 7346 294
ntLink_4585 3635 401126 501126 7347 294
ntLink_4586 1306 18872 118872 7348 294
ntLink_4586 1306 68872 168872 7349 294
ntLink_4586 1306 118872 218872 7350 294
ntLink_4586 1306 168872 268872 7351 295
ntLink_4587 735 310 100310 7352 295
ntLink_4587 735 50310 150310 7353 295
ntLink_4587 735 100310 200310 7354 295
ntLink_4587 735 150310 250310 7355 295
ntLink_4589 1970 375 100375 7356 295
ntLink_4589 1970 50375 150375 7357 295
ntLink_4589 1970 100375 200375 7358 295
ntLink_4589 1970 150375 250375 7359 295
ntLink_4589 1970 200375 300375 7360 295
ntLink_4589 1970 250375 350375 7361 295
ntLink_4590 493 224 100224 7362 295
ntLink_4590 493 50224 150224 7363 295
ntLink_4591 861 4273 104273 7364 295
ntLink_4592 1307 156 100156 7365 295
ntLink_4592 1307 50156 150156 7366 295
ntLink_4592 1307 100156 200156 7367 295
ntLink_4593 1026 412 100412 7368 295
ntLink_4594 1298 200 100200 7369 295
ntLink_4594 1298 50200 150200 7370 295
ntLink_4594 1298 100200 200200 7371 295
ntLink_4594 1298 150200 250200 7372 295
ntLink_4595 709 374 100374 7373 295
ntLink_4597 179 646 100646 7374 295
ntLink_4598 2169 10494 110494 7375 295
ntLink_4598 2169 60494 160494 7376 296
ntLink_4598 2169 110494 210494 7377 296
ntLink_4598 2169 160494 260494 7378 296
ntLink_4598 2169 210494 310494 7379 296
ntLink_4599 1403 5507 105507 7380 296
ntLink_4599 1403 55507 155507 7381 296
ntLink_4599 1403 105507 205507 7382 296
ntLink_4599 1403 155507 255507 7383 296
ntLink_4602 1289 1156 101156 7384 296
ntLink_4602 1289 51156 151156 7385 296
ntLink_4605 792 3492 103492 7386 296
ntLink_4606 1866 222 100222 7387 296
ntLink_4606 1866 50222 150222 7388 296
ntLink_4606 1866 100222 200222 7389 296
ntLink_4606 1866 150222 250222 7390 296
ntLink_4610 1579 2189 102189 7391 296
ntLink_4610 1579 52189 152189 7392 296
ntLink_4610 1579 102189 202189 7393 296
ntLink_4610 1579 152189 252189 7394 296
ntLink_4610 1579 202189 302189 7395 296
ntLink_4611 2552 1177 101177 7396 296
ntLink_4611 2552 51177 151177 7397 296
ntLink_4611 2552 101177 201177 7398 296
ntLink_4611 2552 151177 251177 7399 296
ntLink_4611 2552 201177 301177 7400 296
ntLink_4611 2552 251177 351177 7401 297
ntLink_4611 2552 301177 401177 7402 297
ntLink_4611 2552 351177 451177 7403 297
ntLink_4615 845 1663 101663 7404 297
ntLink_4615 845 51663 151663 7405 297
ntLink_4616 1622 302 100302 7406 297
ntLink_4616 1622 50302 150302 7407 297
ntLink_4616 1622 100302 200302 7408 297
ntLink_4616 1622 150302 250302 7409 297
ntLink_4619 934 1035 101035 7410 297
ntLink_4620 1887 6526 106526 7411 297
ntLink_4620 1887 56526 156526 7412 297
ntLink_4620 1887 106526 206526 7413 297
ntLink_4620 1887 156526 256526 7414 297
ntLink_4622 531 9717 109717 7415 297
ntLink_4624 1387 10746 110746 7416 297
ntLink_4624 1387 60746 160746 7417 297
ntLink_4629 3571 153 100153 7418 297
ntLink_4629 3571 50153 150153 7419 297
ntLink_4629 3571 100153 200153 7420 297
ntLink_4629 3571 150153 250153 7421 297
ntLink_4629 3571 200153 300153 7422 297
ntLink_4629 3571 250153 350153 7423 297
ntLink_4630 468 4761 104761 7424 297
ntLink_4631 432 4662 104662 7425 297
ntLink_4633 1082 1651 101651 7426 298
ntLink_4634 644 2116 102116 7427 298
ntLink_4634 644 52116 152116 7428 298
ntLink_4637 1886 500 100500 7429 298
ntLink_4637 1886 50500 150500 7430 298
ntLink_4637 1886 100500 200500 7431 298
ntLink_4637 1886 150500 250500 7432 298
ntLink_4637 1886 200500 300500 7433 298
ntLink_4638 2152 1538 101538 7434 298
ntLink_4638 2152 51538 151538 7435 298
ntLink_4638 2152 101538 201538 7436 298
ntLink_4638 2152 151538 251538 7437 298
ntLink_4638 2152 201538 301538 7438 298
ntLink_4638 2152 251538 351538 7439 298
ntLink_4638 2152 301538 401538 7440 298
Backbone_13035 885 15686 115686 7441 298
Backbone_13035 885 65686 165686 7442 298
Backbone_13045 675 2396 102396 7443 298
Backbone_13046 814 868 100868 7444 298
Backbone_1304 860 354 100354 7445 298
Backbone_13059 779 419 100419 7446 298
Backbone_13060 897 1226 101226 7447 298
Backbone_13060 897 51226 151226 7448 298
Backbone_13067 709 644 100644 7449 298
Backbone_1306 512 16888 116888 7450 298
Backbone_13073 759 209 100209 7451 299
Backbone_13073 759 50209 150209 7452 299
ntLink_4639 3626 2002 102002 7453 299
ntLink_4639 3626 52002 152002 7454 299
ntLink_4639 3626 102002 202002 7455 299
ntLink_4639 3626 152002 252002 7456 299
ntLink_4639 3626 202002 302002 7457 299
ntLink_4639 3626 252002 352002 7458 299
ntLink_4639 3626 302002 402002 7459 299
ntLink_4639 3626 352002 452002 7460 299
ntLink_4639 3626 402002 502002 7461 299
ntLink_4641 542 6664 106664 7462 299
ntLink_4646 501 308 100308 7463 299
ntLink_4647 1527 4573 104573 7464 299
ntLink_4647 1527 54573 154573 7465 299
ntLink_4647 1527 104573 204573 7466 299
ntLink_4647 1527 154573 254573 7467 299
ntLink_4648 1577 300 100300 7468 299
ntLink_4648 1577 50300 150300 7469 299
ntLink_4648 1577 100300 200300 7470 299
ntLink_4648 1577 150300 250300 7471 299
ntLink_464 1453 876 100876 7472 299
ntLink_464 1453 50876 150876 7473 299
ntLink_4653 336 3491 103491 7474 299
ntLink_4655 1192 1706 101706 7475 299
ntLink_4655 1192 51706 151706 7476 300
ntLink_4655 1192 101706 201706 7477 300
ntLink_4655 1192 151706 251706 7478 300
ntLink_4659 1025 210 100210 7479 300
ntLink_4659 1025 50210 150210 7480 300
ntLink_465 3068 3005 103005 7481 300
ntLink_465 3068 53005 153005 7482 300
ntLink_465 3068 103005 203005 7483 300
ntLink_465 3068 153005 253005 7484 300
ntLink_465 3068 203005 303005 7485 300
ntLink_465 3068 253005 353005 7486 300
ntLink_465 3068 303005 403005 7487 300
ntLink_465 3068 353005 453005 7488 300
ntLink_4661 194 426 100426 7489 300
ntLink_4662 1345 1002 101002 7490 300
ntLink_4662 1345 51002 151002 7491 300
ntLink_4662 1345 101002 201002 7492 300
ntLink_4665 1111 2442 102442 7493 300
ntLink_4665 1111 52442 152442 7494 300
ntLink_4665 1111 102442 202442 7495 300
ntLink_4667 509 251 100251 7496 300
ntLink_4671 123 2379 102379 7497 300
ntLink_4672 1165 1135 101135 7498 300
ntLink_4672 1165 51135 151135 7499 300
ntLink_4672 1165 101135 201135 7500 300
ntLink_4676 1333 179 100179 7501 301
ntLink_4676 1333 50179 150179 7502 301
ntLink_4677 426 5481 105481 7503 301
ntLink_4677 426 55481 155481 7504 301
ntLink_467 498 4824 104824 7505 301
ntLink_4680 800 350 100350 7506 301
ntLink_4681 1070 29520 129520 7507 301
ntLink_4681 1070 79520 179520 7508 301
ntLink_4682 692 436 100436 7509 301
ntLink_4682 692 50436 150436 7510 301
ntLink_4682 692 100436 200436 7511 301
ntLink_4684 473 1872 101872 7512 301
ntLink_4686 631 27832 127832 7513 301
ntLink_4690 486 648 100648 7514 301
ntLink_4690 486 50648 150648 7515 301
ntLink_4691 644 963 100963 7516 301
ntLink_4694 735 751 100751 7517 301
ntLink_4695 1432 546 100546 7518 301
ntLink_4695 1432 50546 150546 7519 301
ntLink_4695 1432 100546 200546 7520 301
ntLink_4695 1432 150546 250546 7521 301
ntLink_4698 1608 257 100257 7522 301
ntLink_4698 1608 50257 150257 7523 301
ntLink_4698 1608 100257 200257 7524 301
ntLink_469 606 214 100214 7525 301
ntLink_46 3700 805 100805 7526 302
ntLink_46 3700 50805 150805 7527 302
ntLink_46 3700 100805 200805 7528 302
ntLink_46 3700 150805 250805 7529 302
ntLink_46 3700 200805 300805 7530 302
ntLink_46 3700 250805 350805 7531 302
ntLink_46 3700 300805 400805 7532 302
ntLink_46 3700 350805 450805 7533 302
ntLink_46 3700 400805 500805 7534 302
ntLink_4701 920 192 100192 7535 302
ntLink_4703 627 3253 103253 7536 302
ntLink_4703 627 53253 153253 7537 302
ntLink_4703 627 103253 203253 7538 302
ntLink_4703 627 153253 253253 7539 302
ntLink_4704 502 2150 102150 7540 302
ntLink_4704 502 52150 152150 7541 302
ntLink_4707 862 740 100740 7542 302
ntLink_4707 862 50740 150740 7543 302
ntLink_4707 862 100740 200740 7544 302
ntLink_4710 653 331 100331 7545 302
ntLink_4715 1288 651 100651 7546 302
ntLink_4715 1288 50651 150651 7547 302
ntLink_4716 882 267 100267 7548 302
ntLink_4719 4285 148 100148 7549 302
ntLink_4719 4285 50148 150148 7550 302
ntLink_4719 4285 100148 200148 7551 303
ntLink_4719 4285 150148 250148 7552 303
ntLink_4719 4285 200148 300148 7553 303
ntLink_4719 4285 250148 350148 7554 303
ntLink_4719 4285 300148 400148 7555 303
ntLink_4719 4285 350148 450148 7556 303
ntLink_4719 4285 400148 500148 7557 303
ntLink_4719 4285 450148 550148 7558 303
ntLink_4719 4285 500148 600148 7559 303
ntLink_471 830 395 100395 7560 303
ntLink_4721 1019 122 100122 7561 303
ntLink_4721 1019 50122 150122 7562 303
ntLink_4721 1019 100122 200122 7563 303
ntLink_4722 1045 365 100365 7564 303
ntLink_4722 1045 50365 150365 7565 303
ntLink_4723 2499 3847 103847 7566 303
ntLink_4723 2499 53847 153847 7567 303
ntLink_4723 2499 103847 203847 7568 303
ntLink_4723 2499 153847 253847 7569 303
ntLink_4723 2499 203847 303847 7570 303
ntLink_4723 2499 253847 353847 7571 303
ntLink_4723 2499 303847 403847 7572 303
ntLink_4723 2499 353847 453847 7573 303
ntLink_4726 900 6480 106480 7574 303
ntLink_4726 900 56480 156480 7575 303
ntLink_4727 2388 3189 103189 7576 304
ntLink_4727 2388 53189 153189 7577 304
ntLink_4727 2388 103189 203189 7578 304
ntLink_4727 2388 153189 253189 7579 304
ntLink_4727 2388 203189 303189 7580 304
ntLink_4727 2388 253189 353189 7581 304
ntLink_4727 2388 303189 403189 7582 304
ntLink_4729 1033 407 100407 7583 304
ntLink_4729 1033 50407 150407 7584 304
ntLink_4729 1033 100407 200407 7585 304
ntLink_4729 1033 150407 250407 7586 304
ntLink_4729 1033 200407 300407 7587 304
ntLink_472 990 5334 105334 7588 304
ntLink_472 990 55334 155334 7589 304
ntLink_4731 1439 192 100192 7590 304
ntLink_4731 1439 50192 150192 7591 304
ntLink_4733 1091 707 100707 7592 304
ntLink_4733 1091 50707 150707 7593 304
ntLink_4733 1091 100707 200707 7594 304
ntLink_4736 715 4793 104793 7595 304
ntLink_4736 715 54793 154793 7596 304
ntLink_4738 548 563 100563 7597 304
ntLink_4740 667 1067 101067 7598 304
ntLink_4744 728 1388 101388 7599 304
ntLink_4744 728 51388 151388 7600 304
ntLink_4745 1038 204 100204 7601 305
ntLink_4745 1038 50204 150204 7602 305
ntLink_4746 1030 4724 104724 7603 305
ntLink_4746 1030 54724 154724 7604 305
ntLink_4746 1030 104724 204724 7605 305
ntLink_4746 1030 154724 254724 7606 305
ntLink_4748 1037 938 100938 7607 305
ntLink_4748 1037 50938 150938 7608 305
ntLink_4749 1619 520 100520 7609 305
ntLink_4749 1619 50520 150520 7610 305
ntLink_4749 1619 100520 200520 7611 305
ntLink_474 415 90 100090 7612 305
ntLink_4752 1172 325 100325 7613 305
ntLink_4752 1172 50325 150325 7614 305
ntLink_4756 1187 385 100385 7615 305
ntLink_4757 677 328 100328 7616 305
ntLink_4759 3306 9520 109520 7617 305
ntLink_4759 3306 59520 159520 7618 305
ntLink_4759 3306 109520 209520 7619 305
ntLink_4759 3306 159520 259520 7620 305
ntLink_4759 3306 209520 309520 7621 305
ntLink_4759 3306 259520 359520 7622 305
ntLink_4759 3306 309520 409520 7623 305
ntLink_4759 3306 359520 459520 7624 305
ntLink_4762 925 11084 111084 7625 305
ntLink_4762 925 61084 161084 7626 306
ntLink_4762 925 111084 211084 7627 306
ntLink_4763 430 1568 101568 7628 306
ntLink_4764 425 1327 101327 7629 306
ntLink_4766 577 2408 102408 7630 306
ntLink_4766 577 52408 152408 7631 306
ntLink_476 919 1251 101251 7632 306
ntLink_476 919 51251 151251 7633 306
ntLink_4770 537 408 100408 7634 306
ntLink_4778 1369 203 100203 7635 306
ntLink_4778 1369 50203 150203 7636 306
ntLink_477 1534 713 100713 7637 306
ntLink_477 1534 50713 150713 7638 306
ntLink_477 1534 100713 200713 7639 306
ntLink_477 1534 150713 250713 7640 306
ntLink_4785 1908 2875 102875 7641 306
ntLink_4785 1908 52875 152875 7642 306
ntLink_4785 1908 102875 202875 7643 306
ntLink_4785 1908 152875 252875 7644 306
ntLink_4785 1908 202875 302875 7645 306
ntLink_4789 2521 2249 102249 7646 306
ntLink_4789 2521 52249 152249 7647 306
ntLink_4789 2521 102249 202249 7648 306
ntLink_4789 2521 152249 252249 7649 306
ntLink_4789 2521 202249 302249 7650 306
ntLink_4789 2521 252249 352249 7651 307
ntLink_4789 2521 302249 402249 7652 307
ntLink_4789 2521 352249 452249 7653 307
ntLink_4789 2521 402249 502249 7654 307
ntLink_4789 2521 452249 552249 7655 307
ntLink_4789 2521 502249 602249 7656 307
ntLink_478 563 717 100717 7657 307
ntLink_4791 714 144 100144 7658 307
ntLink_4792 265 2037 102037 7659 307
ntLink_4795 362 235 100235 7660 307
ntLink_4798 1044 609 100609 7661 307
ntLink_4798 1044 50609 150609 7662 307
ntLink_4799 595 3156 103156 7663 307
ntLink_479 431 1130 101130 7664 307
ntLink_47 1750 510 100510 7665 307
ntLink_47 1750 50510 150510 7666 307
ntLink_47 1750 100510 200510 7667 307
ntLink_47 1750 150510 250510 7668 307
ntLink_4800 1138 307 100307 7669 307
ntLink_4800 1138 50307 150307 7670 307
ntLink_4800 1138 100307 200307 7671 307
ntLink_4800 1138 150307 250307 7672 307
ntLink_4801 1300 263 100263 7673 307
ntLink_4801 1300 50263 150263 7674 307
ntLink_4802 1569 92 100092 7675 307
ntLink_4802 1569 50092 150092 7676 308
ntLink_4802 1569 100092 200092 7677 308
ntLink_4802 1569 150092 250092 7678 308
ntLink_4809 1446 1099 101099 7679 308
ntLink_4809 1446 51099 151099 7680 308
ntLink_4809 1446 101099 201099 7681 308
ntLink_4812 864 2587 102587 7682 308
ntLink_4812 864 52587 152587 7683 308
ntLink_4815 468 3544 103544 7684 308
ntLink_4816 759 1416 101416 7685 308
ntLink_4818 1339 141 100141 7686 308
ntLink_4818 1339 50141 150141 7687 308
ntLink_4818 1339 100141 200141 7688 308
ntLink_4822 1222 830 100830 7689 308
ntLink_4822 1222 50830 150830 7690 308
ntLink_4822 1222 100830 200830 7691 308
ntLink_4823 1069 16076 116076 7692 308
ntLink_4825 1088 664 100664 7693 308
ntLink_4825 1088 50664 150664 7694 308
ntLink_4825 1088 100664 200664 7695 308
ntLink_4832 731 18640 118640 7696 308
ntLink_4835 1581 6819 106819 7697 308
ntLink_4835 1581 56819 156819 7698 308
ntLink_4835 1581 106819 206819 7699 308
ntLink_4835 1581 156819 256819 7700 308
ntLink_4836 1086 701 100701 7701 309
ntLink_4836 1086 50701 150701 7702 309
ntLink_4836 1086 100701 200701 7703 309
ntLink_4838 514 567 100567 7704 309
ntLink_4838 514 50567 150567 7705 309
ntLink_4838 514 100567 200567 7706 309
ntLink_4840 960 21313 121313 7707 309
ntLink_4844 617 3810 103810 7708 309
ntLink_4845 819 1868 101868 7709 309
ntLink_4845 819 51868 151868 7710 309
ntLink_4846 2078 750 100750 7711 309
ntLink_4846 2078 50750 150750 7712 309
ntLink_4846 2078 100750 200750 7713 309
ntLink_4846 2078 150750 250750 7714 309
ntLink_4846 2078 200750 300750 7715 309
ntLink_4846 2078 250750 350750 7716 309
ntLink_4848 742 215 100215 7717 309
ntLink_4848 742 50215 150215 7718 309
ntLink_4850 888 5609 105609 7719 309
ntLink_4852 495 2319 102319 7720 309
ntLink_4853 1549 188 100188 7721 309
ntLink_4853 1549 50188 150188 7722 309
ntLink_4853 1549 100188 200188 7723 309
ntLink_4855 493 9352 109352 7724 309
ntLink_4857 441 293 100293 7725 309
ntLink_4857 441 50293 150293 7726 310
ntLink_4857 441 100293 200293 7727 310
ntLink_4859 1854 190 100190 7728 310
ntLink_4859 1854 50190 150190 7729 310
ntLink_4859 1854 100190 200190 7730 310
ntLink_4863 1297 2699 102699 7731 310
ntLink_4863 1297 52699 152699 7732 310
ntLink_4863 1297 102699 202699 7733 310
ntLink_4864 447 358 100358 7734 310
ntLink_4866 1358 590 100590 7735 310
ntLink_4866 1358 50590 150590 7736 310
ntLink_4866 1358 100590 200590 7737 310
ntLink_4866 1358 150590 250590 7738 310
ntLink_4868 1210 1956 101956 7739 310
ntLink_4868 1210 51956 151956 7740 310
ntLink_4868 1210 101956 201956 7741 310
ntLink_4868 1210 151956 251956 7742 310
ntLink_4869 722 461 100461 7743 310
ntLink_4869 722 50461 150461 7744 310
ntLink_4869 722 100461 200461 7745 310
ntLink_4870 691 7732 107732 7746 310
ntLink_4879 1059 1542 101542 7747 310
ntLink_4879 1059 51542 151542 7748 310
ntLink_4880 452 2466 102466 7749 310
ntLink_4883 589 270 100270 7750 310
ntLink_4883 589 50270 150270 7751 311
ntLink_4887 823 390 100390 7752 311
ntLink_4887 823 50390 150390 7753 311
ntLink_4888 877 432 100432 7754 311
ntLink_4888 877 50432 150432 7755 311
ntLink_488 1040 4576 104576 7756 311
ntLink_488 1040 54576 154576 7757 311
ntLink_4890 783 455 100455 7758 311
ntLink_4893 1340 209 100209 7759 311
ntLink_4893 1340 50209 150209 7760 311
ntLink_4893 1340 100209 200209 7761 311
ntLink_4893 1340 150209 250209 7762 311
ntLink_4894 2234 575 100575 7763 311
ntLink_4894 2234 50575 150575 7764 311
ntLink_4894 2234 100575 200575 7765 311
ntLink_4894 2234 150575 250575 7766 311
ntLink_4896 580 2690 102690 7767 311
ntLink_4898 1222 10219 110219 7768 311
ntLink_489 1043 1392 101392 7769 311
ntLink_48 1506 2593 102593 7770 311
ntLink_48 1506 52593 152593 7771 311
ntLink_48 1506 102593 202593 7772 311
ntLink_4902 2750 217 100217 7773 311
ntLink_4902 2750 50217 150217 7774 311
ntLink_4902 2750 100217 200217 7775 311
ntLink_4902 2750 150217 250217 7776 312
ntLink_4902 2750 200217 300217 7777 312
ntLink_4902 2750 250217 350217 7778 312
ntLink_4902 2750 300217 400217 7779 312
ntLink_4902 2750 350217 450217 7780 312
ntLink_4903 419 186 100186 7781 312
ntLink_4904 1122 174 100174 7782 312
ntLink_4904 1122 50174 150174 7783 312
ntLink_4907 642 650 100650 7784 312
ntLink_4908 858 1017 101017 7785 312
ntLink_4908 858 51017 151017 7786 312
ntLink_4909 587 2341 102341 7787 312
ntLink_4909 587 52341 152341 7788 312
ntLink_4911 3120 144 100144 7789 312
ntLink_4911 3120 50144 150144 7790 312
ntLink_4911 3120 100144 200144 7791 312
ntLink_4911 3120 150144 250144 7792 312
ntLink_4911 3120 200144 300144 7793 312
ntLink_4912 653 97 100097 7794 312
ntLink_4913 1041 4370 104370 7795 312
ntLink_4919 1337 2267 102267 7796 312
ntLink_4919 1337 52267 152267 7797 312
ntLink_4919 1337 102267 202267 7798 312
ntLink_4919 1337 152267 252267 7799 312
ntLink_491 547 309 100309 7800 312
ntLink_491 547 50309 150309 7801 313
ntLink_4922 1844 1421 101421 7802 313
ntLink_4922 1844 51421 151421 7803 313
ntLink_4922 1844 101421 201421 7804 313
ntLink_4927 517 18270 118270 7805 313
ntLink_4927 517 68270 168270 7806 313
ntLink_4930 732 3369 103369 7807 313
ntLink_4933 2046 474 100474 7808 313
ntLink_4933 2046 50474 150474 7809 313
ntLink_4933 2046 100474 200474 7810 313
ntLink_4933 2046 150474 250474 7811 313
ntLink_4940 808 4124 104124 7812 313
ntLink_4940 808 54124 154124 7813 313
ntLink_4941 1372 127 100127 7814 313
ntLink_4941 1372 50127 150127 7815 313
ntLink_4941 1372 100127 200127 7816 313
ntLink_4941 1372 150127 250127 7817 313
ntLink_4941 1372 200127 300127 7818 313
ntLink_4941 1372 250127 350127 7819 313
ntLink_4943 1713 683 100683 7820 313
ntLink_4943 1713 50683 150683 7821 313
ntLink_4943 1713 100683 200683 7822 313
ntLink_4943 1713 150683 250683 7823 313
ntLink_4943 1713 200683 300683 7824 313
ntLink_4943 1713 250683 350683 7825 313
ntLink_4944 392 7658 107658 7826 314
ntLink_4945 735 2867 102867 7827 314
ntLink_4946 609 1754 101754 7828 314
ntLink_4948 1873 202 100202 7829 314
ntLink_4948 1873 50202 150202 7830 314
ntLink_4948 1873 100202 200202 7831 314
ntLink_4948 1873 150202 250202 7832 314
ntLink_4948 1873 200202 300202 7833 314
ntLink_4948 1873 250202 350202 7834 314
ntLink_4948 1873 300202 400202 7835 314
ntLink_4948 1873 350202 450202 7836 314
ntLink_4948 1873 400202 500202 7837 314
ntLink_4949 939 421 100421 7838 314
ntLink_4954 733 1066 101066 7839 314
ntLink_4954 733 51066 151066 7840 314
ntLink_4957 2261 3107 103107 7841 314
ntLink_4957 2261 53107 153107 7842 314
ntLink_4957 2261 103107 203107 7843 314
ntLink_4957 2261 153107 253107 7844 314
ntLink_4957 2261 203107 303107 7845 314
ntLink_4957 2261 253107 353107 7846 314
ntLink_4958 646 5291 105291 7847 314
ntLink_4958 646 55291 155291 7848 314
ntLink_4962 1336 1135 101135 7849 314
ntLink_4962 1336 51135 151135 7850 314
ntLink_4963 690 440 100440 7851 315
ntLink_4967 1067 568 100568 7852 315
ntLink_4967 1067 50568 150568 7853 315
ntLink_4971 606 2218 102218 7854 315
Backbone_1308 1066 344 100344 7855 315
Backbone_13091 570 4842 104842 7856 315
Backbone_13093 195 4001 104001 7857 315
Backbone_1311 661 4158 104158 7858 315
Backbone_13128 872 304 100304 7859 315
Backbone_13131 566 4756 104756 7860 315
Backbone_13136 732 359 100359 7861 315
ntLink_4973 983 279 100279 7862 315
ntLink_4975 617 905 100905 7863 315
ntLink_4976 587 21163 121163 7864 315
ntLink_4977 1340 199 100199 7865 315
ntLink_4977 1340 50199 150199 7866 315
ntLink_4977 1340 100199 200199 7867 315
ntLink_4978 674 829 100829 7868 315
ntLink_497 619 350 100350 7869 315
ntLink_4980 935 468 100468 7870 315
ntLink_4980 935 50468 150468 7871 315
ntLink_4981 1881 2128 102128 7872 315
ntLink_4981 1881 52128 152128 7873 315
ntLink_4981 1881 102128 202128 7874 315
ntLink_4981 1881 152128 252128 7875 315
ntLink_4981 1881 202128 302128 7876 316
ntLink_4982 773 186 100186 7877 316
ntLink_4984 1809 167 100167 7878 316
ntLink_4984 1809 50167 150167 7879 316
ntLink_4984 1809 100167 200167 7880 316
ntLink_4989 1387 635 100635 7881 316
ntLink_4989 1387 50635 150635 7882 316
ntLink_4989 1387 100635 200635 7883 316
ntLink_498 779 39 100039 7884 316
ntLink_4990 796 14357 114357 7885 316
ntLink_4992 1793 4778 104778 7886 316
ntLink_4992 1793 54778 154778 7887 316
ntLink_4992 1793 104778 204778 7888 316
ntLink_4993 2422 463 100463 7889 316
ntLink_4993 2422 50463 150463 7890 316
ntLink_4993 2422 100463 200463 7891 316
ntLink_4993 2422 150463 250463 7892 316
ntLink_4994 1004 18970 118970 7893 316
ntLink_4994 1004 68970 168970 7894 316
ntLink_4996 2219 2471 102471 7895 316
ntLink_4996 2219 52471 152471 7896 316
ntLink_4996 2219 102471 202471 7897 316
ntLink_4996 2219 152471 252471 7898 316
ntLink_4996 2219 202471 302471 7899 316
ntLink_4996 2219 252471 352471 7900 316
ntLink_4997 826 1452 101452 7901 317
ntLink_49 1704 2612 102612 7902 317
ntLink_49 1704 52612 152612 7903 317
ntLink_49 1704 102612 202612 7904 317
ntLink_4 2299 1708 101708 7905 317
ntLink_4 2299 51708 151708 7906 317
ntLink_4 2299 101708 201708 7907 317
ntLink_4 2299 151708 251708 7908 317
ntLink_4 2299 201708 301708 7909 317
ntLink_4 2299 251708 351708 7910 317
ntLink_5000 975 274 100274 7911 317
ntLink_5000 975 50274 150274 7912 317
ntLink_5003 586 2515 102515 7913 317
ntLink_5003 586 52515 152515 7914 317
ntLink_5006 1082 50377 150377 7915 317
ntLink_5006 1082 100377 200377 7916 317
ntLink_5008 1283 14988 114988 7917 317
ntLink_5008 1283 64988 164988 7918 317
ntLink_5008 1283 114988 214988 7919 317
ntLink_5009 461 884 100884 7920 317
ntLink_5009 461 50884 150884 7921 317
ntLink_5009 461 100884 200884 7922 317
ntLink_5009 461 150884 250884 7923 317
ntLink_500 1170 3135 103135 7924 317
ntLink_500 1170 53135 153135 7925 317
ntLink_5010 405 192 100192 7926 318
ntLink_5011 1074 7309 107309 7927 318
ntLink_5011 1074 57309 157309 7928 318
ntLink_5012 514 19615 119615 7929 318
ntLink_5013 756 1234 101234 7930 318
ntLink_5017 804 1085 101085 7931 318
ntLink_5028 658 229 100229 7932 318
ntLink_5031 1332 678 100678 7933 318
ntLink_5031 1332 50678 150678 7934 318
ntLink_5031 1332 100678 200678 7935 318
ntLink_5032 1712 391 100391 7936 318
ntLink_5032 1712 50391 150391 7937 318
ntLink_5032 1712 100391 200391 7938 318
ntLink_5033 729 169 100169 7939 318
ntLink_5036 354 279 100279 7940 318
ntLink_5038 531 271 100271 7941 318
ntLink_503 297 441 100441 7942 318
ntLink_5041 750 1392 101392 7943 318
ntLink_5041 750 51392 151392 7944 318
ntLink_5041 750 101392 201392 7945 318
ntLink_5046 819 269 100269 7946 318
ntLink_5048 1475 2065 102065 7947 318
ntLink_5048 1475 52065 152065 7948 318
ntLink_5048 1475 102065 202065 7949 318
ntLink_504 580 227 100227 7950 318
ntLink_504 580 50227 150227 7951 319
ntLink_5051 960 3970 103970 7952 319
ntLink_5051 960 53970 153970 7953 319
ntLink_5056 916 253 100253 7954 319
ntLink_5056 916 50253 150253 7955 319
ntLink_5059 249 189 100189 7956 319
ntLink_5059 249 50189 150189 7957 319
ntLink_5062 1073 230 100230 7958 319
ntLink_5063 520 20768 120768 7959 319
ntLink_5063 520 70768 170768 7960 319
ntLink_5064 1400 1476 101476 7961 319
ntLink_5064 1400 51476 151476 7962 319
ntLink_5064 1400 101476 201476 7963 319
ntLink_5065 811 612 100612 7964 319
ntLink_5068 441 9566 109566 7965 319
ntLink_5068 441 59566 159566 7966 319
ntLink_5069 1431 666 100666 7967 319
ntLink_5069 1431 50666 150666 7968 319
ntLink_5069 1431 100666 200666 7969 319
ntLink_5071 424 1277 101277 7970 319
ntLink_5071 424 51277 151277 7971 319
ntLink_5076 657 381 100381 7972 319
ntLink_5077 629 548 100548 7973 319
ntLink_5077 629 50548 150548 7974 319
ntLink_5077 629 100548 200548 7975 319
ntLink_5078 793 11155 111155 7976 320
ntLink_5078 793 61155 161155 7977 320
ntLink_5079 359 420 100420 7978 320
ntLink_5079 359 50420 150420 7979 320
ntLink_507 665 433 100433 7980 320
ntLink_507 665 50433 150433 7981 320
ntLink_507 665 100433 200433 7982 320
ntLink_507 665 150433 250433 7983 320
ntLink_5080 520 23342 123342 7984 320
ntLink_5080 520 73342 173342 7985 320
ntLink_5084 1340 1220 101220 7986 320
ntLink_5084 1340 51220 151220 7987 320
ntLink_5084 1340 101220 201220 7988 320
ntLink_5088 528 37770 137770 7989 320
ntLink_508 285 359 100359 7990 320
ntLink_5090 1013 503 100503 7991 320
ntLink_5090 1013 50503 150503 7992 320
ntLink_5093 296 178 100178 7993 320
ntLink_5094 1690 6362 106362 7994 320
ntLink_5094 1690 56362 156362 7995 320
ntLink_5094 1690 106362 206362 7996 320
ntLink_5094 1690 156362 256362 7997 320
ntLink_5094 1690 206362 306362 7998 320
ntLink_5094 1690 256362 356362 7999 320
ntLink_5094 1690 306362 406362 8000 320
ntLink_5097 1007 2825 102825 8001 321
ntLink_5097 1007 52825 152825 8002 321
ntLink_5098 978 436 100436 8003 321
ntLink_50 944 1465 101465 8004 321
ntLink_5100 1638 14329 114329 8005 321
ntLink_5100 1638 64329 164329 8006 321
ntLink_5100 1638 114329 214329 8007 321
ntLink_5104 3305 275 100275 8008 321
ntLink_5104 3305 50275 150275 8009 321
ntLink_5104 3305 100275 200275 8010 321
ntLink_5104 3305 150275 250275 8011 321
ntLink_5104 3305 200275 300275 8012 321
ntLink_5104 3305 250275 350275 8013 321
ntLink_5104 3305 300275 400275 8014 321
ntLink_5104 3305 350275 450275 8015 321
ntLink_5104 3305 400275 500275 8016 321
ntLink_5108 1018 363 100363 8017 321
ntLink_5108 1018 50363 150363 8018 321
ntLink_510 1516 350 100350 8019 321
ntLink_510 1516 50350 150350 8020 321
ntLink_5113 130 4740 104740 8021 321
ntLink_5114 3737 9953 109953 8022 321
ntLink_5114 3737 59953 159953 8023 321
ntLink_5114 3737 109953 209953 8024 321
ntLink_5114 3737 159953 259953 8025 321
ntLink_5114 3737 209953 309953 8026 322
ntLink_5114 3737 259953 359953 8027 322
ntLink_5114 3737 309953 409953 8028 322
ntLink_5114 3737 359953 459953 8029 322
ntLink_5120 561 1254 101254 8030 322
ntLink_5120 561 51254 151254 8031 322
ntLink_5120 561 101254 201254 8032 322
ntLink_5123 801 181 100181 8033 322
ntLink_5123 801 50181 150181 8034 322
ntLink_5124 3153 423 100423 8035 322
ntLink_5124 3153 50423 150423 8036 322
ntLink_5124 3153 100423 200423 8037 322
ntLink_5124 3153 150423 250423 8038 322
ntLink_5124 3153 200423 300423 8039 322
ntLink_5124 3153 250423 350423 8040 322
ntLink_5127 1354 285 100285 8041 322
ntLink_5127 1354 50285 150285 8042 322
ntLink_5127 1354 100285 200285 8043 322
ntLink_5127 1354 150285 250285 8044 322
ntLink_5127 1354 200285 300285 8045 322
ntLink_512 1354 11600 111600 8046 322
ntLink_512 1354 61600 161600 8047 322
ntLink_5130 1055 230 100230 8048 322
ntLink_5134 1478 2700 102700 8049 322
ntLink_5134 1478 52700 152700 8050 322
ntLink_5134 1478 102700 202700 8051 323
ntLink_5134 1478 152700 252700 8052 323
ntLink_5138 435 2700 102700 8053 323
ntLink_5139 559 547 100547 8054 323
ntLink_5139 559 50547 150547 8055 323
ntLink_513 1792 1486 101486 8056 323
ntLink_513 1792 51486 151486 8057 323
ntLink_513 1792 101486 201486 8058 323
ntLink_513 1792 151486 251486 8059 323
ntLink_5140 1108 44091 144091 8060 323
ntLink_5140 1108 94091 194091 8061 323
ntLink_5141 580 176 100176 8062 323
ntLink_5142 666 15180 115180 8063 323
ntLink_5142 666 65180 165180 8064 323
ntLink_5146 1223 144 100144 8065 323
ntLink_5146 1223 50144 150144 8066 323
ntLink_5147 762 337 100337 8067 323
ntLink_5148 929 3044 103044 8068 323
ntLink_5148 929 53044 153044 8069 323
ntLink_514 1080 706 100706 8070 323
ntLink_5153 852 361 100361 8071 323
ntLink_5153 852 50361 150361 8072 323
ntLink_5154 1607 996 100996 8073 323
ntLink_5154 1607 50996 150996 8074 323
ntLink_5154 1607 100996 200996 8075 323
ntLink_5157 1090 1704 101704 8076 324
ntLink_5159 1887 1967 101967 8077 324
ntLink_5159 1887 51967 151967 8078 324
ntLink_5159 1887 101967 201967 8079 324
ntLink_5159 1887 151967 251967 8080 324
ntLink_5159 1887 201967 301967 8081 324
ntLink_515 753 4697 104697 8082 324
ntLink_5160 882 2799 102799 8083 324
ntLink_5160 882 52799 152799 8084 324
ntLink_5160 882 102799 202799 8085 324
ntLink_5163 1837 132 100132 8086 324
ntLink_5163 1837 50132 150132 8087 324
ntLink_5163 1837 100132 200132 8088 324
ntLink_5163 1837 150132 250132 8089 324
ntLink_5166 2671 299 100299 8090 324
ntLink_5166 2671 50299 150299 8091 324
ntLink_5166 2671 100299 200299 8092 324
ntLink_5166 2671 150299 250299 8093 324
ntLink_5166 2671 200299 300299 8094 324
ntLink_5166 2671 250299 350299 8095 324
ntLink_5166 2671 300299 400299 8096 324
ntLink_5166 2671 350299 450299 8097 324
ntLink_5168 401 887 100887 8098 324
ntLink_5169 1113 68 100068 8099 324
ntLink_5169 1113 50068 150068 8100 324
ntLink_5170 387 2264 102264 8101 325
ntLink_5171 220 889 100889 8102 325
ntLink_5173 983 3481 103481 8103 325
ntLink_5173 983 53481 153481 8104 325
ntLink_5174 1109 758 100758 8105 325
ntLink_5174 1109 50758 150758 8106 325
ntLink_5174 1109 100758 200758 8107 325
ntLink_5175 740 2806 102806 8108 325
ntLink_5176 1113 349 100349 8109 325
ntLink_5176 1113 50349 150349 8110 325
ntLink_5176 1113 100349 200349 8111 325
ntLink_5178 775 475 100475 8112 325
ntLink_5179 912 863 100863 8113 325
ntLink_517 1315 394 100394 8114 325
ntLink_517 1315 50394 150394 8115 325
ntLink_517 1315 100394 200394 8116 325
ntLink_517 1315 150394 250394 8117 325
ntLink_517 1315 200394 300394 8118 325
ntLink_5181 1045 716 100716 8119 325
ntLink_5183 1310 495 100495 8120 325
ntLink_5183 1310 50495 150495 8121 325
ntLink_5183 1310 100495 200495 8122 325
ntLink_5186 2504 954 100954 8123 325
ntLink_5186 2504 50954 150954 8124 325
ntLink_5186 2504 100954 200954 8125 325
ntLink_5186 2504 150954 250954 8126 326
ntLink_5186 2504 200954 300954 8127 326
ntLink_5186 2504 250954 350954 8128 326
ntLink_5189 581 3589 103589 8129 326
ntLink_5189 581 53589 153589 8130 326
ntLink_518 484 14581 114581 8131 326
ntLink_5190 1746 341 100341 8132 326
ntLink_5190 1746 50341 150341 8133 326
ntLink_5190 1746 100341 200341 8134 326
ntLink_5190 1746 150341 250341 8135 326
ntLink_5190 1746 200341 300341 8136 326
ntLink_5191 936 2084 102084 8137 326
ntLink_5192 684 471 100471 8138 326
ntLink_5193 1508 10100 110100 8139 326
ntLink_5193 1508 60100 160100 8140 326
ntLink_5193 1508 110100 210100 8141 326
ntLink_5194 1617 865 100865 8142 326
ntLink_5194 1617 50865 150865 8143 326
ntLink_5194 1617 100865 200865 8144 326
ntLink_5197 376 3578 103578 8145 326
ntLink_519 628 251 100251 8146 326
ntLink_5203 448 2836 102836 8147 326
ntLink_5207 2134 425 100425 8148 326
ntLink_5207 2134 50425 150425 8149 326
ntLink_5207 2134 100425 200425 8150 326
ntLink_5207 2134 150425 250425 8151 327
ntLink_5207 2134 200425 300425 8152 327
ntLink_5208 1530 801 100801 8153 327
ntLink_5208 1530 50801 150801 8154 327
ntLink_5208 1530 100801 200801 8155 327
ntLink_5210 996 513 100513 8156 327
ntLink_5210 996 50513 150513 8157 327
ntLink_5210 996 100513 200513 8158 327
ntLink_5210 996 150513 250513 8159 327
ntLink_5213 1248 446 100446 8160 327
ntLink_5216 576 1254 101254 8161 327
ntLink_5217 1206 1802 101802 8162 327
ntLink_5217 1206 51802 151802 8163 327
ntLink_5218 1216 291 100291 8164 327
ntLink_5218 1216 50291 150291 8165 327
ntLink_5219 343 4044 104044 8166 327
ntLink_5219 343 54044 154044 8167 327
ntLink_5221 644 3431 103431 8168 327
ntLink_5228 2609 4219 104219 8169 327
ntLink_5228 2609 54219 154219 8170 327
ntLink_5228 2609 104219 204219 8171 327
ntLink_5228 2609 154219 254219 8172 327
ntLink_5228 2609 204219 304219 8173 327
ntLink_5228 2609 254219 354219 8174 327
ntLink_5229 1233 14128 114128 8175 327
ntLink_5229 1233 64128 164128 8176 328
ntLink_5229 1233 114128 214128 8177 328
ntLink_5229 1233 164128 264128 8178 328
ntLink_5229 1233 214128 314128 8179 328
ntLink_522 597 1122 101122 8180 328
ntLink_5230 990 538 100538 8181 328
ntLink_5230 990 50538 150538 8182 328
ntLink_5230 990 100538 200538 8183 328
ntLink_5231 544 1752 101752 8184 328
ntLink_5232 362 3708 103708 8185 328
ntLink_5234 1429 1149 101149 8186 328
ntLink_5234 1429 51149 151149 8187 328
ntLink_5234 1429 101149 201149 8188 328
ntLink_5234 1429 151149 251149 8189 328
ntLink_5235 1898 4141 104141 8190 328
ntLink_5235 1898 54141 154141 8191 328
ntLink_5235 1898 104141 204141 8192 328
ntLink_5241 770 831 100831 8193 328
ntLink_5241 770 50831 150831 8194 328
ntLink_5243 630 516 100516 8195 328
ntLink_5244 1611 4934 104934 8196 328
ntLink_5244 1611 54934 154934 8197 328
ntLink_5244 1611 104934 204934 8198 328
ntLink_5244 1611 154934 254934 8199 328
ntLink_5246 2367 4545 104545 8200 328
ntLink_5246 2367 54545 154545 8201 329
ntLink_5246 2367 104545 204545 8202 329
ntLink_5246 2367 154545 254545 8203 329
ntLink_5246 2367 204545 304545 8204 329
ntLink_5246 2367 254545 354545 8205 329
ntLink_5246 2367 304545 404545 8206 329
ntLink_5247 1541 9271 109271 8207 329
ntLink_5247 1541 59271 159271 8208 329
ntLink_5247 1541 109271 209271 8209 329
ntLink_5248 1277 135 100135 8210 329
ntLink_5248 1277 50135 150135 8211 329
ntLink_5249 3769 700 100700 8212 329
ntLink_5249 3769 50700 150700 8213 329
ntLink_5249 3769 100700 200700 8214 329
ntLink_5249 3769 150700 250700 8215 329
ntLink_5249 3769 200700 300700 8216 329
ntLink_5249 3769 250700 350700 8217 329
ntLink_5249 3769 300700 400700 8218 329
ntLink_5249 3769 350700 450700 8219 329
ntLink_5249 3769 400700 500700 8220 329
ntLink_524 1404 13786 113786 8221 329
ntLink_524 1404 63786 163786 8222 329
ntLink_5254 481 2723 102723 8223 329
ntLink_5255 1397 8546 108546 8224 329
ntLink_5255 1397 58546 158546 8225 329
ntLink_5255 1397 108546 208546 8226 330
ntLink_5255 1397 158546 258546 8227 330
ntLink_5256 927 4270 104270 8228 330
ntLink_5256 927 54270 154270 8229 330
ntLink_5259 2395 394 100394 8230 330
ntLink_5259 2395 50394 150394 8231 330
ntLink_5259 2395 100394 200394 8232 330
ntLink_5259 2395 150394 250394 8233 330
ntLink_5259 2395 200394 300394 8234 330
ntLink_5261 1830 290 100290 8235 330
ntLink_5261 1830 50290 150290 8236 330
ntLink_5261 1830 100290 200290 8237 330
ntLink_5261 1830 150290 250290 8238 330
ntLink_5263 1193 56 100056 8239 330
ntLink_5263 1193 50056 150056 8240 330
ntLink_5264 691 300 100300 8241 330
ntLink_5271 844 449 100449 8242 330
ntLink_5272 1144 183 100183 8243 330
ntLink_5273 311 116 100116 8244 330
ntLink_5274 534 257 100257 8245 330
ntLink_5274 534 50257 150257 8246 330
ntLink_5275 1388 1292 101292 8247 330
ntLink_5275 1388 51292 151292 8248 330
ntLink_5275 1388 101292 201292 8249 330
ntLink_5275 1388 151292 251292 8250 330
ntLink_5275 1388 201292 301292 8251 331
ntLink_5281 1129 7789 107789 8252 331
ntLink_5281 1129 57789 157789 8253 331
ntLink_5281 1129 107789 207789 8254 331
ntLink_5283 1721 536 100536 8255 331
ntLink_5283 1721 50536 150536 8256 331
ntLink_5283 1721 100536 200536 8257 331
ntLink_5283 1721 150536 250536 8258 331
ntLink_5283 1721 200536 300536 8259 331
ntLink_5285 956 692 100692 8260 331
ntLink_5285 956 50692 150692 8261 331
ntLink_5285 956 100692 200692 8262 331
ntLink_5285 956 150692 250692 8263 331
ntLink_5285 956 200692 300692 8264 331
ntLink_5286 844 1961 101961 8265 331
ntLink_5286 844 51961 151961 8266 331
ntLink_5287 826 211 100211 8267 331
ntLink_528 2598 9785 109785 8268 331
ntLink_528 2598 59785 159785 8269 331
ntLink_528 2598 109785 209785 8270 331
ntLink_528 2598 159785 259785 8271 331
ntLink_528 2598 209785 309785 8272 331
ntLink_528 2598 259785 359785 8273 331
ntLink_528 2598 309785 409785 8274 331
ntLink_5290 725 197 100197 8275 331
ntLink_5293 2723 139 100139 8276 332
ntLink_5293 2723 50139 150139 8277 332
ntLink_5293 2723 100139 200139 8278 332
ntLink_5293 2723 150139 250139 8279 332
ntLink_5293 2723 200139 300139 8280 332
ntLink_5293 2723 250139 350139 8281 332
ntLink_5296 2038 300 100300 8282 332
ntLink_5296 2038 50300 150300 8283 332
ntLink_5296 2038 100300 200300 8284 332
ntLink_5297 1028 311 100311 8285 332
ntLink_5297 1028 50311 150311 8286 332
ntLink_5297 1028 100311 200311 8287 332
ntLink_5297 1028 150311 250311 8288 332
ntLink_52 2706 1326 101326 8289 332
ntLink_52 2706 51326 151326 8290 332
ntLink_52 2706 101326 201326 8291 332
ntLink_52 2706 151326 251326 8292 332
ntLink_52 2706 201326 301326 8293 332
ntLink_52 2706 251326 351326 8294 332
ntLink_52 2706 301326 401326 8295 332
ntLink_5300 1485 294 100294 8296 332
ntLink_5300 1485 50294 150294 8297 332
ntLink_5301 368 1257 101257 8298 332
ntLink_5302 1079 11455 111455 8299 332
ntLink_5303 708 689 100689 8300 332
ntLink_5305 342 1882 101882 8301 333
ntLink_5306 2007 732 100732 8302 333
ntLink_5306 2007 50732 150732 8303 333
ntLink_5306 2007 100732 200732 8304 333
Backbone_13173 854 14399 114399 8305 333
Backbone_1317 839 7678 107678 8306 333
Backbone_13187 745 182 100182 8307 333
Backbone_13187 745 50182 150182 8308 333
ntLink_5307 1278 787 100787 8309 333
ntLink_5307 1278 50787 150787 8310 333
ntLink_5307 1278 100787 200787 8311 333
ntLink_5307 1278 150787 250787 8312 333
ntLink_5308 697 217 100217 8313 333
ntLink_530 2064 4935 104935 8314 333
ntLink_530 2064 54935 154935 8315 333
ntLink_530 2064 104935 204935 8316 333
ntLink_530 2064 154935 254935 8317 333
ntLink_530 2064 204935 304935 8318 333
ntLink_5310 890 271 100271 8319 333
ntLink_5310 890 50271 150271 8320 333
ntLink_5311 405 16181 116181 8321 333
ntLink_531 843 311 100311 8322 333
ntLink_531 843 50311 150311 8323 333
ntLink_5326 1877 2357 102357 8324 333
ntLink_5326 1877 52357 152357 8325 333
ntLink_5326 1877 102357 202357 8326 334
ntLink_5326 1877 152357 252357 8327 334
ntLink_5326 1877 202357 302357 8328 334
ntLink_5328 478 437 100437 8329 334
ntLink_532 1177 4419 104419 8330 334
ntLink_532 1177 54419 154419 8331 334
ntLink_5330 702 529 100529 8332 334
ntLink_5332 876 1387 101387 8333 334
ntLink_5335 1141 124 100124 8334 334
ntLink_5335 1141 50124 150124 8335 334
ntLink_5337 1809 326 100326 8336 334
ntLink_5337 1809 50326 150326 8337 334
ntLink_5337 1809 100326 200326 8338 334
ntLink_5337 1809 150326 250326 8339 334
ntLink_5337 1809 200326 300326 8340 334
ntLink_5338 882 280 100280 8341 334
ntLink_5339 1052 6074 106074 8342 334
ntLink_5339 1052 56074 156074 8343 334
ntLink_5340 2508 513 100513 8344 334
ntLink_5340 2508 50513 150513 8345 334
ntLink_5340 2508 100513 200513 8346 334
ntLink_5340 2508 150513 250513 8347 334
ntLink_5340 2508 200513 300513 8348 334
ntLink_5340 2508 250513 350513 8349 334
ntLink_5340 2508 300513 400513 8350 334
ntLink_5343 293 4640 104640 8351 335
ntLink_5346 647 3943 103943 8352 335
ntLink_5347 762 102 100102 8353 335
ntLink_534 2768 10039 110039 8354 335
ntLink_534 2768 60039 160039 8355 335
ntLink_534 2768 110039 210039 8356 335
ntLink_534 2768 160039 260039 8357 335
ntLink_534 2768 210039 310039 8358 335
ntLink_534 2768 260039 360039 8359 335
ntLink_5351 2298 9964 109964 8360 335
ntLink_5351 2298 59964 159964 8361 335
ntLink_5351 2298 109964 209964 8362 335
ntLink_5351 2298 159964 259964 8363 335
ntLink_5351 2298 209964 309964 8364 335
ntLink_5356 779 6430 106430 8365 335
ntLink_5356 779 56430 156430 8366 335
ntLink_5357 650 7289 107289 8367 335
ntLink_5358 1729 6434 106434 8368 335
ntLink_5358 1729 56434 156434 8369 335
ntLink_5358 1729 106434 206434 8370 335
ntLink_5359 1379 768 100768 8371 335
ntLink_5359 1379 50768 150768 8372 335
ntLink_5359 1379 100768 200768 8373 335
ntLink_5359 1379 150768 250768 8374 335
ntLink_5359 1379 200768 300768 8375 335
ntLink_535 862 1789 101789 8376 336
ntLink_5361 1696 166 100166 8377 336
ntLink_5361 1696 50166 150166 8378 336
ntLink_5362 1450 224 100224 8379 336
ntLink_5362 1450 50224 150224 8380 336
ntLink_5363 457 325 100325 8381 336
ntLink_5365 2103 182 100182 8382 336
ntLink_5365 2103 50182 150182 8383 336
ntLink_5365 2103 100182 200182 8384 336
ntLink_5365 2103 150182 250182 8385 336
ntLink_5365 2103 200182 300182 8386 336
ntLink_5365 2103 250182 350182 8387 336
ntLink_5365 2103 300182 400182 8388 336
ntLink_5368 1680 7818 107818 8389 336
ntLink_5368 1680 57818 157818 8390 336
ntLink_5368 1680 107818 207818 8391 336
ntLink_536 1102 384 100384 8392 336
ntLink_536 1102 50384 150384 8393 336
ntLink_5372 731 1329 101329 8394 336
ntLink_5374 1101 28233 128233 8395 336
ntLink_5374 1101 78233 178233 8396 336
ntLink_5377 1125 188 100188 8397 336
ntLink_5377 1125 50188 150188 8398 336
ntLink_5377 1125 100188 200188 8399 336
ntLink_5379 1317 1598 101598 8400 336
ntLink_5379 1317 51598 151598 8401 337
ntLink_5381 1595 486 100486 8402 337
ntLink_5381 1595 50486 150486 8403 337
ntLink_5387 1367 941 100941 8404 337
ntLink_5387 1367 50941 150941 8405 337
ntLink_5387 1367 100941 200941 8406 337
ntLink_5389 660 97 100097 8407 337
ntLink_5390 720 286 100286 8408 337
ntLink_5392 537 133 100133 8409 337
ntLink_5392 537 50133 150133 8410 337
ntLink_5394 1462 2136 102136 8411 337
ntLink_5394 1462 52136 152136 8412 337
ntLink_5394 1462 102136 202136 8413 337
ntLink_5395 480 2728 102728 8414 337
ntLink_5396 2101 7934 107934 8415 337
ntLink_5396 2101 57934 157934 8416 337
ntLink_5396 2101 107934 207934 8417 337
ntLink_5396 2101 157934 257934 8418 337
ntLink_5397 517 309 100309 8419 337
ntLink_5399 768 331 100331 8420 337
ntLink_5399 768 50331 150331 8421 337
ntLink_53 1032 1313 101313 8422 337
ntLink_53 1032 51313 151313 8423 337
ntLink_53 1032 101313 201313 8424 337
ntLink_5400 1165 589 100589 8425 337
ntLink_5400 1165 50589 150589 8426 338
ntLink_5400 1165 100589 200589 8427 338
ntLink_5400 1165 150589 250589 8428 338
ntLink_5400 1165 200589 300589 8429 338
ntLink_5400 1165 250589 350589 8430 338
ntLink_5400 1165 300589 400589 8431 338
ntLink_5401 930 18931 118931 8432 338
ntLink_5402 1002 12728 112728 8433 338
ntLink_5402 1002 62728 162728 8434 338
ntLink_5403 535 492 100492 8435 338
ntLink_5404 735 16135 116135 8436 338
ntLink_5404 735 66135 166135 8437 338
ntLink_5404 735 116135 216135 8438 338
ntLink_5405 1305 130 100130 8439 338
ntLink_5405 1305 50130 150130 8440 338
ntLink_5405 1305 100130 200130 8441 338
ntLink_5405 1305 150130 250130 8442 338
ntLink_5405 1305 200130 300130 8443 338
ntLink_5406 1014 1890 101890 8444 338
ntLink_5406 1014 51890 151890 8445 338
ntLink_5409 2200 604 100604 8446 338
ntLink_5409 2200 50604 150604 8447 338
ntLink_5409 2200 100604 200604 8448 338
ntLink_5409 2200 150604 250604 8449 338
ntLink_5409 2200 200604 300604 8450 338
ntLink_5409 2200 250604 350604 8451 339
ntLink_540 973 322 100322 8452 339
ntLink_540 973 50322 150322 8453 339
ntLink_540 973 100322 200322 8454 339
ntLink_5411 1042 7742 107742 8455 339
ntLink_5413 988 243 100243 8456 339
ntLink_5413 988 50243 150243 8457 339
ntLink_5413 988 100243 200243 8458 339
ntLink_5414 475 142 100142 8459 339
ntLink_5415 1010 1032 101032 8460 339
ntLink_5415 1010 51032 151032 8461 339
ntLink_5416 983 363 100363 8462 339
ntLink_5416 983 50363 150363 8463 339
ntLink_5417 245 385 100385 8464 339
ntLink_5417 245 50385 150385 8465 339
ntLink_5418 1372 1993 101993 8466 339
ntLink_5418 1372 51993 151993 8467 339
ntLink_5418 1372 101993 201993 8468 339
ntLink_541 941 2630 102630 8469 339
ntLink_5420 2449 318 100318 8470 339
ntLink_5420 2449 50318 150318 8471 339
ntLink_5420 2449 100318 200318 8472 339
ntLink_5420 2449 150318 250318 8473 339
ntLink_5420 2449 200318 300318 8474 339
ntLink_5420 2449 250318 350318 8475 339
ntLink_5422 1404 89 100089 8476 340
ntLink_5422 1404 50089 150089 8477 340
ntLink_5422 1404 100089 200089 8478 340
ntLink_5423 787 159 100159 8479 340
ntLink_5423 787 50159 150159 8480 340
ntLink_5426 1242 1114 101114 8481 340
ntLink_5426 1242 51114 151114 8482 340
ntLink_5426 1242 101114 201114 8483 340
ntLink_5428 973 633 100633 8484 340
ntLink_5428 973 50633 150633 8485 340
ntLink_5429 3762 1439 101439 8486 340
ntLink_5429 3762 51439 151439 8487 340
ntLink_5429 3762 101439 201439 8488 340
ntLink_5429 3762 151439 251439 8489 340
ntLink_5429 3762 201439 301439 8490 340
ntLink_5429 3762 251439 351439 8491 340
ntLink_5429 3762 301439 401439 8492 340
ntLink_5429 3762 351439 451439 8493 340
ntLink_5429 3762 401439 501439 8494 340
ntLink_5429 3762 451439 551439 8495 340
ntLink_5429 3762 501439 601439 8496 340
ntLink_5429 3762 551439 651439 8497 340
ntLink_5429 3762 601439 701439 8498 340
ntLink_5430 456 725 100725 8499 340
ntLink_5431 1531 2007 102007 8500 340
ntLink_5431 1531 52007 152007 8501 341
ntLink_5431 1531 102007 202007 8502 341
ntLink_5431 1531 152007 252007 8503 341
ntLink_5432 501 111 100111 8504 341
ntLink_5434 575 5829 105829 8505 341
ntLink_5434 575 55829 155829 8506 341
ntLink_5436 1666 296 100296 8507 341
ntLink_5436 1666 50296 150296 8508 341
ntLink_5436 1666 100296 200296 8509 341
ntLink_5439 1060 18481 118481 8510 341
ntLink_5439 1060 68481 168481 8511 341
ntLink_5440 992 429 100429 8512 341
ntLink_5441 722 240 100240 8513 341
ntLink_5443 2177 1020 101020 8514 341
ntLink_5443 2177 51020 151020 8515 341
ntLink_5443 2177 101020 201020 8516 341
ntLink_5443 2177 151020 251020 8517 341
ntLink_5443 2177 201020 301020 8518 341
ntLink_5444 856 5758 105758 8519 341
ntLink_5446 414 2021 102021 8520 341
ntLink_544 781 744 100744 8521 341
ntLink_5450 1296 269 100269 8522 341
ntLink_5450 1296 50269 150269 8523 341
ntLink_5450 1296 100269 200269 8524 341
ntLink_5450 1296 150269 250269 8525 341
ntLink_5450 1296 200269 300269 8526 342
ntLink_5450 1296 250269 350269 8527 342
ntLink_5450 1296 300269 400269 8528 342
ntLink_5451 732 1520 101520 8529 342
ntLink_5451 732 51520 151520 8530 342
ntLink_5451 732 101520 201520 8531 342
ntLink_5451 732 151520 251520 8532 342
ntLink_5452 2772 9068 109068 8533 342
ntLink_5452 2772 59068 159068 8534 342
ntLink_5452 2772 109068 209068 8535 342
ntLink_5452 2772 159068 259068 8536 342
ntLink_5452 2772 209068 309068 8537 342
ntLink_5452 2772 259068 359068 8538 342
ntLink_5452 2772 309068 409068 8539 342
ntLink_5452 2772 359068 459068 8540 342
ntLink_5453 1835 628 100628 8541 342
ntLink_5453 1835 50628 150628 8542 342
ntLink_5453 1835 100628 200628 8543 342
ntLink_5453 1835 150628 250628 8544 342
ntLink_5453 1835 200628 300628 8545 342
ntLink_5453 1835 250628 350628 8546 342
ntLink_5453 1835 300628 400628 8547 342
ntLink_5453 1835 350628 450628 8548 342
ntLink_5453 1835 400628 500628 8549 342
ntLink_5453 1835 450628 550628 8550 342
ntLink_5454 1839 2169 102169 8551 343
ntLink_5454 1839 52169 152169 8552 343
ntLink_5454 1839 102169 202169 8553 343
ntLink_5454 1839 152169 252169 8554 343
ntLink_5454 1839 202169 302169 8555 343
ntLink_5455 546 630 100630 8556 343
ntLink_5455 546 50630 150630 8557 343
ntLink_5456 2466 103 100103 8558 343
ntLink_5456 2466 50103 150103 8559 343
ntLink_5456 2466 100103 200103 8560 343
ntLink_5456 2466 150103 250103 8561 343
ntLink_5456 2466 200103 300103 8562 343
ntLink_5456 2466 250103 350103 8563 343
ntLink_5456 2466 300103 400103 8564 343
ntLink_5457 1864 505 100505 8565 343
ntLink_5457 1864 50505 150505 8566 343
ntLink_5457 1864 100505 200505 8567 343
ntLink_5457 1864 150505 250505 8568 343
ntLink_5457 1864 200505 300505 8569 343
ntLink_5457 1864 250505 350505 8570 343
ntLink_5457 1864 300505 400505 8571 343
ntLink_5458 2222 2156 102156 8572 343
ntLink_5458 2222 52156 152156 8573 343
ntLink_5458 2222 102156 202156 8574 343
ntLink_5458 2222 152156 252156 8575 343
ntLink_5458 2222 202156 302156 8576 344
ntLink_5458 2222 252156 352156 8577 344
ntLink_5459 2974 283 100283 8578 344
ntLink_5459 2974 50283 150283 8579 344
ntLink_5459 2974 100283 200283 8580 344
ntLink_5459 2974 150283 250283 8581 344
ntLink_5459 2974 200283 300283 8582 344
ntLink_5459 2974 250283 350283 8583 344
ntLink_5459 2974 300283 400283 8584 344
ntLink_5459 2974 350283 450283 8585 344
ntLink_5459 2974 400283 500283 8586 344
ntLink_5460 1086 2435 102435 8587 344
ntLink_5460 1086 52435 152435 8588 344
ntLink_5460 1086 102435 202435 8589 344
ntLink_5461 2150 1054 101054 8590 344
ntLink_5461 2150 51054 151054 8591 344
ntLink_5461 2150 101054 201054 8592 344
ntLink_5461 2150 151054 251054 8593 344
ntLink_5461 2150 201054 301054 8594 344
ntLink_5461 2150 251054 351054 8595 344
ntLink_5461 2150 301054 401054 8596 344
ntLink_5462 2310 1672 101672 8597 344
ntLink_5462 2310 51672 151672 8598 344
ntLink_5462 2310 101672 201672 8599 344
ntLink_5462 2310 151672 251672 8600 344
ntLink_5462 2310 201672 301672 8601 345
ntLink_5462 2310 251672 351672 8602 345
ntLink_5462 2310 301672 401672 8603 345
ntLink_5462 2310 351672 451672 8604 345
ntLink_5462 2310 401672 501672 8605 345
ntLink_5463 2260 1130 101130 8606 345
ntLink_5463 2260 51130 151130 8607 345
ntLink_5463 2260 101130 201130 8608 345
ntLink_5463 2260 151130 251130 8609 345
ntLink_5463 2260 201130 301130 8610 345
ntLink_5463 2260 251130 351130 8611 345
ntLink_5464 801 907 100907 8612 345
ntLink_5464 801 50907 150907 8613 345
ntLink_5465 356 43346 143346 8614 345
ntLink_5466 1366 2350 102350 8615 345
ntLink_5466 1366 52350 152350 8616 345
ntLink_5466 1366 102350 202350 8617 345
ntLink_5467 2355 1343 101343 8618 345
ntLink_5467 2355 51343 151343 8619 345
ntLink_5467 2355 101343 201343 8620 345
ntLink_5467 2355 151343 251343 8621 345
ntLink_5467 2355 201343 301343 8622 345
ntLink_5467 2355 251343 351343 8623 345
ntLink_5467 2355 301343 401343 8624 345
ntLink_5467 2355 351343 451343 8625 345
ntLink_5468 2439 453 100453 8626 346
ntLink_5468 2439 50453 150453 8627 346
ntLink_5468 2439 100453 200453 8628 346
ntLink_5468 2439 150453 250453 8629 346
ntLink_5468 2439 200453 300453 8630 346
ntLink_5468 2439 250453 350453 8631 346
ntLink_5469 5017 379 100379 8632 346
ntLink_5469 5017 50379 150379 8633 346
ntLink_5469 5017 100379 200379 8634 346
ntLink_5469 5017 150379 250379 8635 346
ntLink_5469 5017 200379 300379 8636 346
ntLink_5469 5017 250379 350379 8637 346
ntLink_5469 5017 300379 400379 8638 346
ntLink_5469 5017 350379 450379 8639 346
ntLink_5469 5017 400379 500379 8640 346
ntLink_5469 5017 450379 550379 8641 346
ntLink_5469 5017 500379 600379 8642 346
ntLink_5469 5017 550379 650379 8643 346
ntLink_5470 2118 223 100223 8644 346
ntLink_5470 2118 50223 150223 8645 346
ntLink_5470 2118 100223 200223 8646 346
ntLink_5470 2118 150223 250223 8647 346
ntLink_5470 2118 200223 300223 8648 346
ntLink_5470 2118 250223 350223 8649 346
ntLink_5470 2118 300223 400223 8650 346
ntLink_5471 1709 186 100186 8651 347
ntLink_5471 1709 50186 150186 8652 347
ntLink_5471 1709 100186 200186 8653 347
ntLink_5472 6556 5681 105681 8654 347
ntLink_5472 6556 55681 155681 8655 347
ntLink_5472 6556 105681 205681 8656 347
ntLink_5472 6556 155681 255681 8657 347
ntLink_5472 6556 205681 305681 8658 347
ntLink_5472 6556 255681 355681 8659 347
ntLink_5472 6556 305681 405681 8660 347
ntLink_5472 6556 355681 455681 8661 347
ntLink_5472 6556 405681 505681 8662 347
ntLink_5472 6556 455681 555681 8663 347
ntLink_5472 6556 505681 605681 8664 347
ntLink_5472 6556 555681 655681 8665 347
ntLink_5472 6556 605681 705681 8666 347
ntLink_5472 6556 655681 755681 8667 347
ntLink_5472 6556 705681 805681 8668 347
ntLink_5472 6556 755681 855681 8669 347
ntLink_5472 6556 805681 905681 8670 347
ntLink_5472 6556 855681 955681 8671 347
ntLink_5472 6556 905681 1005681 8672 347
ntLink_5472 6556 955681 1055681 8673 347
ntLink_5472 6556 1005681 1105681 8674 347
ntLink_5473 1581 8189 108189 8675 347
ntLink_5473 1581 58189 158189 8676 348
ntLink_5473 1581 108189 208189 8677 348
ntLink_5473 1581 158189 258189 8678 348
ntLink_5473 1581 208189 308189 8679 348
ntLink_5473 1581 258189 358189 8680 348
ntLink_5474 1671 13423 113423 8681 348
ntLink_5474 1671 63423 163423 8682 348
ntLink_5474 1671 113423 213423 8683 348
ntLink_5474 1671 163423 263423 8684 348
ntLink_5476 1611 39887 139887 8685 348
ntLink_5476 1611 89887 189887 8686 348
ntLink_5476 1611 139887 239887 8687 348
ntLink_5476 1611 189887 289887 8688 348
ntLink_5476 1611 239887 339887 8689 348
ntLink_5476 1611 289887 389887 8690 348
ntLink_5477 442 11116 111116 8691 348
ntLink_5479 984 326 100326 8692 348
ntLink_5479 984 50326 150326 8693 348
ntLink_5479 984 100326 200326 8694 348
ntLink_547 3055 376 100376 8695 348
ntLink_547 3055 50376 150376 8696 348
ntLink_547 3055 100376 200376 8697 348
ntLink_547 3055 150376 250376 8698 348
ntLink_547 3055 200376 300376 8699 348
ntLink_547 3055 250376 350376 8700 348
ntLink_547 3055 300376 400376 8701 349
ntLink_5480 2153 358 100358 8702 349
ntLink_5480 2153 50358 150358 8703 349
ntLink_5480 2153 100358 200358 8704 349
ntLink_5480 2153 150358 250358 8705 349
ntLink_5480 2153 200358 300358 8706 349
ntLink_5480 2153 250358 350358 8707 349
ntLink_5480 2153 300358 400358 8708 349
ntLink_5480 2153 350358 450358 8709 349
ntLink_5481 3705 1640 101640 8710 349
ntLink_5481 3705 51640 151640 8711 349
ntLink_5481 3705 101640 201640 8712 349
ntLink_5481 3705 151640 251640 8713 349
ntLink_5481 3705 201640 301640 8714 349
ntLink_5481 3705 251640 351640 8715 349
ntLink_5481 3705 301640 401640 8716 349
ntLink_5481 3705 351640 451640 8717 349
ntLink_5481 3705 401640 501640 8718 349
ntLink_5481 3705 451640 551640 8719 349
ntLink_5482 249 27835 127835 8720 349
ntLink_5483 951 225 100225 8721 349
ntLink_5483 951 50225 150225 8722 349
ntLink_5483 951 100225 200225 8723 349
ntLink_5484 554 12275 112275 8724 349
ntLink_5484 554 62275 162275 8725 349
ntLink_5485 579 1743 101743 8726 350
ntLink_5485 579 51743 151743 8727 350
ntLink_5485 579 101743 201743 8728 350
ntLink_5485 579 151743 251743 8729 350
ntLink_5485 579 201743 301743 8730 350
ntLink_5485 579 251743 351743 8731 350
ntLink_5486 1192 406 100406 8732 350
ntLink_5486 1192 50406 150406 8733 350
ntLink_5486 1192 100406 200406 8734 350
ntLink_5486 1192 150406 250406 8735 350
ntLink_5487 2428 2123 102123 8736 350
ntLink_5487 2428 52123 152123 8737 350
ntLink_5487 2428 102123 202123 8738 350
ntLink_5487 2428 152123 252123 8739 350
ntLink_5487 2428 202123 302123 8740 350
ntLink_5487 2428 252123 352123 8741 350
ntLink_5488 3693 9237 109237 8742 350
ntLink_5488 3693 59237 159237 8743 350
ntLink_5488 3693 109237 209237 8744 350
ntLink_5488 3693 159237 259237 8745 350
ntLink_5488 3693 209237 309237 8746 350
ntLink_5488 3693 259237 359237 8747 350
ntLink_5488 3693 309237 409237 8748 350
ntLink_5488 3693 359237 459237 8749 350
ntLink_5488 3693 409237 509237 8750 350
ntLink_5488 3693 459237 559237 8751 351
ntLink_5488 3693 509237 609237 8752 351
ntLink_5488 3693 559237 659237 8753 351
ntLink_5488 3693 609237 709237 8754 351
ntLink_5488 3693 659237 759237 8755 351
ntLink_5489 1545 13773 113773 8756 351
ntLink_5489 1545 63773 163773 8757 351
ntLink_5489 1545 113773 213773 8758 351
ntLink_5489 1545 163773 263773 8759 351
ntLink_5490 2110 501 100501 8760 351
ntLink_5490 2110 50501 150501 8761 351
ntLink_5490 2110 100501 200501 8762 351
ntLink_5490 2110 150501 250501 8763 351
ntLink_5492 879 2519 102519 8764 351
ntLink_5492 879 52519 152519 8765 351
ntLink_5493 1934 4077 104077 8766 351
ntLink_5493 1934 54077 154077 8767 351
ntLink_5493 1934 104077 204077 8768 351
ntLink_5493 1934 154077 254077 8769 351
ntLink_5494 824 356 100356 8770 351
ntLink_5494 824 50356 150356 8771 351
ntLink_5494 824 100356 200356 8772 351
ntLink_5494 824 150356 250356 8773 351
ntLink_5494 824 200356 300356 8774 351
ntLink_5496 1509 1620 101620 8775 351
ntLink_5496 1509 51620 151620 8776 352
ntLink_5496 1509 101620 201620 8777 352
ntLink_5496 1509 151620 251620 8778 352
ntLink_5496 1509 201620 301620 8779 352
ntLink_5496 1509 251620 351620 8780 352
ntLink_5497 836 900 100900 8781 352
ntLink_5497 836 50900 150900 8782 352
ntLink_5497 836 100900 200900 8783 352
ntLink_5498 2856 510 100510 8784 352
ntLink_5498 2856 50510 150510 8785 352
ntLink_5498 2856 100510 200510 8786 352
ntLink_5498 2856 150510 250510 8787 352
ntLink_5498 2856 200510 300510 8788 352
ntLink_5498 2856 250510 350510 8789 352
ntLink_5498 2856 300510 400510 8790 352
ntLink_5499 1598 2229 102229 8791 352
ntLink_5499 1598 52229 152229 8792 352
ntLink_5499 1598 102229 202229 8793 352
ntLink_54 1922 207 100207 8794 352
ntLink_54 1922 50207 150207 8795 352
ntLink_54 1922 100207 200207 8796 352
ntLink_54 1922 150207 250207 8797 352
ntLink_5500 537 351 100351 8798 352
ntLink_5501 2713 1225 101225 8799 352
ntLink_5501 2713 51225 151225 8800 352
ntLink_5501 2713 101225 201225 8801 353
ntLink_5501 2713 151225 251225 8802 353
ntLink_5501 2713 201225 301225 8803 353
ntLink_5501 2713 251225 351225 8804 353
ntLink_5501 2713 301225 401225 8805 353
ntLink_5503 641 317 100317 8806 353
ntLink_5503 641 50317 150317 8807 353
ntLink_5503 641 100317 200317 8808 353
ntLink_5505 1711 6542 106542 8809 353
ntLink_5505 1711 56542 156542 8810 353
ntLink_5505 1711 106542 206542 8811 353
ntLink_5505 1711 156542 256542 8812 353
ntLink_5506 3962 705 100705 8813 353
ntLink_5506 3962 50705 150705 8814 353
ntLink_5506 3962 100705 200705 8815 353
ntLink_5506 3962 150705 250705 8816 353
ntLink_5506 3962 200705 300705 8817 353
ntLink_5506 3962 250705 350705 8818 353
ntLink_5506 3962 300705 400705 8819 353
ntLink_5506 3962 350705 450705 8820 353
ntLink_5506 3962 400705 500705 8821 353
ntLink_5508 1258 63 100063 8822 353
ntLink_5508 1258 50063 150063 8823 353
ntLink_5508 1258 100063 200063 8824 353
ntLink_5509 2513 1270 101270 8825 353
ntLink_5509 2513 51270 151270 8826 354
ntLink_5509 2513 101270 201270 8827 354
ntLink_5509 2513 151270 251270 8828 354
ntLink_5509 2513 201270 301270 8829 354
ntLink_5509 2513 251270 351270 8830 354
ntLink_5509 2513 301270 401270 8831 354
ntLink_5509 2513 351270 451270 8832 354
ntLink_550 1209 1405 101405 8833 354
ntLink_550 1209 51405 151405 8834 354
ntLink_5510 3182 553 100553 8835 354
ntLink_5510 3182 50553 150553 8836 354
ntLink_5510 3182 100553 200553 8837 354
ntLink_5510 3182 150553 250553 8838 354
ntLink_5510 3182 200553 300553 8839 354
ntLink_5510 3182 250553 350553 8840 354
ntLink_5510 3182 300553 400553 8841 354
ntLink_5510 3182 350553 450553 8842 354
ntLink_5510 3182 400553 500553 8843 354
ntLink_5510 3182 450553 550553 8844 354
ntLink_5511 3337 4458 104458 8845 354
ntLink_5511 3337 54458 154458 8846 354
ntLink_5511 3337 104458 204458 8847 354
ntLink_5511 3337 154458 254458 8848 354
ntLink_5511 3337 204458 304458 8849 354
ntLink_5511 3337 254458 354458 8850 354
ntLink_5511 3337 304458 404458 8851 355
ntLink_5511 3337 354458 454458 8852 355
ntLink_5511 3337 404458 504458 8853 355
ntLink_5512 592 10794 110794 8854 355
ntLink_5512 592 60794 160794 8855 355
ntLink_5514 1888 20006 120006 8856 355
ntLink_5514 1888 70006 170006 8857 355
ntLink_5514 1888 120006 220006 8858 355
ntLink_5514 1888 170006 270006 8859 355
ntLink_5514 1888 220006 320006 8860 355
ntLink_5514 1888 270006 370006 8861 355
ntLink_5514 1888 320006 420006 8862 355
ntLink_5515 884 72 100072 8863 355
ntLink_5516 594 7323 107323 8864 355
ntLink_5516 594 57323 157323 8865 355
ntLink_5516 594 107323 207323 8866 355
ntLink_5518 932 257 100257 8867 355
ntLink_5518 932 50257 150257 8868 355
ntLink_5518 932 100257 200257 8869 355
ntLink_5518 932 150257 250257 8870 355
ntLink_5519 1811 312 100312 8871 355
ntLink_5519 1811 50312 150312 8872 355
ntLink_5519 1811 100312 200312 8873 355
ntLink_5519 1811 150312 250312 8874 355
ntLink_551 1654 310 100310 8875 355
ntLink_551 1654 50310 150310 8876 356
ntLink_5520 2167 154 100154 8877 356
ntLink_5520 2167 50154 150154 8878 356
ntLink_5520 2167 100154 200154 8879 356
ntLink_5520 2167 150154 250154 8880 356
ntLink_5520 2167 200154 300154 8881 356
ntLink_5521 1220 320 100320 8882 356
ntLink_5521 1220 50320 150320 8883 356
ntLink_5521 1220 100320 200320 8884 356
ntLink_5521 1220 150320 250320 8885 356
ntLink_5522 3127 139 100139 8886 356
ntLink_5522 3127 50139 150139 8887 356
ntLink_5522 3127 100139 200139 8888 356
ntLink_5522 3127 150139 250139 8889 356
ntLink_5522 3127 200139 300139 8890 356
ntLink_5522 3127 250139 350139 8891 356
ntLink_5522 3127 300139 400139 8892 356
ntLink_5522 3127 350139 450139 8893 356
ntLink_5522 3127 400139 500139 8894 356
ntLink_5522 3127 450139 550139 8895 356
ntLink_5523 812 862 100862 8896 356
ntLink_5523 812 50862 150862 8897 356
ntLink_5525 2101 216 100216 8898 356
ntLink_5525 2101 50216 150216 8899 356
ntLink_5525 2101 100216 200216 8900 356
ntLink_5525 2101 150216 250216 8901 357
ntLink_5525 2101 200216 300216 8902 357
ntLink_5525 2101 250216 350216 8903 357
ntLink_5525 2101 300216 400216 8904 357
ntLink_5525 2101 350216 450216 8905 357
ntLink_5526 2759 110 100110 8906 357
ntLink_5526 2759 50110 150110 8907 357
ntLink_5526 2759 100110 200110 8908 357
ntLink_5526 2759 150110 250110 8909 357
ntLink_5526 2759 200110 300110 8910 357
ntLink_5526 2759 250110 350110 8911 357
ntLink_5526 2759 300110 400110 8912 357
ntLink_5527 763 11780 111780 8913 357
ntLink_5527 763 61780 161780 8914 357
ntLink_5527 763 111780 211780 8915 357
ntLink_5527 763 161780 261780 8916 357
ntLink_5528 858 333 100333 8917 357
ntLink_5528 858 50333 150333 8918 357
ntLink_5528 858 100333 200333 8919 357
ntLink_5529 1926 305 100305 8920 357
ntLink_5529 1926 50305 150305 8921 357
ntLink_5529 1926 100305 200305 8922 357
ntLink_5529 1926 150305 250305 8923 357
ntLink_5529 1926 200305 300305 8924 357
ntLink_5530 887 1385 101385 8925 357
ntLink_5530 887 51385 151385 8926 358
ntLink_5530 887 101385 201385 8927 358
ntLink_5531 1383 409 100409 8928 358
ntLink_5531 1383 50409 150409 8929 358
ntLink_5531 1383 100409 200409 8930 358
ntLink_5531 1383 150409 250409 8931 358
ntLink_5531 1383 200409 300409 8932 358
ntLink_5531 1383 250409 350409 8933 358
ntLink_5533 606 1176 101176 8934 358
ntLink_5533 606 51176 151176 8935 358
ntLink_5534 1714 13908 113908 8936 358
ntLink_5534 1714 63908 163908 8937 358
ntLink_5534 1714 113908 213908 8938 358
ntLink_5534 1714 163908 263908 8939 358
ntLink_5535 2098 214 100214 8940 358
ntLink_5535 2098 50214 150214 8941 358
ntLink_5535 2098 100214 200214 8942 358
ntLink_5535 2098 150214 250214 8943 358
ntLink_5535 2098 200214 300214 8944 358
ntLink_5536 895 7031 107031 8945 358
ntLink_5536 895 57031 157031 8946 358
ntLink_5537 885 2745 102745 8947 358
ntLink_5537 885 52745 152745 8948 358
ntLink_5537 885 102745 202745 8949 358
ntLink_5538 1065 560 100560 8950 358
ntLink_5538 1065 50560 150560 8951 359
ntLink_5539 3155 7016 107016 8952 359
ntLink_5539 3155 57016 157016 8953 359
ntLink_5539 3155 107016 207016 8954 359
ntLink_5539 3155 157016 257016 8955 359
ntLink_5539 3155 207016 307016 8956 359
ntLink_5539 3155 257016 357016 8957 359
ntLink_5539 3155 307016 407016 8958 359
ntLink_5539 3155 357016 457016 8959 359
ntLink_5539 3155 407016 507016 8960 359
ntLink_5539 3155 457016 557016 8961 359
ntLink_553 1941 212 100212 8962 359
ntLink_553 1941 50212 150212 8963 359
ntLink_553 1941 100212 200212 8964 359
ntLink_553 1941 150212 250212 8965 359
ntLink_5540 1975 155 100155 8966 359
ntLink_5540 1975 50155 150155 8967 359
ntLink_5540 1975 100155 200155 8968 359
ntLink_5540 1975 150155 250155 8969 359
ntLink_5540 1975 200155 300155 8970 359
ntLink_5544 1554 8004 108004 8971 359
ntLink_5544 1554 58004 158004 8972 359
ntLink_5544 1554 108004 208004 8973 359
ntLink_5544 1554 158004 258004 8974 359
ntLink_5544 1554 208004 308004 8975 359
ntLink_5544 1554 258004 358004 8976 360
ntLink_5544 1554 308004 408004 8977 360
ntLink_5544 1554 358004 458004 8978 360
ntLink_5545 3091 139 100139 8979 360
ntLink_5545 3091 50139 150139 8980 360
ntLink_5545 3091 100139 200139 8981 360
ntLink_5545 3091 150139 250139 8982 360
ntLink_5545 3091 200139 300139 8983 360
ntLink_5545 3091 250139 350139 8984 360
ntLink_5545 3091 300139 400139 8985 360
ntLink_5546 1708 1500 101500 8986 360
ntLink_5546 1708 51500 151500 8987 360
ntLink_5546 1708 101500 201500 8988 360
ntLink_5546 1708 151500 251500 8989 360
ntLink_5547 414 543 100543 8990 360
ntLink_5547 414 50543 150543 8991 360
ntLink_5548 1183 8368 108368 8992 360
ntLink_5548 1183 58368 158368 8993 360
ntLink_5548 1183 108368 208368 8994 360
ntLink_5549 1448 13657 113657 8995 360
ntLink_5549 1448 63657 163657 8996 360
ntLink_5549 1448 113657 213657 8997 360
ntLink_5549 1448 163657 263657 8998 360
ntLink_5549 1448 213657 313657 8999 360
ntLink_5549 1448 263657 363657 9000 360
ntLink_5550 609 4903 104903 9001 361
ntLink_5551 972 199 100199 9002 361
ntLink_5551 972 50199 150199 9003 361
ntLink_5551 972 100199 200199 9004 361
ntLink_5552 2691 198 100198 9005 361
ntLink_5552 2691 50198 150198 9006 361
ntLink_5552 2691 100198 200198 9007 361
ntLink_5552 2691 150198 250198 9008 361
ntLink_5552 2691 200198 300198 9009 361
ntLink_5552 2691 250198 350198 9010 361
ntLink_5553 791 408 100408 9011 361
ntLink_5555 1154 1213 101213 9012 361
ntLink_5555 1154 51213 151213 9013 361
ntLink_5555 1154 101213 201213 9014 361
ntLink_5556 2247 6015 106015 9015 361
ntLink_5556 2247 56015 156015 9016 361
ntLink_5556 2247 106015 206015 9017 361
ntLink_5556 2247 156015 256015 9018 361
ntLink_5556 2247 206015 306015 9019 361
ntLink_5557 1093 2266 102266 9020 361
ntLink_5557 1093 52266 152266 9021 361
ntLink_5558 654 2029 102029 9022 361
ntLink_5559 3228 2736 102736 9023 361
ntLink_5559 3228 52736 152736 9024 361
ntLink_5559 3228 102736 202736 9025 361
ntLink_5559 3228 152736 252736 9026 362
ntLink_5559 3228 202736 302736 9027 362
ntLink_5559 3228 252736 352736 9028 362
ntLink_5559 3228 302736 402736 9029 362
ntLink_5559 3228 352736 452736 9030 362
ntLink_5560 1954 515 100515 9031 362
ntLink_5560 1954 50515 150515 9032 362
ntLink_5560 1954 100515 200515 9033 362
ntLink_5560 1954 150515 250515 9034 362
ntLink_5560 1954 200515 300515 9035 362
ntLink_5561 861 15198 115198 9036 362
ntLink_5562 3991 92 100092 9037 362
ntLink_5562 3991 50092 150092 9038 362
ntLink_5562 3991 100092 200092 9039 362
ntLink_5562 3991 150092 250092 9040 362
ntLink_5562 3991 200092 300092 9041 362
ntLink_5562 3991 250092 350092 9042 362
ntLink_5562 3991 300092 400092 9043 362
ntLink_5562 3991 350092 450092 9044 362
ntLink_5562 3991 400092 500092 9045 362
ntLink_5562 3991 450092 550092 9046 362
ntLink_5563 821 1166 101166 9047 362
ntLink_5564 1084 321 100321 9048 362
ntLink_5564 1084 50321 150321 9049 362
ntLink_5564 1084 100321 200321 9050 362
ntLink_5565 2394 1244 101244 9051 363
ntLink_5565 2394 51244 151244 9052 363
ntLink_5565 2394 101244 201244 9053 363
ntLink_5565 2394 151244 251244 9054 363
ntLink_5565 2394 201244 301244 9055 363
ntLink_5565 2394 251244 351244 9056 363
ntLink_5566 1455 1591 101591 9057 363
ntLink_5566 1455 51591 151591 9058 363
ntLink_5566 1455 101591 201591 9059 363
ntLink_5566 1455 151591 251591 9060 363
ntLink_5566 1455 201591 301591 9061 363
ntLink_5567 1269 11436 111436 9062 363
ntLink_5567 1269 61436 161436 9063 363
ntLink_5567 1269 111436 211436 9064 363
ntLink_5568 1968 1174 101174 9065 363
ntLink_5568 1968 51174 151174 9066 363
ntLink_5568 1968 101174 201174 9067 363
ntLink_5568 1968 151174 251174 9068 363
ntLink_5570 1382 5005 105005 9069 363
ntLink_5570 1382 55005 155005 9070 363
ntLink_5572 722 286 100286 9071 363
ntLink_5573 299 804 100804 9072 363
ntLink_5574 747 598 100598 9073 363
ntLink_5574 747 50598 150598 9074 363
ntLink_5574 747 100598 200598 9075 363
ntLink_5574 747 150598 250598 9076 364
ntLink_5575 740 330 100330 9077 364
ntLink_5576 1066 307 100307 9078 364
ntLink_5576 1066 50307 150307 9079 364
ntLink_5576 1066 100307 200307 9080 364
ntLink_5577 117 1024 101024 9081 364
ntLink_5578 301 564 100564 9082 364
ntLink_5579 1389 2557 102557 9083 364
ntLink_5579 1389 52557 152557 9084 364
ntLink_5579 1389 102557 202557 9085 364
ntLink_5579 1389 152557 252557 9086 364
ntLink_557 986 2168 102168 9087 364
ntLink_557 986 52168 152168 9088 364
ntLink_5580 665 1018 101018 9089 364
ntLink_5581 1705 823 100823 9090 364
ntLink_5581 1705 50823 150823 9091 364
ntLink_5581 1705 100823 200823 9092 364
ntLink_5581 1705 150823 250823 9093 364
ntLink_5581 1705 200823 300823 9094 364
ntLink_5583 1731 2828 102828 9095 364
ntLink_5583 1731 52828 152828 9096 364
ntLink_5583 1731 102828 202828 9097 364
ntLink_5585 610 310 100310 9098 364
ntLink_5585 610 50310 150310 9099 364
ntLink_5586 829 801 100801 9100 364
ntLink_5587 1700 6642 106642 9101 365
ntLink_5587 1700 56642 156642 9102 365
ntLink_5587 1700 106642 206642 9103 365
ntLink_5587 1700 156642 256642 9104 365
ntLink_5587 1700 206642 306642 9105 365
ntLink_5587 1700 256642 356642 9106 365
ntLink_5587 1700 306642 406642 9107 365
ntLink_5588 4846 249 100249 9108 365
ntLink_5588 4846 50249 150249 9109 365
ntLink_5588 4846 100249 200249 9110 365
ntLink_5588 4846 150249 250249 9111 365
ntLink_5588 4846 200249 300249 9112 365
ntLink_5588 4846 250249 350249 9113 365
ntLink_5588 4846 300249 400249 9114 365
ntLink_5588 4846 350249 450249 9115 365
ntLink_5588 4846 400249 500249 9116 365
ntLink_5588 4846 450249 550249 9117 365
ntLink_5588 4846 500249 600249 9118 365
ntLink_5589 1807 253 100253 9119 365
ntLink_5589 1807 50253 150253 9120 365
ntLink_5589 1807 100253 200253 9121 365
ntLink_5589 1807 150253 250253 9122 365
ntLink_5590 1043 11464 111464 9123 365
ntLink_5590 1043 61464 161464 9124 365
ntLink_5590 1043 111464 211464 9125 365
ntLink_5590 1043 161464 261464 9126 366
ntLink_5590 1043 211464 311464 9127 366
ntLink_5591 360 1295 101295 9128 366
ntLink_5592 742 1598 101598 9129 366
ntLink_5592 742 51598 151598 9130 366
ntLink_5593 1709 5311 105311 9131 366
ntLink_5593 1709 55311 155311 9132 366
ntLink_5593 1709 105311 205311 9133 366
ntLink_5593 1709 155311 255311 9134 366
ntLink_5594 656 11390 111390 9135 366
ntLink_5595 3990 4634 104634 9136 366
ntLink_5595 3990 54634 154634 9137 366
ntLink_5595 3990 104634 204634 9138 366
ntLink_5595 3990 154634 254634 9139 366
ntLink_5595 3990 204634 304634 9140 366
ntLink_5595 3990 254634 354634 9141 366
ntLink_5595 3990 304634 404634 9142 366
ntLink_5595 3990 354634 454634 9143 366
ntLink_5595 3990 404634 504634 9144 366
ntLink_5599 1025 411 100411 9145 366
ntLink_5599 1025 50411 150411 9146 366
ntLink_559 1465 192 100192 9147 366
ntLink_559 1465 50192 150192 9148 366
ntLink_559 1465 100192 200192 9149 366
ntLink_559 1465 150192 250192 9150 366
ntLink_55 498 2664 102664 9151 367
ntLink_55 498 52664 152664 9152 367
ntLink_5600 1580 424 100424 9153 367
ntLink_5600 1580 50424 150424 9154 367
ntLink_5600 1580 100424 200424 9155 367
ntLink_5600 1580 150424 250424 9156 367
ntLink_5602 2200 406 100406 9157 367
ntLink_5602 2200 50406 150406 9158 367
ntLink_5602 2200 100406 200406 9159 367
ntLink_5602 2200 150406 250406 9160 367
ntLink_5602 2200 200406 300406 9161 367
ntLink_5602 2200 250406 350406 9162 367
ntLink_5603 1146 2061 102061 9163 367
ntLink_5603 1146 52061 152061 9164 367
ntLink_5604 820 3176 103176 9165 367
ntLink_5605 687 2067 102067 9166 367
ntLink_5606 2578 3380 103380 9167 367
ntLink_5606 2578 53380 153380 9168 367
ntLink_5606 2578 103380 203380 9169 367
ntLink_5606 2578 153380 253380 9170 367
ntLink_5606 2578 203380 303380 9171 367
ntLink_5609 1963 491 100491 9172 367
ntLink_5609 1963 50491 150491 9173 367
ntLink_5609 1963 100491 200491 9174 367
ntLink_5609 1963 150491 250491 9175 367
ntLink_5609 1963 200491 300491 9176 368
ntLink_5609 1963 250491 350491 9177 368
ntLink_5609 1963 300491 400491 9178 368
ntLink_5609 1963 350491 450491 9179 368
ntLink_5609 1963 400491 500491 9180 368
ntLink_560 4774 4587 104587 9181 368
ntLink_560 4774 54587 154587 9182 368
ntLink_560 4774 104587 204587 9183 368
ntLink_560 4774 154587 254587 9184 368
ntLink_560 4774 204587 304587 9185 368
ntLink_560 4774 254587 354587 9186 368
ntLink_560 4774 304587 404587 9187 368
ntLink_560 4774 354587 454587 9188 368
ntLink_560 4774 404587 504587 9189 368
ntLink_560 4774 454587 554587 9190 368
ntLink_5611 1257 359 100359 9191 368
ntLink_5611 1257 50359 150359 9192 368
ntLink_5611 1257 100359 200359 9193 368
ntLink_5611 1257 150359 250359 9194 368
Backbone_13213 1306 238 100238 9195 368
Backbone_13213 1306 50238 150238 9196 368
Backbone_13213 1306 100238 200238 9197 368
Backbone_1323 357 426 100426 9198 368
Backbone_13249 1204 1227 101227 9199 368
Backbone_13253 889 230 100230 9200 368
Backbone_13269 1101 391 100391 9201 369
ntLink_5613 985 92 100092 9202 369
ntLink_5614 503 781 100781 9203 369
ntLink_5616 2642 12892 112892 9204 369
ntLink_5616 2642 62892 162892 9205 369
ntLink_5616 2642 112892 212892 9206 369
ntLink_5616 2642 162892 262892 9207 369
ntLink_5616 2642 212892 312892 9208 369
ntLink_5616 2642 262892 362892 9209 369
ntLink_5617 2336 2520 102520 9210 369
ntLink_5617 2336 52520 152520 9211 369
ntLink_5617 2336 102520 202520 9212 369
ntLink_5617 2336 152520 252520 9213 369
ntLink_5617 2336 202520 302520 9214 369
ntLink_5618 774 771 100771 9215 369
ntLink_5618 774 50771 150771 9216 369
ntLink_5619 1591 362 100362 9217 369
ntLink_5619 1591 50362 150362 9218 369
ntLink_5619 1591 100362 200362 9219 369
ntLink_5619 1591 150362 250362 9220 369
ntLink_5620 1187 863 100863 9221 369
ntLink_5620 1187 50863 150863 9222 369
ntLink_5621 466 6945 106945 9223 369
ntLink_5622 788 567 100567 9224 369
ntLink_5622 788 50567 150567 9225 369
ntLink_5623 686 17029 117029 9226 370
ntLink_5625 407 372 100372 9227 370
ntLink_5626 1560 10455 110455 9228 370
ntLink_5626 1560 60455 160455 9229 370
ntLink_5626 1560 110455 210455 9230 370
ntLink_5626 1560 160455 260455 9231 370
ntLink_5627 1697 6832 106832 9232 370
ntLink_5627 1697 56832 156832 9233 370
ntLink_5627 1697 106832 206832 9234 370
ntLink_5627 1697 156832 256832 9235 370
ntLink_5627 1697 206832 306832 9236 370
ntLink_5628 806 6324 106324 9237 370
ntLink_5629 1090 601 100601 9238 370
ntLink_5629 1090 50601 150601 9239 370
ntLink_562 1442 595 100595 9240 370
ntLink_562 1442 50595 150595 9241 370
ntLink_5630 1964 680 100680 9242 370
ntLink_5630 1964 50680 150680 9243 370
ntLink_5630 1964 100680 200680 9244 370
ntLink_5630 1964 150680 250680 9245 370
ntLink_5631 1429 442 100442 9246 370
ntLink_5631 1429 50442 150442 9247 370
ntLink_5631 1429 100442 200442 9248 370
ntLink_5633 854 653 100653 9249 370
ntLink_5633 854 50653 150653 9250 370
ntLink_5633 854 100653 200653 9251 371
ntLink_5634 329 3109 103109 9252 371
ntLink_5635 873 3944 103944 9253 371
ntLink_5636 902 344 100344 9254 371
ntLink_5636 902 50344 150344 9255 371
ntLink_5637 861 532 100532 9256 371
ntLink_5637 861 50532 150532 9257 371
ntLink_5638 2164 2509 102509 9258 371
ntLink_5638 2164 52509 152509 9259 371
ntLink_5638 2164 102509 202509 9260 371
ntLink_5638 2164 152509 252509 9261 371
ntLink_5638 2164 202509 302509 9262 371
ntLink_5639 2022 209 100209 9263 371
ntLink_5639 2022 50209 150209 9264 371
ntLink_5639 2022 100209 200209 9265 371
ntLink_5641 1311 429 100429 9266 371
ntLink_5641 1311 50429 150429 9267 371
ntLink_5642 1697 274 100274 9268 371
ntLink_5642 1697 50274 150274 9269 371
ntLink_5643 1845 526 100526 9270 371
ntLink_5643 1845 50526 150526 9271 371
ntLink_5643 1845 100526 200526 9272 371
ntLink_5643 1845 150526 250526 9273 371
ntLink_5643 1845 200526 300526 9274 371
ntLink_5644 527 750 100750 9275 371
ntLink_5644 527 50750 150750 9276 372
ntLink_5645 6832 180 100180 9277 372
ntLink_5645 6832 50180 150180 9278 372
ntLink_5645 6832 100180 200180 9279 372
ntLink_5645 6832 150180 250180 9280 372
ntLink_5645 6832 200180 300180 9281 372
ntLink_5645 6832 250180 350180 9282 372
ntLink_5645 6832 300180 400180 9283 372
ntLink_5645 6832 350180 450180 9284 372
ntLink_5645 6832 400180 500180 9285 372
ntLink_5645 6832 450180 550180 9286 372
ntLink_5645 6832 500180 600180 9287 372
ntLink_5645 6832 550180 650180 9288 372
ntLink_5645 6832 600180 700180 9289 372
ntLink_5645 6832 650180 750180 9290 372
ntLink_5645 6832 700180 800180 9291 372
ntLink_5645 6832 750180 850180 9292 372
ntLink_5646 747 351 100351 9293 372
ntLink_5646 747 50351 150351 9294 372
ntLink_5647 2409 5209 105209 9295 372
ntLink_5647 2409 55209 155209 9296 372
ntLink_5647 2409 105209 205209 9297 372
ntLink_5647 2409 155209 255209 9298 372
ntLink_5647 2409 205209 305209 9299 372
ntLink_5648 1434 382 100382 9300 372
ntLink_5648 1434 50382 150382 9301 373
ntLink_5648 1434 100382 200382 9302 373
ntLink_5649 2204 385 100385 9303 373
ntLink_5649 2204 50385 150385 9304 373
ntLink_5649 2204 100385 200385 9305 373
ntLink_5649 2204 150385 250385 9306 373
ntLink_5649 2204 200385 300385 9307 373
ntLink_564 960 135 100135 9308 373
ntLink_564 960 50135 150135 9309 373
ntLink_5650 1941 401 100401 9310 373
ntLink_5650 1941 50401 150401 9311 373
ntLink_5650 1941 100401 200401 9312 373
ntLink_5650 1941 150401 250401 9313 373
ntLink_5650 1941 200401 300401 9314 373
ntLink_5651 3858 806 100806 9315 373
ntLink_5651 3858 50806 150806 9316 373
ntLink_5651 3858 100806 200806 9317 373
ntLink_5651 3858 150806 250806 9318 373
ntLink_5651 3858 200806 300806 9319 373
ntLink_5651 3858 250806 350806 9320 373
ntLink_5651 3858 300806 400806 9321 373
ntLink_5651 3858 350806 450806 9322 373
ntLink_5651 3858 400806 500806 9323 373
ntLink_5651 3858 450806 550806 9324 373
ntLink_5651 3858 500806 600806 9325 373
ntLink_5652 5164 332 100332 9326 374
ntLink_5652 5164 50332 150332 9327 374
ntLink_5652 5164 100332 200332 9328 374
ntLink_5652 5164 150332 250332 9329 374
ntLink_5652 5164 200332 300332 9330 374
ntLink_5652 5164 250332 350332 9331 374
ntLink_5652 5164 300332 400332 9332 374
ntLink_5652 5164 350332 450332 9333 374
ntLink_5652 5164 400332 500332 9334 374
ntLink_5652 5164 450332 550332 9335 374
ntLink_5652 5164 500332 600332 9336 374
ntLink_5652 5164 550332 650332 9337 374
ntLink_5652 5164 600332 700332 9338 374
ntLink_5652 5164 650332 750332 9339 374
ntLink_5653 1729 2060 102060 9340 374
ntLink_5653 1729 52060 152060 9341 374
ntLink_5653 1729 102060 202060 9342 374
ntLink_5653 1729 152060 252060 9343 374
ntLink_5655 286 144 100144 9344 374
ntLink_5656 3580 154 100154 9345 374
ntLink_5656 3580 50154 150154 9346 374
ntLink_5656 3580 100154 200154 9347 374
ntLink_5656 3580 150154 250154 9348 374
ntLink_5656 3580 200154 300154 9349 374
ntLink_5656 3580 250154 350154 9350 374
ntLink_5656 3580 300154 400154 9351 375
ntLink_5656 3580 350154 450154 9352 375
ntLink_5656 3580 400154 500154 9353 375
ntLink_5661 1022 86 100086 9354 375
ntLink_5661 1022 50086 150086 9355 375
ntLink_5662 247 279 100279 9356 375
ntLink_5663 1496 76 100076 9357 375
ntLink_5663 1496 50076 150076 9358 375
ntLink_5663 1496 100076 200076 9359 375
ntLink_5663 1496 150076 250076 9360 375
ntLink_5663 1496 200076 300076 9361 375
ntLink_5664 2752 8140 108140 9362 375
ntLink_5664 2752 58140 158140 9363 375
ntLink_5664 2752 108140 208140 9364 375
ntLink_5664 2752 158140 258140 9365 375
ntLink_5664 2752 208140 308140 9366 375
ntLink_5664 2752 258140 358140 9367 375
ntLink_5664 2752 308140 408140 9368 375
ntLink_5665 2032 471 100471 9369 375
ntLink_5665 2032 50471 150471 9370 375
ntLink_5665 2032 100471 200471 9371 375
ntLink_5667 1212 122 100122 9372 375
ntLink_5667 1212 50122 150122 9373 375
ntLink_5667 1212 100122 200122 9374 375
ntLink_5669 2312 525 100525 9375 375
ntLink_5669 2312 50525 150525 9376 376
ntLink_5669 2312 100525 200525 9377 376
ntLink_5669 2312 150525 250525 9378 376
ntLink_5669 2312 200525 300525 9379 376
ntLink_566 1524 412 100412 9380 376
ntLink_566 1524 50412 150412 9381 376
ntLink_5670 574 5261 105261 9382 376
ntLink_5670 574 55261 155261 9383 376
ntLink_5671 837 13051 113051 9384 376
ntLink_5671 837 63051 163051 9385 376
ntLink_5672 436 416 100416 9386 376
ntLink_5672 436 50416 150416 9387 376
ntLink_5673 1408 423 100423 9388 376
ntLink_5673 1408 50423 150423 9389 376
ntLink_5673 1408 100423 200423 9390 376
ntLink_5675 654 793 100793 9391 376
ntLink_5678 869 134 100134 9392 376
ntLink_5678 869 50134 150134 9393 376
ntLink_5680 1070 1789 101789 9394 376
ntLink_5680 1070 51789 151789 9395 376
ntLink_5680 1070 101789 201789 9396 376
ntLink_5682 1036 1118 101118 9397 376
ntLink_5682 1036 51118 151118 9398 376
ntLink_5683 798 5658 105658 9399 376
ntLink_5686 900 948 100948 9400 376
ntLink_5686 900 50948 150948 9401 377
ntLink_5687 487 8763 108763 9402 377
ntLink_5688 780 32 100032 9403 377
ntLink_5693 1094 983 100983 9404 377
ntLink_5695 1347 289 100289 9405 377
ntLink_5695 1347 50289 150289 9406 377
ntLink_5698 1877 243 100243 9407 377
ntLink_5698 1877 50243 150243 9408 377
ntLink_5698 1877 100243 200243 9409 377
ntLink_5698 1877 150243 250243 9410 377
ntLink_5698 1877 200243 300243 9411 377
ntLink_5698 1877 250243 350243 9412 377
ntLink_5699 1810 364 100364 9413 377
ntLink_5699 1810 50364 150364 9414 377
ntLink_5699 1810 100364 200364 9415 377
ntLink_5699 1810 150364 250364 9416 377
ntLink_5699 1810 200364 300364 9417 377
ntLink_569 2612 406 100406 9418 377
ntLink_569 2612 50406 150406 9419 377
ntLink_569 2612 100406 200406 9420 377
ntLink_569 2612 150406 250406 9421 377
ntLink_569 2612 200406 300406 9422 377
ntLink_56 1657 242 100242 9423 377
ntLink_56 1657 50242 150242 9424 377
ntLink_56 1657 100242 200242 9425 377
ntLink_56 1657 150242 250242 9426 378
ntLink_56 1657 200242 300242 9427 378
ntLink_5701 1354 11396 111396 9428 378
ntLink_5701 1354 61396 161396 9429 378
ntLink_5701 1354 111396 211396 9430 378
ntLink_5701 1354 161396 261396 9431 378
ntLink_5701 1354 211396 311396 9432 378
ntLink_5701 1354 261396 361396 9433 378
ntLink_5702 1447 45 100045 9434 378
ntLink_5702 1447 50045 150045 9435 378
ntLink_5702 1447 100045 200045 9436 378
ntLink_5706 1669 2164 102164 9437 378
ntLink_5706 1669 52164 152164 9438 378
ntLink_5706 1669 102164 202164 9439 378
ntLink_5706 1669 152164 252164 9440 378
ntLink_5707 2153 1206 101206 9441 378
ntLink_5707 2153 51206 151206 9442 378
ntLink_5707 2153 101206 201206 9443 378
ntLink_5707 2153 151206 251206 9444 378
ntLink_5707 2153 201206 301206 9445 378
ntLink_5707 2153 251206 351206 9446 378
ntLink_5707 2153 301206 401206 9447 378
ntLink_5707 2153 351206 451206 9448 378
ntLink_5707 2153 401206 501206 9449 378
ntLink_5707 2153 451206 551206 9450 378
ntLink_5707 2153 501206 601206 9451 379
ntLink_5707 2153 551206 651206 9452 379
ntLink_5707 2153 601206 701206 9453 379
ntLink_5707 2153 651206 751206 9454 379
ntLink_5708 1033 587 100587 9455 379
ntLink_5708 1033 50587 150587 9456 379
ntLink_570 1699 446 100446 9457 379
ntLink_570 1699 50446 150446 9458 379
ntLink_570 1699 100446 200446 9459 379
ntLink_570 1699 150446 250446 9460 379
ntLink_5711 3168 366 100366 9461 379
ntLink_5711 3168 50366 150366 9462 379
ntLink_5711 3168 100366 200366 9463 379
ntLink_5711 3168 150366 250366 9464 379
ntLink_5711 3168 200366 300366 9465 379
ntLink_5711 3168 250366 350366 9466 379
ntLink_5711 3168 300366 400366 9467 379
ntLink_5711 3168 350366 450366 9468 379
ntLink_5711 3168 400366 500366 9469 379
ntLink_5712 1155 2377 102377 9470 379
ntLink_5712 1155 52377 152377 9471 379
ntLink_5713 645 4104 104104 9472 379
ntLink_5713 645 54104 154104 9473 379
ntLink_5715 2582 651 100651 9474 379
ntLink_5715 2582 50651 150651 9475 379
ntLink_5715 2582 100651 200651 9476 380
ntLink_5715 2582 150651 250651 9477 380
ntLink_5715 2582 200651 300651 9478 380
ntLink_5715 2582 250651 350651 9479 380
ntLink_5719 549 8700 108700 9480 380
ntLink_571 437 327 100327 9481 380
ntLink_5721 1426 840 100840 9482 380
ntLink_5721 1426 50840 150840 9483 380
ntLink_5721 1426 100840 200840 9484 380
ntLink_5722 1201 6669 106669 9485 380
ntLink_5722 1201 56669 156669 9486 380
ntLink_5722 1201 106669 206669 9487 380
ntLink_5722 1201 156669 256669 9488 380
ntLink_5722 1201 206669 306669 9489 380
ntLink_5723 1182 471 100471 9490 380
ntLink_5723 1182 50471 150471 9491 380
ntLink_5723 1182 100471 200471 9492 380
ntLink_5726 814 16676 116676 9493 380
ntLink_572 1547 692 100692 9494 380
ntLink_572 1547 50692 150692 9495 380
ntLink_572 1547 100692 200692 9496 380
ntLink_572 1547 150692 250692 9497 380
ntLink_5731 998 360 100360 9498 380
ntLink_5731 998 50360 150360 9499 380
ntLink_5732 3629 190 100190 9500 380
ntLink_5732 3629 50190 150190 9501 381
ntLink_5732 3629 100190 200190 9502 381
ntLink_5732 3629 150190 250190 9503 381
ntLink_5732 3629 200190 300190 9504 381
ntLink_5732 3629 250190 350190 9505 381
ntLink_5732 3629 300190 400190 9506 381
ntLink_5732 3629 350190 450190 9507 381
ntLink_5732 3629 400190 500190 9508 381
ntLink_5736 668 1196 101196 9509 381
ntLink_5737 674 1270 101270 9510 381
ntLink_5737 674 51270 151270 9511 381
ntLink_5737 674 101270 201270 9512 381
ntLink_5737 674 151270 251270 9513 381
ntLink_5738 685 468 100468 9514 381
ntLink_5738 685 50468 150468 9515 381
ntLink_5738 685 100468 200468 9516 381
ntLink_5739 1268 354 100354 9517 381
ntLink_5739 1268 50354 150354 9518 381
ntLink_5742 1629 471 100471 9519 381
ntLink_5742 1629 50471 150471 9520 381
ntLink_5742 1629 100471 200471 9521 381
ntLink_5742 1629 150471 250471 9522 381
ntLink_5742 1629 200471 300471 9523 381
ntLink_5743 1878 1196 101196 9524 381
ntLink_5743 1878 51196 151196 9525 381
ntLink_5743 1878 101196 201196 9526 382
ntLink_5743 1878 151196 251196 9527 382
ntLink_5743 1878 201196 301196 9528 382
ntLink_5745 1639 314 100314 9529 382
ntLink_5745 1639 50314 150314 9530 382
ntLink_5745 1639 100314 200314 9531 382
ntLink_5749 4047 329 100329 9532 382
ntLink_5749 4047 50329 150329 9533 382
ntLink_5749 4047 100329 200329 9534 382
ntLink_5749 4047 150329 250329 9535 382
ntLink_5749 4047 200329 300329 9536 382
ntLink_5749 4047 250329 350329 9537 382
ntLink_5749 4047 300329 400329 9538 382
ntLink_5749 4047 350329 450329 9539 382
ntLink_5750 2424 501 100501 9540 382
ntLink_5750 2424 50501 150501 9541 382
ntLink_5750 2424 100501 200501 9542 382
ntLink_5750 2424 150501 250501 9543 382
ntLink_5750 2424 200501 300501 9544 382
ntLink_5750 2424 250501 350501 9545 382
ntLink_5750 2424 300501 400501 9546 382
ntLink_5750 2424 350501 450501 9547 382
ntLink_5751 1111 8152 108152 9548 382
ntLink_5751 1111 58152 158152 9549 382
ntLink_5752 966 17448 117448 9550 382
ntLink_5752 966 67448 167448 9551 383
ntLink_5752 966 117448 217448 9552 383
ntLink_5754 560 1240 101240 9553 383
ntLink_5755 815 2781 102781 9554 383
ntLink_5755 815 52781 152781 9555 383
ntLink_5756 1610 449 100449 9556 383
ntLink_5756 1610 50449 150449 9557 383
ntLink_5757 1081 359 100359 9558 383
ntLink_5757 1081 50359 150359 9559 383
ntLink_5758 580 872 100872 9560 383
ntLink_5758 580 50872 150872 9561 383
ntLink_5760 999 4938 104938 9562 383
ntLink_5760 999 54938 154938 9563 383
ntLink_5760 999 104938 204938 9564 383
ntLink_5762 2794 6002 106002 9565 383
ntLink_5762 2794 56002 156002 9566 383
ntLink_5762 2794 106002 206002 9567 383
ntLink_5762 2794 156002 256002 9568 383
ntLink_5762 2794 206002 306002 9569 383
ntLink_5762 2794 256002 356002 9570 383
ntLink_5763 698 9255 109255 9571 383
ntLink_5763 698 59255 159255 9572 383
ntLink_5766 322 813 100813 9573 383
ntLink_576 3415 495 100495 9574 383
ntLink_576 3415 50495 150495 9575 383
ntLink_576 3415 100495 200495 9576 384
ntLink_576 3415 150495 250495 9577 384
ntLink_576 3415 200495 300495 9578 384
ntLink_576 3415 250495 350495 9579 384
ntLink_576 3415 300495 400495 9580 384
ntLink_576 3415 350495 450495 9581 384
ntLink_576 3415 400495 500495 9582 384
ntLink_576 3415 450495 550495 9583 384
ntLink_5774 701 11104 111104 9584 384
ntLink_5775 1650 438 100438 9585 384
ntLink_5775 1650 50438 150438 9586 384
ntLink_5775 1650 100438 200438 9587 384
ntLink_5776 1646 373 100373 9588 384
ntLink_5776 1646 50373 150373 9589 384
ntLink_5776 1646 100373 200373 9590 384
ntLink_5777 971 540 100540 9591 384
ntLink_5779 1261 268 100268 9592 384
ntLink_5779 1261 50268 150268 9593 384
ntLink_5780 3472 1550 101550 9594 384
ntLink_5780 3472 51550 151550 9595 384
ntLink_5780 3472 101550 201550 9596 384
ntLink_5780 3472 151550 251550 9597 384
ntLink_5780 3472 201550 301550 9598 384
ntLink_5780 3472 251550 351550 9599 384
ntLink_5780 3472 301550 401550 9600 384
ntLink_5780 3472 351550 451550 9601 385
ntLink_5780 3472 401550 501550 9602 385
ntLink_5780 3472 451550 551550 9603 385
ntLink_5781 518 2051 102051 9604 385
ntLink_5782 1212 280 100280 9605 385
ntLink_5782 1212 50280 150280 9606 385
ntLink_5783 1136 139 100139 9607 385
ntLink_5783 1136 50139 150139 9608 385
ntLink_5784 372 418 100418 9609 385
ntLink_5788 1503 5030 105030 9610 385
ntLink_5788 1503 55030 155030 9611 385
ntLink_5788 1503 105030 205030 9612 385
ntLink_5788 1503 155030 255030 9613 385
ntLink_5790 1915 5778 105778 9614 385
ntLink_5790 1915 55778 155778 9615 385
ntLink_5790 1915 105778 205778 9616 385
ntLink_5790 1915 155778 255778 9617 385
ntLink_5790 1915 205778 305778 9618 385
ntLink_5790 1915 255778 355778 9619 385
ntLink_5791 261 569 100569 9620 385
ntLink_5791 261 50569 150569 9621 385
ntLink_5792 2425 3672 103672 9622 385
ntLink_5792 2425 53672 153672 9623 385
ntLink_5792 2425 103672 203672 9624 385
ntLink_5792 2425 153672 253672 9625 385
ntLink_5792 2425 203672 303672 9626 386
ntLink_5792 2425 253672 353672 9627 386
ntLink_5792 2425 303672 403672 9628 386
ntLink_5794 994 25483 125483 9629 386
ntLink_5794 994 75483 175483 9630 386
ntLink_5794 994 125483 225483 9631 386
ntLink_5794 994 175483 275483 9632 386
ntLink_5797 875 12712 112712 9633 386
ntLink_5798 959 219 100219 9634 386
ntLink_5799 1416 16263 116263 9635 386
ntLink_5799 1416 66263 166263 9636 386
ntLink_5799 1416 116263 216263 9637 386
ntLink_5799 1416 166263 266263 9638 386
ntLink_579 1318 946 100946 9639 386
ntLink_579 1318 50946 150946 9640 386
ntLink_579 1318 100946 200946 9641 386
ntLink_57 2410 735 100735 9642 386
ntLink_57 2410 50735 150735 9643 386
ntLink_57 2410 100735 200735 9644 386
ntLink_57 2410 150735 250735 9645 386
ntLink_57 2410 200735 300735 9646 386
ntLink_5802 1620 583 100583 9647 386
ntLink_5802 1620 50583 150583 9648 386
ntLink_5802 1620 100583 200583 9649 386
ntLink_5802 1620 150583 250583 9650 386
ntLink_5805 745 3157 103157 9651 387
ntLink_5807 1351 193 100193 9652 387
ntLink_5807 1351 50193 150193 9653 387
ntLink_5807 1351 100193 200193 9654 387
ntLink_5807 1351 150193 250193 9655 387
ntLink_5807 1351 200193 300193 9656 387
ntLink_5809 823 222 100222 9657 387
ntLink_5809 823 50222 150222 9658 387
ntLink_580 413 2680 102680 9659 387
ntLink_5810 241 301 100301 9660 387
ntLink_5811 822 247 100247 9661 387
ntLink_5812 361 1328 101328 9662 387
ntLink_5812 361 51328 151328 9663 387
ntLink_5813 996 1330 101330 9664 387
ntLink_5813 996 51330 151330 9665 387
ntLink_5813 996 101330 201330 9666 387
ntLink_5814 916 184 100184 9667 387
ntLink_5815 1613 3488 103488 9668 387
ntLink_5815 1613 53488 153488 9669 387
ntLink_5815 1613 103488 203488 9670 387
ntLink_5816 1074 244 100244 9671 387
ntLink_5816 1074 50244 150244 9672 387
ntLink_5818 2252 165 100165 9673 387
ntLink_5818 2252 50165 150165 9674 387
ntLink_5818 2252 100165 200165 9675 387
ntLink_5818 2252 150165 250165 9676 388
ntLink_5819 1575 209 100209 9677 388
ntLink_5819 1575 50209 150209 9678 388
ntLink_5819 1575 100209 200209 9679 388
ntLink_5819 1575 150209 250209 9680 388
ntLink_5819 1575 200209 300209 9681 388
ntLink_5819 1575 250209 350209 9682 388
ntLink_5819 1575 300209 400209 9683 388
ntLink_581 556 666 100666 9684 388
ntLink_5820 912 142 100142 9685 388
ntLink_5821 1736 177 100177 9686 388
ntLink_5821 1736 50177 150177 9687 388
ntLink_5821 1736 100177 200177 9688 388
ntLink_5822 1202 580 100580 9689 388
ntLink_5822 1202 50580 150580 9690 388
ntLink_5823 272 3708 103708 9691 388
ntLink_5824 2069 567 100567 9692 388
ntLink_5824 2069 50567 150567 9693 388
ntLink_5824 2069 100567 200567 9694 388
ntLink_5824 2069 150567 250567 9695 388
ntLink_5824 2069 200567 300567 9696 388
ntLink_5824 2069 250567 350567 9697 388
ntLink_5827 1290 2970 102970 9698 388
ntLink_5827 1290 52970 152970 9699 388
ntLink_5827 1290 102970 202970 9700 388
ntLink_5829 1900 1493 101493 9701 389
ntLink_5829 1900 51493 151493 9702 389
ntLink_5829 1900 101493 201493 9703 389
ntLink_582 1144 134 100134 9704 389
ntLink_5830 4185 3213 103213 9705 389
ntLink_5830 4185 53213 153213 9706 389
ntLink_5830 4185 103213 203213 9707 389
ntLink_5830 4185 153213 253213 9708 389
ntLink_5830 4185 203213 303213 9709 389
ntLink_5830 4185 253213 353213 9710 389
ntLink_5830 4185 303213 403213 9711 389
ntLink_5830 4185 353213 453213 9712 389
ntLink_5830 4185 403213 503213 9713 389
ntLink_5833 1224 312 100312 9714 389
ntLink_5833 1224 50312 150312 9715 389
ntLink_5835 2224 223 100223 9716 389
ntLink_5835 2224 50223 150223 9717 389
ntLink_5835 2224 100223 200223 9718 389
ntLink_5835 2224 150223 250223 9719 389
ntLink_5835 2224 200223 300223 9720 389
ntLink_5839 446 458 100458 9721 389
ntLink_5839 446 50458 150458 9722 389
ntLink_583 573 1447 101447 9723 389
ntLink_5840 870 2623 102623 9724 389
ntLink_5840 870 52623 152623 9725 389
ntLink_5841 709 433 100433 9726 390
ntLink_5842 961 28478 128478 9727 390
ntLink_5842 961 78478 178478 9728 390
ntLink_5848 402 1113 101113 9729 390
ntLink_5851 725 5351 105351 9730 390
ntLink_5853 1512 1691 101691 9731 390
ntLink_5853 1512 51691 151691 9732 390
ntLink_5853 1512 101691 201691 9733 390
ntLink_5853 1512 151691 251691 9734 390
ntLink_5853 1512 201691 301691 9735 390
ntLink_5854 1372 2168 102168 9736 390
ntLink_5854 1372 52168 152168 9737 390
ntLink_5854 1372 102168 202168 9738 390
ntLink_5854 1372 152168 252168 9739 390
ntLink_5854 1372 202168 302168 9740 390
ntLink_5856 1577 11121 111121 9741 390
ntLink_5856 1577 61121 161121 9742 390
ntLink_5856 1577 111121 211121 9743 390
ntLink_5856 1577 161121 261121 9744 390
ntLink_5858 824 379 100379 9745 390
ntLink_585 840 1479 101479 9746 390
ntLink_585 840 51479 151479 9747 390
ntLink_5864 744 6054 106054 9748 390
ntLink_5864 744 56054 156054 9749 390
ntLink_5865 2029 539 100539 9750 390
ntLink_5865 2029 50539 150539 9751 391
ntLink_5865 2029 100539 200539 9752 391
ntLink_5865 2029 150539 250539 9753 391
ntLink_5865 2029 200539 300539 9754 391
ntLink_5865 2029 250539 350539 9755 391
ntLink_5865 2029 300539 400539 9756 391
ntLink_5866 3004 2946 102946 9757 391
ntLink_5866 3004 52946 152946 9758 391
ntLink_5866 3004 102946 202946 9759 391
ntLink_5866 3004 152946 252946 9760 391
ntLink_5866 3004 202946 302946 9761 391
ntLink_5866 3004 252946 352946 9762 391
ntLink_5866 3004 302946 402946 9763 391
ntLink_5866 3004 352946 452946 9764 391
ntLink_5867 576 117 100117 9765 391
ntLink_5868 751 436 100436 9766 391
ntLink_5870 165 8337 108337 9767 391
ntLink_5873 797 658 100658 9768 391
ntLink_5876 935 1290 101290 9769 391
ntLink_5878 2272 10587 110587 9770 391
ntLink_5878 2272 60587 160587 9771 391
ntLink_5878 2272 110587 210587 9772 391
ntLink_5878 2272 160587 260587 9773 391
ntLink_5878 2272 210587 310587 9774 391
ntLink_5879 969 351 100351 9775 391
ntLink_5879 969 50351 150351 9776 392
ntLink_5881 1194 2408 102408 9777 392
ntLink_5881 1194 52408 152408 9778 392
ntLink_5882 276 290 100290 9779 392
ntLink_5883 741 646 100646 9780 392
ntLink_5887 666 88 100088 9781 392
ntLink_5888 1879 3515 103515 9782 392
ntLink_5888 1879 53515 153515 9783 392
ntLink_5888 1879 103515 203515 9784 392
ntLink_5888 1879 153515 253515 9785 392
ntLink_5890 514 17767 117767 9786 392
ntLink_5890 514 67767 167767 9787 392
ntLink_5891 2078 444 100444 9788 392
ntLink_5891 2078 50444 150444 9789 392
ntLink_5891 2078 100444 200444 9790 392
ntLink_5891 2078 150444 250444 9791 392
ntLink_5892 382 4397 104397 9792 392
ntLink_5895 1340 5511 105511 9793 392
ntLink_5895 1340 55511 155511 9794 392
ntLink_5896 4182 2409 102409 9795 392
ntLink_5896 4182 52409 152409 9796 392
ntLink_5896 4182 102409 202409 9797 392
ntLink_5896 4182 152409 252409 9798 392
ntLink_5896 4182 202409 302409 9799 392
ntLink_5896 4182 252409 352409 9800 392
ntLink_5896 4182 302409 402409 9801 393
ntLink_5896 4182 352409 452409 9802 393
ntLink_5896 4182 402409 502409 9803 393
ntLink_5896 4182 452409 552409 9804 393
ntLink_5896 4182 502409 602409 9805 393
ntLink_5896 4182 552409 652409 9806 393
ntLink_5898 659 10740 110740 9807 393
ntLink_5898 659 60740 160740 9808 393
ntLink_589 275 1031 101031 9809 393
ntLink_58 2127 7884 107884 9810 393
ntLink_58 2127 57884 157884 9811 393
ntLink_58 2127 107884 207884 9812 393
ntLink_58 2127 157884 257884 9813 393
ntLink_58 2127 207884 307884 9814 393
ntLink_58 2127 257884 357884 9815 393
ntLink_5900 829 9130 109130 9816 393
ntLink_5900 829 59130 159130 9817 393
ntLink_5900 829 109130 209130 9818 393
ntLink_5900 829 159130 259130 9819 393
ntLink_5900 829 209130 309130 9820 393
ntLink_5902 682 12102 112102 9821 393
ntLink_5904 1715 12562 112562 9822 393
ntLink_5904 1715 62562 162562 9823 393
ntLink_5904 1715 112562 212562 9824 393
ntLink_5904 1715 162562 262562 9825 393
ntLink_5905 767 2201 102201 9826 394
ntLink_5905 767 52201 152201 9827 394
ntLink_5906 1379 148 100148 9828 394
ntLink_5906 1379 50148 150148 9829 394
ntLink_5906 1379 100148 200148 9830 394
ntLink_5910 1621 3247 103247 9831 394
ntLink_5910 1621 53247 153247 9832 394
ntLink_5910 1621 103247 203247 9833 394
ntLink_5910 1621 153247 253247 9834 394
ntLink_5912 1875 750 100750 9835 394
ntLink_5912 1875 50750 150750 9836 394
ntLink_5912 1875 100750 200750 9837 394
ntLink_5912 1875 150750 250750 9838 394
ntLink_5913 1139 7724 107724 9839 394
ntLink_5913 1139 57724 157724 9840 394
ntLink_5913 1139 107724 207724 9841 394
ntLink_5913 1139 157724 257724 9842 394
ntLink_5913 1139 207724 307724 9843 394
ntLink_5913 1139 257724 357724 9844 394
ntLink_5914 2544 1597 101597 9845 394
ntLink_5914 2544 51597 151597 9846 394
ntLink_5914 2544 101597 201597 9847 394
ntLink_5914 2544 151597 251597 9848 394
ntLink_5914 2544 201597 301597 9849 394
ntLink_5915 565 11291 111291 9850 394
ntLink_5918 1634 422 100422 9851 395
ntLink_5918 1634 50422 150422 9852 395
ntLink_5918 1634 100422 200422 9853 395
Backbone_132 1145 13077 113077 9854 395
Backbone_13306 903 490 100490 9855 395
Backbone_13309 946 878 100878 9856 395
Backbone_13317 799 809 100809 9857 395
Backbone_10238 866 2505 102505 9858 395
Backbone_10244 668 283 100283 9859 395
Backbone_10262 1202 1684 101684 9860 395
Backbone_10262 1202 51684 151684 9861 395
Backbone_10262 1202 101684 201684 9862 395
Backbone_10262 1202 151684 251684 9863 395
ntLink_5919 998 631 100631 9864 395
ntLink_5920 1045 4078 104078 9865 395
ntLink_5920 1045 54078 154078 9866 395
ntLink_5920 1045 104078 204078 9867 395
ntLink_5921 1603 2044 102044 9868 395
ntLink_5921 1603 52044 152044 9869 395
ntLink_5921 1603 102044 202044 9870 395
ntLink_5922 1582 849 100849 9871 395
ntLink_5922 1582 50849 150849 9872 395
ntLink_5922 1582 100849 200849 9873 395
ntLink_5922 1582 150849 250849 9874 395
ntLink_5924 1560 270 100270 9875 395
ntLink_5924 1560 50270 150270 9876 396
ntLink_5924 1560 100270 200270 9877 396
ntLink_5924 1560 150270 250270 9878 396
ntLink_5924 1560 200270 300270 9879 396
ntLink_5925 1155 16212 116212 9880 396
ntLink_5927 2021 357 100357 9881 396
ntLink_5927 2021 50357 150357 9882 396
ntLink_5927 2021 100357 200357 9883 396
ntLink_5927 2021 150357 250357 9884 396
ntLink_5927 2021 200357 300357 9885 396
ntLink_5927 2021 250357 350357 9886 396
ntLink_5928 737 601 100601 9887 396
ntLink_5929 501 11256 111256 9888 396
ntLink_5930 1271 3657 103657 9889 396
ntLink_5930 1271 53657 153657 9890 396
ntLink_5930 1271 103657 203657 9891 396
ntLink_5931 498 879 100879 9892 396
ntLink_5934 1102 952 100952 9893 396
ntLink_5934 1102 50952 150952 9894 396
ntLink_5936 1037 946 100946 9895 396
ntLink_5936 1037 50946 150946 9896 396
ntLink_5937 1128 25895 125895 9897 396
ntLink_5938 380 300 100300 9898 396
ntLink_5938 380 50300 150300 9899 396
ntLink_5938 380 100300 200300 9900 396
ntLink_5939 1596 13593 113593 9901 397
ntLink_5939 1596 63593 163593 9902 397
ntLink_5939 1596 113593 213593 9903 397
ntLink_5940 1482 428 100428 9904 397
ntLink_5940 1482 50428 150428 9905 397
ntLink_5940 1482 100428 200428 9906 397
ntLink_5943 689 3819 103819 9907 397
ntLink_5944 1037 823 100823 9908 397
ntLink_5944 1037 50823 150823 9909 397
ntLink_5944 1037 100823 200823 9910 397
ntLink_5945 1727 36712 136712 9911 397
ntLink_5945 1727 86712 186712 9912 397
ntLink_5945 1727 136712 236712 9913 397
ntLink_5945 1727 186712 286712 9914 397
ntLink_5945 1727 236712 336712 9915 397
ntLink_5945 1727 286712 386712 9916 397
ntLink_5945 1727 336712 436712 9917 397
ntLink_5945 1727 386712 486712 9918 397
ntLink_5948 1745 917 100917 9919 397
ntLink_5948 1745 50917 150917 9920 397
ntLink_5948 1745 100917 200917 9921 397
ntLink_5948 1745 150917 250917 9922 397
ntLink_5948 1745 200917 300917 9923 397
ntLink_5950 343 613 100613 9924 397
ntLink_5952 1080 351 100351 9925 397
ntLink_5954 971 13871 113871 9926 398
ntLink_5954 971 63871 163871 9927 398
ntLink_5956 2646 273 100273 9928 398
ntLink_5956 2646 50273 150273 9929 398
ntLink_5956 2646 100273 200273 9930 398
ntLink_5956 2646 150273 250273 9931 398
ntLink_5956 2646 200273 300273 9932 398
ntLink_5956 2646 250273 350273 9933 398
ntLink_5957 792 56 100056 9934 398
ntLink_5957 792 50056 150056 9935 398
ntLink_5958 1661 275 100275 9936 398
ntLink_5958 1661 50275 150275 9937 398
ntLink_5958 1661 100275 200275 9938 398
ntLink_595 280 280 100280 9939 398
ntLink_5960 1107 340 100340 9940 398
ntLink_5960 1107 50340 150340 9941 398
ntLink_5963 1240 2459 102459 9942 398
ntLink_5965 1208 102 100102 9943 398
ntLink_5965 1208 50102 150102 9944 398
ntLink_5965 1208 100102 200102 9945 398
ntLink_5965 1208 150102 250102 9946 398
ntLink_5967 1290 2002 102002 9947 398
ntLink_5967 1290 52002 152002 9948 398
ntLink_5969 967 418 100418 9949 398
ntLink_5969 967 50418 150418 9950 398
ntLink_596 896 398 100398 9951 399
ntLink_596 896 50398 150398 9952 399
ntLink_596 896 100398 200398 9953 399
ntLink_596 896 150398 250398 9954 399
ntLink_5970 920 23 100023 9955 399
ntLink_5971 266 24528 124528 9956 399
ntLink_5973 1168 12749 112749 9957 399
ntLink_5973 1168 62749 162749 9958 399
ntLink_5974 1186 789 100789 9959 399
ntLink_5974 1186 50789 150789 9960 399
ntLink_5974 1186 100789 200789 9961 399
ntLink_5977 668 127 100127 9962 399
ntLink_5978 632 225 100225 9963 399
ntLink_5979 542 190 100190 9964 399
ntLink_597 702 898 100898 9965 399
ntLink_597 702 50898 150898 9966 399
ntLink_5980 1556 320 100320 9967 399
ntLink_5980 1556 50320 150320 9968 399
ntLink_5981 1662 158 100158 9969 399
ntLink_5981 1662 50158 150158 9970 399
ntLink_5982 764 409 100409 9971 399
ntLink_5982 764 50409 150409 9972 399
ntLink_5983 916 205 100205 9973 399
ntLink_5983 916 50205 150205 9974 399
ntLink_5988 1159 8861 108861 9975 399
ntLink_5991 1946 380 100380 9976 400
ntLink_5991 1946 50380 150380 9977 400
ntLink_5991 1946 100380 200380 9978 400
ntLink_5991 1946 150380 250380 9979 400
ntLink_5991 1946 200380 300380 9980 400
ntLink_5992 1086 2035 102035 9981 400
ntLink_5992 1086 52035 152035 9982 400
ntLink_5993 919 548 100548 9983 400
ntLink_5995 733 2927 102927 9984 400
ntLink_5995 733 52927 152927 9985 400
ntLink_5997 876 2702 102702 9986 400
ntLink_5997 876 52702 152702 9987 400
ntLink_5998 2129 210 100210 9988 400
ntLink_5998 2129 50210 150210 9989 400
ntLink_5998 2129 100210 200210 9990 400
ntLink_5998 2129 150210 250210 9991 400
ntLink_5998 2129 200210 300210 9992 400
ntLink_5998 2129 250210 350210 9993 400
ntLink_5999 1286 617 100617 9994 400
ntLink_5999 1286 50617 150617 9995 400
ntLink_5999 1286 100617 200617 9996 400
ntLink_59 557 2567 102567 9997 400
ntLink_5 955 3915 103915 9998 400
ntLink_5 955 53915 153915 9999 400
ntLink_5 955 103915 203915 10000 400
ntLink_5 955 153915 253915 10001 401
ntLink_5 955 203915 303915 10002 401
ntLink_6002 1212 93 100093 10003 401
ntLink_6002 1212 50093 150093 10004 401
ntLink_6002 1212 100093 200093 10005 401
ntLink_6003 261 446 100446 10006 401
ntLink_6004 937 13286 113286 10007 401
ntLink_6004 937 63286 163286 10008 401
ntLink_6005 531 892 100892 10009 401
ntLink_6006 978 188 100188 10010 401
ntLink_6006 978 50188 150188 10011 401
ntLink_6007 1202 2642 102642 10012 401
ntLink_6007 1202 52642 152642 10013 401
ntLink_6007 1202 102642 202642 10014 401
ntLink_6009 779 300 100300 10015 401
ntLink_600 765 367 100367 10016 401
ntLink_6010 1838 342 100342 10017 401
ntLink_6010 1838 50342 150342 10018 401
ntLink_6010 1838 100342 200342 10019 401
ntLink_6010 1838 150342 250342 10020 401
ntLink_6010 1838 200342 300342 10021 401
ntLink_6010 1838 250342 350342 10022 401
ntLink_6010 1838 300342 400342 10023 401
ntLink_6011 1196 1163 101163 10024 401
ntLink_6011 1196 51163 151163 10025 401
ntLink_6011 1196 101163 201163 10026 402
ntLink_6011 1196 151163 251163 10027 402
ntLink_6012 941 495 100495 10028 402
ntLink_6012 941 50495 150495 10029 402
ntLink_6014 889 280 100280 10030 402
ntLink_6014 889 50280 150280 10031 402
ntLink_6015 789 421 100421 10032 402
ntLink_6016 1027 227 100227 10033 402
ntLink_6016 1027 50227 150227 10034 402
ntLink_6018 706 202 100202 10035 402
ntLink_6018 706 50202 150202 10036 402
ntLink_6018 706 100202 200202 10037 402
ntLink_601 1028 1877 101877 10038 402
ntLink_601 1028 51877 151877 10039 402
ntLink_601 1028 101877 201877 10040 402
ntLink_6020 2206 21278 121278 10041 402
ntLink_6020 2206 71278 171278 10042 402
ntLink_6020 2206 121278 221278 10043 402
ntLink_6020 2206 171278 271278 10044 402
ntLink_6020 2206 221278 321278 10045 402
ntLink_6022 795 245 100245 10046 402
ntLink_6024 696 2148 102148 10047 402
ntLink_6026 340 2136 102136 10048 402
ntLink_6027 407 1993 101993 10049 402
ntLink_6028 508 30756 130756 10050 402
ntLink_6028 508 80756 180756 10051 403
ntLink_6029 257 365 100365 10052 403
ntLink_6029 257 50365 150365 10053 403
ntLink_602 1653 5608 105608 10054 403
ntLink_602 1653 55608 155608 10055 403
ntLink_602 1653 105608 205608 10056 403
ntLink_6030 661 16056 116056 10057 403
ntLink_6030 661 66056 166056 10058 403
ntLink_6031 1006 1399 101399 10059 403
ntLink_6031 1006 51399 151399 10060 403
ntLink_6031 1006 101399 201399 10061 403
ntLink_6031 1006 151399 251399 10062 403
ntLink_6031 1006 201399 301399 10063 403
ntLink_6032 1333 701 100701 10064 403
ntLink_6032 1333 50701 150701 10065 403
ntLink_6032 1333 100701 200701 10066 403
ntLink_6032 1333 150701 250701 10067 403
ntLink_6033 434 4560 104560 10068 403
ntLink_6033 434 54560 154560 10069 403
ntLink_6033 434 104560 204560 10070 403
ntLink_6034 1044 3132 103132 10071 403
ntLink_6034 1044 53132 153132 10072 403
ntLink_6035 856 2521 102521 10073 403
ntLink_6035 856 52521 152521 10074 403
ntLink_6035 856 102521 202521 10075 403
ntLink_6036 1058 12759 112759 10076 404
ntLink_6036 1058 62759 162759 10077 404
ntLink_6036 1058 112759 212759 10078 404
ntLink_6037 958 10265 110265 10079 404
ntLink_6037 958 60265 160265 10080 404
ntLink_6038 477 335 100335 10081 404
ntLink_6039 816 3667 103667 10082 404
ntLink_6039 816 53667 153667 10083 404
ntLink_6041 904 286 100286 10084 404
ntLink_6042 1461 782 100782 10085 404
ntLink_6042 1461 50782 150782 10086 404
ntLink_6042 1461 100782 200782 10087 404
ntLink_6042 1461 150782 250782 10088 404
ntLink_6042 1461 200782 300782 10089 404
ntLink_6042 1461 250782 350782 10090 404
ntLink_6043 1176 216 100216 10091 404
ntLink_6043 1176 50216 150216 10092 404
ntLink_6043 1176 100216 200216 10093 404
ntLink_6045 567 444 100444 10094 404
ntLink_6047 1507 14777 114777 10095 404
ntLink_6047 1507 64777 164777 10096 404
ntLink_6048 2432 248 100248 10097 404
ntLink_6048 2432 50248 150248 10098 404
ntLink_6048 2432 100248 200248 10099 404
ntLink_6048 2432 150248 250248 10100 404
ntLink_6048 2432 200248 300248 10101 405
ntLink_6049 1441 6536 106536 10102 405
ntLink_6049 1441 56536 156536 10103 405
ntLink_604 1594 169 100169 10104 405
ntLink_604 1594 50169 150169 10105 405
ntLink_604 1594 100169 200169 10106 405
ntLink_6050 2533 88 100088 10107 405
ntLink_6050 2533 50088 150088 10108 405
ntLink_6050 2533 100088 200088 10109 405
ntLink_6050 2533 150088 250088 10110 405
ntLink_6050 2533 200088 300088 10111 405
ntLink_6051 685 4941 104941 10112 405
ntLink_6051 685 54941 154941 10113 405
ntLink_6055 1505 7231 107231 10114 405
ntLink_6055 1505 57231 157231 10115 405
ntLink_6055 1505 107231 207231 10116 405
ntLink_6056 758 7787 107787 10117 405
ntLink_6056 758 57787 157787 10118 405
ntLink_6057 503 18516 118516 10119 405
ntLink_6058 1516 331 100331 10120 405
ntLink_6058 1516 50331 150331 10121 405
ntLink_6060 1209 7708 107708 10122 405
ntLink_6060 1209 57708 157708 10123 405
ntLink_6060 1209 107708 207708 10124 405
ntLink_6061 1777 4353 104353 10125 405
ntLink_6061 1777 54353 154353 10126 406
ntLink_6061 1777 104353 204353 10127 406
ntLink_6062 1977 237 100237 10128 406
ntLink_6062 1977 50237 150237 10129 406
ntLink_6062 1977 100237 200237 10130 406
ntLink_6062 1977 150237 250237 10131 406
ntLink_6063 1857 629 100629 10132 406
ntLink_6063 1857 50629 150629 10133 406
ntLink_6063 1857 100629 200629 10134 406
ntLink_6063 1857 150629 250629 10135 406
ntLink_6063 1857 200629 300629 10136 406
ntLink_6063 1857 250629 350629 10137 406
ntLink_6064 566 102 100102 10138 406
ntLink_6065 3102 2170 102170 10139 406
ntLink_6065 3102 52170 152170 10140 406
ntLink_6065 3102 102170 202170 10141 406
ntLink_6065 3102 152170 252170 10142 406
ntLink_6065 3102 202170 302170 10143 406
ntLink_6065 3102 252170 352170 10144 406
ntLink_6065 3102 302170 402170 10145 406
ntLink_6065 3102 352170 452170 10146 406
ntLink_6066 839 192 100192 10147 406
ntLink_6066 839 50192 150192 10148 406
ntLink_6067 1999 10087 110087 10149 406
ntLink_6067 1999 60087 160087 10150 406
ntLink_6067 1999 110087 210087 10151 407
ntLink_6067 1999 160087 260087 10152 407
ntLink_6067 1999 210087 310087 10153 407
ntLink_6068 1300 5557 105557 10154 407
ntLink_6068 1300 55557 155557 10155 407
ntLink_6068 1300 105557 205557 10156 407
ntLink_6068 1300 155557 255557 10157 407
ntLink_6069 2442 78 100078 10158 407
ntLink_6069 2442 50078 150078 10159 407
ntLink_6069 2442 100078 200078 10160 407
ntLink_6069 2442 150078 250078 10161 407
ntLink_6069 2442 200078 300078 10162 407
ntLink_6069 2442 250078 350078 10163 407
ntLink_6070 2859 14302 114302 10164 407
ntLink_6070 2859 64302 164302 10165 407
ntLink_6070 2859 114302 214302 10166 407
ntLink_6070 2859 164302 264302 10167 407
ntLink_6070 2859 214302 314302 10168 407
ntLink_6070 2859 264302 364302 10169 407
ntLink_6070 2859 314302 414302 10170 407
ntLink_6070 2859 364302 464302 10171 407
ntLink_6071 1652 324 100324 10172 407
ntLink_6071 1652 50324 150324 10173 407
ntLink_6071 1652 100324 200324 10174 407
ntLink_6071 1652 150324 250324 10175 407
ntLink_6071 1652 200324 300324 10176 408
ntLink_6073 6092 231 100231 10177 408
ntLink_6073 6092 50231 150231 10178 408
ntLink_6073 6092 100231 200231 10179 408
ntLink_6073 6092 150231 250231 10180 408
ntLink_6073 6092 200231 300231 10181 408
ntLink_6073 6092 250231 350231 10182 408
ntLink_6073 6092 300231 400231 10183 408
ntLink_6073 6092 350231 450231 10184 408
ntLink_6073 6092 400231 500231 10185 408
ntLink_6073 6092 450231 550231 10186 408
ntLink_6073 6092 500231 600231 10187 408
ntLink_6073 6092 550231 650231 10188 408
ntLink_6073 6092 600231 700231 10189 408
ntLink_6073 6092 650231 750231 10190 408
ntLink_6073 6092 700231 800231 10191 408
ntLink_6073 6092 750231 850231 10192 408
ntLink_6073 6092 800231 900231 10193 408
ntLink_6073 6092 850231 950231 10194 408
ntLink_6073 6092 900231 1000231 10195 408
ntLink_6074 605 4467 104467 10196 408
ntLink_6074 605 54467 154467 10197 408
ntLink_6074 605 104467 204467 10198 408
ntLink_6075 1616 1885 101885 10199 408
ntLink_6075 1616 51885 151885 10200 408
ntLink_6075 1616 101885 201885 10201 409
ntLink_6075 1616 151885 251885 10202 409
ntLink_6076 942 4708 104708 10203 409
ntLink_6076 942 54708 154708 10204 409
ntLink_6077 4101 273 100273 10205 409
ntLink_6077 4101 50273 150273 10206 409
ntLink_6077 4101 100273 200273 10207 409
ntLink_6077 4101 150273 250273 10208 409
ntLink_6077 4101 200273 300273 10209 409
ntLink_6077 4101 250273 350273 10210 409
ntLink_6077 4101 300273 400273 10211 409
ntLink_6077 4101 350273 450273 10212 409
ntLink_6077 4101 400273 500273 10213 409
ntLink_6077 4101 450273 550273 10214 409
ntLink_6079 695 3646 103646 10215 409
ntLink_6079 695 53646 153646 10216 409
ntLink_6081 1650 636 100636 10217 409
ntLink_6081 1650 50636 150636 10218 409
ntLink_6081 1650 100636 200636 10219 409
ntLink_6081 1650 150636 250636 10220 409
ntLink_6081 1650 200636 300636 10221 409
ntLink_6081 1650 250636 350636 10222 409
ntLink_6081 1650 300636 400636 10223 409
ntLink_6081 1650 350636 450636 10224 409
ntLink_6081 1650 400636 500636 10225 409
ntLink_6081 1650 450636 550636 10226 410
ntLink_6083 1539 339 100339 10227 410
ntLink_6083 1539 50339 150339 10228 410
ntLink_6083 1539 100339 200339 10229 410
ntLink_6084 932 268 100268 10230 410
ntLink_6084 932 50268 150268 10231 410
ntLink_6087 1994 2384 102384 10232 410
ntLink_6087 1994 52384 152384 10233 410
ntLink_6087 1994 102384 202384 10234 410
ntLink_6087 1994 152384 252384 10235 410
ntLink_6088 1892 7219 107219 10236 410
ntLink_6088 1892 57219 157219 10237 410
ntLink_6088 1892 107219 207219 10238 410
ntLink_6088 1892 157219 257219 10239 410
ntLink_6089 3018 8913 108913 10240 410
ntLink_6089 3018 58913 158913 10241 410
ntLink_6089 3018 108913 208913 10242 410
ntLink_6089 3018 158913 258913 10243 410
ntLink_6089 3018 208913 308913 10244 410
ntLink_6089 3018 258913 358913 10245 410
ntLink_6089 3018 308913 408913 10246 410
ntLink_6089 3018 358913 458913 10247 410
ntLink_6090 6978 438 100438 10248 410
ntLink_6090 6978 50438 150438 10249 410
ntLink_6090 6978 100438 200438 10250 410
ntLink_6090 6978 150438 250438 10251 411
ntLink_6090 6978 200438 300438 10252 411
ntLink_6090 6978 250438 350438 10253 411
ntLink_6090 6978 300438 400438 10254 411
ntLink_6090 6978 350438 450438 10255 411
ntLink_6090 6978 400438 500438 10256 411
ntLink_6090 6978 450438 550438 10257 411
ntLink_6090 6978 500438 600438 10258 411
ntLink_6090 6978 550438 650438 10259 411
ntLink_6090 6978 600438 700438 10260 411
ntLink_6090 6978 650438 750438 10261 411
ntLink_6090 6978 700438 800438 10262 411
ntLink_6090 6978 750438 850438 10263 411
ntLink_6090 6978 800438 900438 10264 411
ntLink_6091 1467 5551 105551 10265 411
ntLink_6091 1467 55551 155551 10266 411
ntLink_6091 1467 105551 205551 10267 411
ntLink_6092 1136 646 100646 10268 411
ntLink_6092 1136 50646 150646 10269 411
ntLink_6095 239 167 100167 10270 411
ntLink_6095 239 50167 150167 10271 411
ntLink_6096 355 1890 101890 10272 411
ntLink_6097 2897 9856 109856 10273 411
ntLink_6097 2897 59856 159856 10274 411
ntLink_6097 2897 109856 209856 10275 411
ntLink_6097 2897 159856 259856 10276 412
ntLink_6097 2897 209856 309856 10277 412
ntLink_6097 2897 259856 359856 10278 412
ntLink_6097 2897 309856 409856 10279 412
ntLink_6097 2897 359856 459856 10280 412
ntLink_6097 2897 409856 509856 10281 412
ntLink_6097 2897 459856 559856 10282 412
ntLink_6097 2897 509856 609856 10283 412
ntLink_6098 2441 1870 101870 10284 412
ntLink_6098 2441 51870 151870 10285 412
ntLink_6098 2441 101870 201870 10286 412
ntLink_6098 2441 151870 251870 10287 412
ntLink_6098 2441 201870 301870 10288 412
ntLink_6098 2441 251870 351870 10289 412
ntLink_6099 2067 894 100894 10290 412
ntLink_6099 2067 50894 150894 10291 412
ntLink_6099 2067 100894 200894 10292 412
ntLink_6099 2067 150894 250894 10293 412
ntLink_6099 2067 200894 300894 10294 412
ntLink_6099 2067 250894 350894 10295 412
ntLink_6099 2067 300894 400894 10296 412
ntLink_609 952 257 100257 10297 412
ntLink_6100 3471 3497 103497 10298 412
ntLink_6100 3471 53497 153497 10299 412
ntLink_6100 3471 103497 203497 10300 412
ntLink_6100 3471 153497 253497 10301 413
ntLink_6100 3471 203497 303497 10302 413
ntLink_6100 3471 253497 353497 10303 413
ntLink_6100 3471 303497 403497 10304 413
ntLink_6100 3471 353497 453497 10305 413
ntLink_6101 3238 360 100360 10306 413
ntLink_6101 3238 50360 150360 10307 413
ntLink_6101 3238 100360 200360 10308 413
ntLink_6101 3238 150360 250360 10309 413
ntLink_6101 3238 200360 300360 10310 413
ntLink_6101 3238 250360 350360 10311 413
ntLink_6101 3238 300360 400360 10312 413
ntLink_6101 3238 350360 450360 10313 413
ntLink_6101 3238 400360 500360 10314 413
ntLink_6102 1418 3769 103769 10315 413
ntLink_6102 1418 53769 153769 10316 413
ntLink_6102 1418 103769 203769 10317 413
ntLink_6102 1418 153769 253769 10318 413
ntLink_6102 1418 203769 303769 10319 413
ntLink_6104 1923 1230 101230 10320 413
ntLink_6104 1923 51230 151230 10321 413
ntLink_6104 1923 101230 201230 10322 413
ntLink_6104 1923 151230 251230 10323 413
ntLink_6104 1923 201230 301230 10324 413
ntLink_6106 3020 564 100564 10325 413
ntLink_6106 3020 50564 150564 10326 414
ntLink_6106 3020 100564 200564 10327 414
ntLink_6106 3020 150564 250564 10328 414
ntLink_6106 3020 200564 300564 10329 414
ntLink_6106 3020 250564 350564 10330 414
ntLink_6106 3020 300564 400564 10331 414
ntLink_6106 3020 350564 450564 10332 414
ntLink_6107 1567 3480 103480 10333 414
ntLink_6107 1567 53480 153480 10334 414
ntLink_6107 1567 103480 203480 10335 414
ntLink_6108 1286 299 100299 10336 414
ntLink_6108 1286 50299 150299 10337 414
ntLink_6108 1286 100299 200299 10338 414
ntLink_6108 1286 150299 250299 10339 414
ntLink_6109 3504 1005 101005 10340 414
ntLink_6109 3504 51005 151005 10341 414
ntLink_6109 3504 101005 201005 10342 414
ntLink_6109 3504 151005 251005 10343 414
ntLink_6109 3504 201005 301005 10344 414
ntLink_6109 3504 251005 351005 10345 414
ntLink_6109 3504 301005 401005 10346 414
ntLink_6109 3504 351005 451005 10347 414
ntLink_610 1960 2466 102466 10348 414
ntLink_610 1960 52466 152466 10349 414
ntLink_610 1960 102466 202466 10350 414
ntLink_6111 2419 513 100513 10351 415
ntLink_6111 2419 50513 150513 10352 415
ntLink_6111 2419 100513 200513 10353 415
ntLink_6111 2419 150513 250513 10354 415
ntLink_6111 2419 200513 300513 10355 415
ntLink_6111 2419 250513 350513 10356 415
ntLink_6112 911 2365 102365 10357 415
ntLink_6112 911 52365 152365 10358 415
ntLink_6112 911 102365 202365 10359 415
ntLink_6112 911 152365 252365 10360 415
ntLink_6113 927 99 100099 10361 415
ntLink_6113 927 50099 150099 10362 415
ntLink_6113 927 100099 200099 10363 415
ntLink_6114 3458 7778 107778 10364 415
ntLink_6114 3458 57778 157778 10365 415
ntLink_6114 3458 107778 207778 10366 415
ntLink_6114 3458 157778 257778 10367 415
ntLink_6114 3458 207778 307778 10368 415
ntLink_6114 3458 257778 357778 10369 415
ntLink_6114 3458 307778 407778 10370 415
ntLink_6114 3458 357778 457778 10371 415
ntLink_6114 3458 407778 507778 10372 415
ntLink_6114 3458 457778 557778 10373 415
ntLink_6114 3458 507778 607778 10374 415
ntLink_6115 1542 8785 108785 10375 415
ntLink_6115 1542 58785 158785 10376 416
ntLink_6116 2332 367 100367 10377 416
ntLink_6116 2332 50367 150367 10378 416
ntLink_6116 2332 100367 200367 10379 416
ntLink_6116 2332 150367 250367 10380 416
ntLink_6116 2332 200367 300367 10381 416
ntLink_6116 2332 250367 350367 10382 416
ntLink_6117 493 427 100427 10383 416
ntLink_6118 3247 17921 117921 10384 416
ntLink_6118 3247 67921 167921 10385 416
ntLink_6118 3247 117921 217921 10386 416
ntLink_6118 3247 167921 267921 10387 416
ntLink_6118 3247 217921 317921 10388 416
ntLink_6118 3247 267921 367921 10389 416
ntLink_6118 3247 317921 417921 10390 416
ntLink_6118 3247 367921 467921 10391 416
ntLink_6118 3247 417921 517921 10392 416
ntLink_6119 3065 417 100417 10393 416
ntLink_6119 3065 50417 150417 10394 416
ntLink_6119 3065 100417 200417 10395 416
ntLink_6119 3065 150417 250417 10396 416
ntLink_6119 3065 200417 300417 10397 416
ntLink_6119 3065 250417 350417 10398 416
ntLink_6119 3065 300417 400417 10399 416
ntLink_611 376 193 100193 10400 416
ntLink_6120 2581 1030 101030 10401 417
ntLink_6120 2581 51030 151030 10402 417
ntLink_6120 2581 101030 201030 10403 417
ntLink_6120 2581 151030 251030 10404 417
ntLink_6120 2581 201030 301030 10405 417
ntLink_6120 2581 251030 351030 10406 417
ntLink_6120 2581 301030 401030 10407 417
ntLink_6120 2581 351030 451030 10408 417
ntLink_6121 1270 521 100521 10409 417
ntLink_6121 1270 50521 150521 10410 417
ntLink_6121 1270 100521 200521 10411 417
ntLink_6122 1566 920 100920 10412 417
ntLink_6122 1566 50920 150920 10413 417
ntLink_6122 1566 100920 200920 10414 417
ntLink_6123 961 5365 105365 10415 417
ntLink_6123 961 55365 155365 10416 417
ntLink_6123 961 105365 205365 10417 417
ntLink_6123 961 155365 255365 10418 417
ntLink_6124 1303 2398 102398 10419 417
ntLink_6124 1303 52398 152398 10420 417
ntLink_6124 1303 102398 202398 10421 417
ntLink_6125 761 2286 102286 10422 417
ntLink_6126 829 16421 116421 10423 417
ntLink_6126 829 66421 166421 10424 417
ntLink_6126 829 116421 216421 10425 417
ntLink_6126 829 166421 266421 10426 418
ntLink_6127 721 330 100330 10427 418
ntLink_6128 1107 925 100925 10428 418
ntLink_6128 1107 50925 150925 10429 418
ntLink_6128 1107 100925 200925 10430 418
ntLink_6128 1107 150925 250925 10431 418
ntLink_612 1472 931 100931 10432 418
ntLink_612 1472 50931 150931 10433 418
ntLink_612 1472 100931 200931 10434 418
ntLink_612 1472 150931 250931 10435 418
ntLink_6131 475 5475 105475 10436 418
ntLink_6132 2133 1057 101057 10437 418
ntLink_6132 2133 51057 151057 10438 418
ntLink_6132 2133 101057 201057 10439 418
ntLink_6132 2133 151057 251057 10440 418
ntLink_6134 940 866 100866 10441 418
ntLink_6134 940 50866 150866 10442 418
ntLink_6134 940 100866 200866 10443 418
ntLink_6135 861 6554 106554 10444 418
ntLink_6135 861 56554 156554 10445 418
ntLink_6135 861 106554 206554 10446 418
ntLink_6135 861 156554 256554 10447 418
ntLink_6136 2885 76 100076 10448 418
ntLink_6136 2885 50076 150076 10449 418
ntLink_6136 2885 100076 200076 10450 418
ntLink_6136 2885 150076 250076 10451 419
ntLink_6136 2885 200076 300076 10452 419
ntLink_6136 2885 250076 350076 10453 419
ntLink_6136 2885 300076 400076 10454 419
ntLink_6136 2885 350076 450076 10455 419
ntLink_6137 420 1223 101223 10456 419
ntLink_6139 1298 447 100447 10457 419
ntLink_6139 1298 50447 150447 10458 419
ntLink_6139 1298 100447 200447 10459 419
ntLink_6140 2119 310 100310 10460 419
ntLink_6140 2119 50310 150310 10461 419
ntLink_6140 2119 100310 200310 10462 419
ntLink_6140 2119 150310 250310 10463 419
ntLink_6142 1079 1636 101636 10464 419
ntLink_6143 817 145 100145 10465 419
ntLink_6143 817 50145 150145 10466 419
ntLink_6143 817 100145 200145 10467 419
ntLink_6143 817 150145 250145 10468 419
ntLink_6143 817 200145 300145 10469 419
ntLink_6144 2262 146 100146 10470 419
ntLink_6144 2262 50146 150146 10471 419
ntLink_6144 2262 100146 200146 10472 419
ntLink_6144 2262 150146 250146 10473 419
ntLink_6147 1529 307 100307 10474 419
ntLink_6147 1529 50307 150307 10475 419
ntLink_6147 1529 100307 200307 10476 420
ntLink_6147 1529 150307 250307 10477 420
ntLink_6148 1154 181 100181 10478 420
ntLink_6148 1154 50181 150181 10479 420
ntLink_6148 1154 100181 200181 10480 420
ntLink_6149 1710 624 100624 10481 420
ntLink_6149 1710 50624 150624 10482 420
ntLink_6149 1710 100624 200624 10483 420
ntLink_6149 1710 150624 250624 10484 420
ntLink_6150 1827 571 100571 10485 420
ntLink_6150 1827 50571 150571 10486 420
ntLink_6150 1827 100571 200571 10487 420
ntLink_6150 1827 150571 250571 10488 420
ntLink_6151 2166 628 100628 10489 420
ntLink_6151 2166 50628 150628 10490 420
ntLink_6151 2166 100628 200628 10491 420
ntLink_6151 2166 150628 250628 10492 420
ntLink_6151 2166 200628 300628 10493 420
ntLink_6151 2166 250628 350628 10494 420
ntLink_6154 1145 470 100470 10495 420
ntLink_6154 1145 50470 150470 10496 420
ntLink_6155 634 8097 108097 10497 420
ntLink_6155 634 58097 158097 10498 420
ntLink_6156 552 212 100212 10499 420
ntLink_6157 642 64544 164544 10500 420
ntLink_6159 2501 916 100916 10501 421
ntLink_6159 2501 50916 150916 10502 421
ntLink_6159 2501 100916 200916 10503 421
ntLink_6159 2501 150916 250916 10504 421
ntLink_6159 2501 200916 300916 10505 421
ntLink_6159 2501 250916 350916 10506 421
ntLink_6159 2501 300916 400916 10507 421
ntLink_6160 1681 10314 110314 10508 421
ntLink_6160 1681 60314 160314 10509 421
ntLink_6160 1681 110314 210314 10510 421
ntLink_6160 1681 160314 260314 10511 421
ntLink_6160 1681 210314 310314 10512 421
ntLink_6161 1558 1767 101767 10513 421
ntLink_6161 1558 51767 151767 10514 421
ntLink_6161 1558 101767 201767 10515 421
ntLink_6162 2353 1196 101196 10516 421
ntLink_6162 2353 51196 151196 10517 421
ntLink_6162 2353 101196 201196 10518 421
ntLink_6162 2353 151196 251196 10519 421
ntLink_6162 2353 201196 301196 10520 421
ntLink_6162 2353 251196 351196 10521 421
ntLink_6163 1605 6181 106181 10522 421
ntLink_6163 1605 56181 156181 10523 421
ntLink_6163 1605 106181 206181 10524 421
ntLink_6164 560 1365 101365 10525 421
ntLink_6165 1348 840 100840 10526 422
ntLink_6165 1348 50840 150840 10527 422
ntLink_6165 1348 100840 200840 10528 422
ntLink_6166 1582 466 100466 10529 422
ntLink_6166 1582 50466 150466 10530 422
ntLink_6166 1582 100466 200466 10531 422
ntLink_6166 1582 150466 250466 10532 422
ntLink_6169 1702 512 100512 10533 422
ntLink_6169 1702 50512 150512 10534 422
ntLink_6169 1702 100512 200512 10535 422
ntLink_6169 1702 150512 250512 10536 422
ntLink_6169 1702 200512 300512 10537 422
ntLink_6169 1702 250512 350512 10538 422
ntLink_6170 760 256 100256 10539 422
ntLink_6171 1101 709 100709 10540 422
ntLink_6171 1101 50709 150709 10541 422
ntLink_6171 1101 100709 200709 10542 422
ntLink_6173 589 2258 102258 10543 422
ntLink_6175 1282 3385 103385 10544 422
ntLink_6175 1282 53385 153385 10545 422
ntLink_6176 340 1005 101005 10546 422
ntLink_6179 1113 194 100194 10547 422
ntLink_6179 1113 50194 150194 10548 422
ntLink_617 1607 1519 101519 10549 422
ntLink_617 1607 51519 151519 10550 422
ntLink_617 1607 101519 201519 10551 423
ntLink_617 1607 151519 251519 10552 423
ntLink_617 1607 201519 301519 10553 423
ntLink_6180 929 3787 103787 10554 423
ntLink_6180 929 53787 153787 10555 423
ntLink_6181 1949 281 100281 10556 423
ntLink_6181 1949 50281 150281 10557 423
ntLink_6181 1949 100281 200281 10558 423
ntLink_6181 1949 150281 250281 10559 423
ntLink_6181 1949 200281 300281 10560 423
ntLink_6181 1949 250281 350281 10561 423
ntLink_6182 1377 86 100086 10562 423
ntLink_6182 1377 50086 150086 10563 423
ntLink_6182 1377 100086 200086 10564 423
ntLink_6183 802 1604 101604 10565 423
ntLink_6183 802 51604 151604 10566 423
ntLink_6185 1156 221 100221 10567 423
ntLink_6185 1156 50221 150221 10568 423
ntLink_6186 3622 384 100384 10569 423
ntLink_6186 3622 50384 150384 10570 423
ntLink_6186 3622 100384 200384 10571 423
ntLink_6186 3622 150384 250384 10572 423
ntLink_6186 3622 200384 300384 10573 423
ntLink_6186 3622 250384 350384 10574 423
ntLink_6186 3622 300384 400384 10575 423
ntLink_6186 3622 350384 450384 10576 424
ntLink_6186 3622 400384 500384 10577 424
ntLink_6186 3622 450384 550384 10578 424
ntLink_6186 3622 500384 600384 10579 424
ntLink_618 660 228 100228 10580 424
ntLink_618 660 50228 150228 10581 424
ntLink_6193 2170 3873 103873 10582 424
ntLink_6193 2170 53873 153873 10583 424
ntLink_6193 2170 103873 203873 10584 424
ntLink_6193 2170 153873 253873 10585 424
ntLink_6193 2170 203873 303873 10586 424
ntLink_6194 2062 67 100067 10587 424
ntLink_6194 2062 50067 150067 10588 424
ntLink_6194 2062 100067 200067 10589 424
ntLink_6194 2062 150067 250067 10590 424
ntLink_6196 1582 303 100303 10591 424
ntLink_6196 1582 50303 150303 10592 424
ntLink_6196 1582 100303 200303 10593 424
ntLink_6197 858 143 100143 10594 424
ntLink_6198 460 6912 106912 10595 424
ntLink_6199 1585 391 100391 10596 424
ntLink_6199 1585 50391 150391 10597 424
ntLink_6199 1585 100391 200391 10598 424
ntLink_6199 1585 150391 250391 10599 424
ntLink_619 885 132 100132 10600 424
ntLink_6201 1807 616 100616 10601 425
ntLink_6201 1807 50616 150616 10602 425
ntLink_6201 1807 100616 200616 10603 425
ntLink_6201 1807 150616 250616 10604 425
ntLink_6206 764 2502 102502 10605 425
ntLink_6207 951 41 100041 10606 425
ntLink_6207 951 50041 150041 10607 425
ntLink_6208 738 1266 101266 10608 425
ntLink_6209 761 996 100996 10609 425
ntLink_6209 761 50996 150996 10610 425
ntLink_620 689 310 100310 10611 425
ntLink_6210 718 217 100217 10612 425
ntLink_6211 1051 5536 105536 10613 425
ntLink_6211 1051 55536 155536 10614 425
ntLink_6212 648 5516 105516 10615 425
ntLink_6212 648 55516 155516 10616 425
ntLink_6213 743 54 100054 10617 425
ntLink_6213 743 50054 150054 10618 425
ntLink_6214 1191 311 100311 10619 425
ntLink_6214 1191 50311 150311 10620 425
ntLink_6214 1191 100311 200311 10621 425
ntLink_6214 1191 150311 250311 10622 425
ntLink_6214 1191 200311 300311 10623 425
ntLink_6217 302 944 100944 10624 425
ntLink_6218 791 37120 137120 10625 425
ntLink_6218 791 87120 187120 10626 426
Backbone_13337 1317 176 100176 10627 426
Backbone_13337 1317 50176 150176 10628 426
Backbone_13342 895 439 100439 10629 426
Backbone_13349 500 516 100516 10630 426
Backbone_13361 1119 761 100761 10631 426
Backbone_13361 1119 50761 150761 10632 426
Backbone_13367 2351 6693 106693 10633 426
Backbone_13367 2351 56693 156693 10634 426
Backbone_13367 2351 106693 206693 10635 426
Backbone_13367 2351 156693 256693 10636 426
Backbone_13378 833 5948 105948 10637 426
Backbone_13378 833 55948 155948 10638 426
Backbone_13382 2499 107 100107 10639 426
Backbone_13382 2499 50107 150107 10640 426
Backbone_13382 2499 100107 200107 10641 426
Backbone_13382 2499 150107 250107 10642 426
Backbone_13382 2499 200107 300107 10643 426
Backbone_13385 955 2593 102593 10644 426
Backbone_13385 955 52593 152593 10645 426
ntLink_6220 828 396 100396 10646 426
ntLink_6224 1517 540 100540 10647 426
ntLink_6224 1517 50540 150540 10648 426
ntLink_6224 1517 100540 200540 10649 426
ntLink_6225 1007 287 100287 10650 426
ntLink_6225 1007 50287 150287 10651 427
ntLink_6227 586 5755 105755 10652 427
ntLink_6228 1440 317 100317 10653 427
ntLink_6228 1440 50317 150317 10654 427
ntLink_6228 1440 100317 200317 10655 427
ntLink_6228 1440 150317 250317 10656 427
ntLink_6228 1440 200317 300317 10657 427
ntLink_6232 803 437 100437 10658 427
ntLink_6234 567 7809 107809 10659 427
ntLink_6236 2988 790 100790 10660 427
ntLink_6236 2988 50790 150790 10661 427
ntLink_6236 2988 100790 200790 10662 427
ntLink_6236 2988 150790 250790 10663 427
ntLink_6236 2988 200790 300790 10664 427
ntLink_6236 2988 250790 350790 10665 427
ntLink_6236 2988 300790 400790 10666 427
ntLink_6238 857 2787 102787 10667 427
ntLink_6238 857 52787 152787 10668 427
ntLink_6238 857 102787 202787 10669 427
ntLink_623 2531 10066 110066 10670 427
ntLink_623 2531 60066 160066 10671 427
ntLink_623 2531 110066 210066 10672 427
ntLink_623 2531 160066 260066 10673 427
ntLink_623 2531 210066 310066 10674 427
ntLink_6240 4072 2584 102584 10675 427
ntLink_6240 4072 52584 152584 10676 428
ntLink_6240 4072 102584 202584 10677 428
ntLink_6240 4072 152584 252584 10678 428
ntLink_6240 4072 202584 302584 10679 428
ntLink_6240 4072 252584 352584 10680 428
ntLink_6240 4072 302584 402584 10681 428
ntLink_6240 4072 352584 452584 10682 428
ntLink_6240 4072 402584 502584 10683 428
ntLink_6240 4072 452584 552584 10684 428
ntLink_6241 2823 379 100379 10685 428
ntLink_6241 2823 50379 150379 10686 428
ntLink_6241 2823 100379 200379 10687 428
ntLink_6241 2823 150379 250379 10688 428
ntLink_6241 2823 200379 300379 10689 428
ntLink_6241 2823 250379 350379 10690 428
ntLink_6241 2823 300379 400379 10691 428
ntLink_6242 2313 1583 101583 10692 428
ntLink_6242 2313 51583 151583 10693 428
ntLink_6242 2313 101583 201583 10694 428
ntLink_6242 2313 151583 251583 10695 428
ntLink_6242 2313 201583 301583 10696 428
ntLink_6242 2313 251583 351583 10697 428
ntLink_6242 2313 301583 401583 10698 428
ntLink_6244 913 845 100845 10699 428
ntLink_6244 913 50845 150845 10700 428
ntLink_6246 1016 257 100257 10701 429
ntLink_6246 1016 50257 150257 10702 429
ntLink_6247 921 1040 101040 10703 429
ntLink_6247 921 51040 151040 10704 429
ntLink_6248 1265 272 100272 10705 429
ntLink_6248 1265 50272 150272 10706 429
ntLink_6249 866 157 100157 10707 429
ntLink_6249 866 50157 150157 10708 429
ntLink_624 695 8236 108236 10709 429
ntLink_6250 218 7741 107741 10710 429
ntLink_6251 1097 5020 105020 10711 429
ntLink_6251 1097 55020 155020 10712 429
ntLink_6252 760 392 100392 10713 429
ntLink_6253 546 371 100371 10714 429
ntLink_6255 721 322 100322 10715 429
ntLink_6255 721 50322 150322 10716 429
ntLink_6257 658 491 100491 10717 429
ntLink_6258 383 5581 105581 10718 429
ntLink_6259 708 634 100634 10719 429
ntLink_625 891 573 100573 10720 429
ntLink_6262 2068 512 100512 10721 429
ntLink_6262 2068 50512 150512 10722 429
ntLink_6262 2068 100512 200512 10723 429
ntLink_6262 2068 150512 250512 10724 429
ntLink_6262 2068 200512 300512 10725 429
ntLink_6263 1962 342 100342 10726 430
ntLink_6263 1962 50342 150342 10727 430
ntLink_6263 1962 100342 200342 10728 430
ntLink_6265 1772 1207 101207 10729 430
ntLink_6265 1772 51207 151207 10730 430
ntLink_6265 1772 101207 201207 10731 430
ntLink_6265 1772 151207 251207 10732 430
ntLink_6266 892 245 100245 10733 430
ntLink_6269 675 10464 110464 10734 430
ntLink_6269 675 60464 160464 10735 430
ntLink_626 2116 3137 103137 10736 430
ntLink_626 2116 53137 153137 10737 430
ntLink_626 2116 103137 203137 10738 430
ntLink_626 2116 153137 253137 10739 430
ntLink_626 2116 203137 303137 10740 430
ntLink_6271 1699 3841 103841 10741 430
ntLink_6271 1699 53841 153841 10742 430
ntLink_6271 1699 103841 203841 10743 430
ntLink_6273 1005 741 100741 10744 430
ntLink_6273 1005 50741 150741 10745 430
ntLink_6273 1005 100741 200741 10746 430
ntLink_6273 1005 150741 250741 10747 430
ntLink_6275 484 176 100176 10748 430
ntLink_6278 2299 3775 103775 10749 430
ntLink_6278 2299 53775 153775 10750 430
ntLink_6278 2299 103775 203775 10751 431
ntLink_6278 2299 153775 253775 10752 431
ntLink_6278 2299 203775 303775 10753 431
ntLink_6279 3271 3853 103853 10754 431
ntLink_6279 3271 53853 153853 10755 431
ntLink_6279 3271 103853 203853 10756 431
ntLink_6279 3271 153853 253853 10757 431
ntLink_6279 3271 203853 303853 10758 431
ntLink_6279 3271 253853 353853 10759 431
ntLink_6279 3271 303853 403853 10760 431
ntLink_6279 3271 353853 453853 10761 431
ntLink_6282 2265 395 100395 10762 431
ntLink_6282 2265 50395 150395 10763 431
ntLink_6282 2265 100395 200395 10764 431
ntLink_6282 2265 150395 250395 10765 431
ntLink_6282 2265 200395 300395 10766 431
ntLink_6282 2265 250395 350395 10767 431
ntLink_6283 635 1970 101970 10768 431
ntLink_6284 1168 922 100922 10769 431
ntLink_6284 1168 50922 150922 10770 431
ntLink_6284 1168 100922 200922 10771 431
ntLink_6284 1168 150922 250922 10772 431
ntLink_6285 431 286 100286 10773 431
ntLink_6286 868 226 100226 10774 431
ntLink_6287 1294 7733 107733 10775 431
ntLink_6287 1294 57733 157733 10776 432
ntLink_6289 809 36980 136980 10777 432
ntLink_6292 1368 124 100124 10778 432
ntLink_6292 1368 50124 150124 10779 432
ntLink_6292 1368 100124 200124 10780 432
ntLink_6293 847 10068 110068 10781 432
ntLink_6294 2120 1843 101843 10782 432
ntLink_6294 2120 51843 151843 10783 432
ntLink_6294 2120 101843 201843 10784 432
ntLink_6294 2120 151843 251843 10785 432
ntLink_6297 530 588 100588 10786 432
ntLink_6298 1564 11588 111588 10787 432
ntLink_6298 1564 61588 161588 10788 432
ntLink_6298 1564 111588 211588 10789 432
ntLink_629 830 207 100207 10790 432
ntLink_62 742 473 100473 10791 432
ntLink_62 742 50473 150473 10792 432
ntLink_6301 1156 359 100359 10793 432
ntLink_6301 1156 50359 150359 10794 432
ntLink_6301 1156 100359 200359 10795 432
ntLink_6301 1156 150359 250359 10796 432
ntLink_6301 1156 200359 300359 10797 432
ntLink_6302 1308 16287 116287 10798 432
ntLink_6302 1308 66287 166287 10799 432
ntLink_6302 1308 116287 216287 10800 432
ntLink_6302 1308 166287 266287 10801 433
ntLink_6302 1308 216287 316287 10802 433
ntLink_6304 1670 242 100242 10803 433
ntLink_6304 1670 50242 150242 10804 433
ntLink_6306 1215 4986 104986 10805 433
ntLink_6306 1215 54986 154986 10806 433
ntLink_6307 1244 3340 103340 10807 433
ntLink_6307 1244 53340 153340 10808 433
ntLink_6307 1244 103340 203340 10809 433
ntLink_6307 1244 153340 253340 10810 433
ntLink_6308 1113 278 100278 10811 433
ntLink_6308 1113 50278 150278 10812 433
ntLink_630 614 8284 108284 10813 433
ntLink_630 614 58284 158284 10814 433
ntLink_6310 1226 1782 101782 10815 433
ntLink_6310 1226 51782 151782 10816 433
ntLink_6310 1226 101782 201782 10817 433
ntLink_6313 1760 24220 124220 10818 433
ntLink_6313 1760 74220 174220 10819 433
ntLink_6313 1760 124220 224220 10820 433
ntLink_6313 1760 174220 274220 10821 433
ntLink_6313 1760 224220 324220 10822 433
ntLink_6313 1760 274220 374220 10823 433
ntLink_6314 1058 255 100255 10824 433
ntLink_6315 910 1265 101265 10825 433
ntLink_6315 910 51265 151265 10826 434
ntLink_6316 861 6479 106479 10827 434
ntLink_6319 173 4025 104025 10828 434
ntLink_6319 173 54025 154025 10829 434
ntLink_631 1111 170 100170 10830 434
ntLink_631 1111 50170 150170 10831 434
ntLink_631 1111 100170 200170 10832 434
ntLink_6320 1585 229 100229 10833 434
ntLink_6320 1585 50229 150229 10834 434
ntLink_6320 1585 100229 200229 10835 434
ntLink_6320 1585 150229 250229 10836 434
ntLink_6321 1497 1631 101631 10837 434
ntLink_6321 1497 51631 151631 10838 434
ntLink_6321 1497 101631 201631 10839 434
ntLink_6321 1497 151631 251631 10840 434
ntLink_6323 847 275 100275 10841 434
ntLink_6326 3436 321 100321 10842 434
ntLink_6326 3436 50321 150321 10843 434
ntLink_6326 3436 100321 200321 10844 434
ntLink_6326 3436 150321 250321 10845 434
ntLink_6326 3436 200321 300321 10846 434
ntLink_6326 3436 250321 350321 10847 434
ntLink_6326 3436 300321 400321 10848 434
ntLink_6326 3436 350321 450321 10849 434
ntLink_6326 3436 400321 500321 10850 434
ntLink_6327 557 4390 104390 10851 435
ntLink_6328 756 389 100389 10852 435
ntLink_6330 2489 2011 102011 10853 435
ntLink_6330 2489 52011 152011 10854 435
ntLink_6330 2489 102011 202011 10855 435
ntLink_6330 2489 152011 252011 10856 435
ntLink_6330 2489 202011 302011 10857 435
ntLink_6333 1585 308 100308 10858 435
ntLink_6333 1585 50308 150308 10859 435
ntLink_6334 1883 13508 113508 10860 435
ntLink_6334 1883 63508 163508 10861 435
ntLink_6334 1883 113508 213508 10862 435
ntLink_6334 1883 163508 263508 10863 435
ntLink_6334 1883 213508 313508 10864 435
ntLink_6335 2894 1007 101007 10865 435
ntLink_6335 2894 51007 151007 10866 435
ntLink_6335 2894 101007 201007 10867 435
ntLink_6335 2894 151007 251007 10868 435
ntLink_6335 2894 201007 301007 10869 435
ntLink_6335 2894 251007 351007 10870 435
ntLink_6337 1698 914 100914 10871 435
ntLink_6337 1698 50914 150914 10872 435
ntLink_6337 1698 100914 200914 10873 435
ntLink_633 1773 158 100158 10874 435
ntLink_633 1773 50158 150158 10875 435
ntLink_633 1773 100158 200158 10876 436
ntLink_633 1773 150158 250158 10877 436
ntLink_6340 1574 323 100323 10878 436
ntLink_6340 1574 50323 150323 10879 436
ntLink_6340 1574 100323 200323 10880 436
ntLink_6340 1574 150323 250323 10881 436
ntLink_6342 976 6751 106751 10882 436
ntLink_6342 976 56751 156751 10883 436
ntLink_6343 834 7061 107061 10884 436
ntLink_6345 1022 304 100304 10885 436
ntLink_6348 654 2435 102435 10886 436
ntLink_6349 397 2790 102790 10887 436
ntLink_634 655 2991 102991 10888 436
ntLink_6351 1183 6107 106107 10889 436
ntLink_6351 1183 56107 156107 10890 436
ntLink_6352 749 572 100572 10891 436
ntLink_6354 625 374 100374 10892 436
ntLink_6355 1206 267 100267 10893 436
ntLink_6355 1206 50267 150267 10894 436
ntLink_6357 1748 216 100216 10895 436
ntLink_6357 1748 50216 150216 10896 436
ntLink_6357 1748 100216 200216 10897 436
ntLink_6357 1748 150216 250216 10898 436
ntLink_6358 847 332 100332 10899 436
ntLink_6358 847 50332 150332 10900 436
ntLink_6359 1384 7640 107640 10901 437
ntLink_6359 1384 57640 157640 10902 437
ntLink_6359 1384 107640 207640 10903 437
ntLink_635 812 10784 110784 10904 437
ntLink_635 812 60784 160784 10905 437
ntLink_635 812 110784 210784 10906 437
ntLink_635 812 160784 260784 10907 437
ntLink_635 812 210784 310784 10908 437
ntLink_6360 640 301 100301 10909 437
ntLink_6362 2828 680 100680 10910 437
ntLink_6362 2828 50680 150680 10911 437
ntLink_6362 2828 100680 200680 10912 437
ntLink_6362 2828 150680 250680 10913 437
ntLink_6362 2828 200680 300680 10914 437
ntLink_6362 2828 250680 350680 10915 437
ntLink_6364 659 259 100259 10916 437
ntLink_6366 957 7248 107248 10917 437
ntLink_6366 957 57248 157248 10918 437
ntLink_6367 605 3336 103336 10919 437
ntLink_6367 605 53336 153336 10920 437
ntLink_6367 605 103336 203336 10921 437
ntLink_6369 1511 2188 102188 10922 437
ntLink_6369 1511 52188 152188 10923 437
ntLink_6370 2130 373 100373 10924 437
ntLink_6370 2130 50373 150373 10925 437
ntLink_6370 2130 100373 200373 10926 438
ntLink_6370 2130 150373 250373 10927 438
ntLink_6370 2130 200373 300373 10928 438
ntLink_6371 1417 11903 111903 10929 438
ntLink_6371 1417 61903 161903 10930 438
ntLink_6371 1417 111903 211903 10931 438
ntLink_6373 1073 2443 102443 10932 438
ntLink_6373 1073 52443 152443 10933 438
ntLink_6374 1448 254 100254 10934 438
ntLink_6374 1448 50254 150254 10935 438
ntLink_6374 1448 100254 200254 10936 438
ntLink_6376 1333 6935 106935 10937 438
ntLink_6376 1333 56935 156935 10938 438
ntLink_6376 1333 106935 206935 10939 438
ntLink_6377 883 561 100561 10940 438
ntLink_6377 883 50561 150561 10941 438
ntLink_637 660 3585 103585 10942 438
ntLink_6380 588 86 100086 10943 438
ntLink_6380 588 50086 150086 10944 438
ntLink_6380 588 100086 200086 10945 438
ntLink_6382 1397 618 100618 10946 438
ntLink_6382 1397 50618 150618 10947 438
ntLink_6382 1397 100618 200618 10948 438
ntLink_6382 1397 150618 250618 10949 438
ntLink_6382 1397 200618 300618 10950 438
ntLink_6385 710 119 100119 10951 439
ntLink_6385 710 50119 150119 10952 439
ntLink_6386 105 2266 102266 10953 439
ntLink_6386 105 52266 152266 10954 439
ntLink_6387 1963 19758 119758 10955 439
ntLink_6387 1963 69758 169758 10956 439
ntLink_6387 1963 119758 219758 10957 439
ntLink_6387 1963 169758 269758 10958 439
ntLink_6387 1963 219758 319758 10959 439
ntLink_6387 1963 269758 369758 10960 439
ntLink_6387 1963 319758 419758 10961 439
ntLink_6388 1432 371 100371 10962 439
ntLink_6388 1432 50371 150371 10963 439
ntLink_6388 1432 100371 200371 10964 439
ntLink_6388 1432 150371 250371 10965 439
ntLink_6389 2902 7517 107517 10966 439
ntLink_6389 2902 57517 157517 10967 439
ntLink_6389 2902 107517 207517 10968 439
ntLink_6389 2902 157517 257517 10969 439
ntLink_6389 2902 207517 307517 10970 439
ntLink_6389 2902 257517 357517 10971 439
ntLink_6389 2902 307517 407517 10972 439
ntLink_6389 2902 357517 457517 10973 439
ntLink_6390 1669 908 100908 10974 439
ntLink_6390 1669 50908 150908 10975 439
ntLink_6390 1669 100908 200908 10976 440
ntLink_6390 1669 150908 250908 10977 440
ntLink_6390 1669 200908 300908 10978 440
ntLink_6391 487 149 100149 10979 440
ntLink_6392 1272 308 100308 10980 440
ntLink_6392 1272 50308 150308 10981 440
ntLink_6392 1272 100308 200308 10982 440
ntLink_6392 1272 150308 250308 10983 440
ntLink_6392 1272 200308 300308 10984 440
ntLink_6393 774 8253 108253 10985 440
ntLink_6393 774 58253 158253 10986 440
ntLink_6394 716 1567 101567 10987 440
ntLink_6394 716 51567 151567 10988 440
ntLink_6394 716 101567 201567 10989 440
ntLink_6395 1294 211 100211 10990 440
ntLink_6395 1294 50211 150211 10991 440
ntLink_6395 1294 100211 200211 10992 440
ntLink_6395 1294 150211 250211 10993 440
ntLink_6395 1294 200211 300211 10994 440
ntLink_6395 1294 250211 350211 10995 440
ntLink_6396 1476 156 100156 10996 440
ntLink_6396 1476 50156 150156 10997 440
ntLink_6396 1476 100156 200156 10998 440
ntLink_6396 1476 150156 250156 10999 440
ntLink_6397 625 252 100252 11000 440
ntLink_6398 1117 374 100374 11001 441
ntLink_6398 1117 50374 150374 11002 441
ntLink_6398 1117 100374 200374 11003 441
ntLink_6398 1117 150374 250374 11004 441
ntLink_6399 2235 210 100210 11005 441
ntLink_6399 2235 50210 150210 11006 441
ntLink_6399 2235 100210 200210 11007 441
ntLink_6399 2235 150210 250210 11008 441
ntLink_6399 2235 200210 300210 11009 441
ntLink_639 632 89 100089 11010 441
ntLink_6400 855 2510 102510 11011 441
ntLink_6401 213 3655 103655 11012 441
ntLink_6402 1651 529 100529 11013 441
ntLink_6402 1651 50529 150529 11014 441
ntLink_6403 787 2675 102675 11015 441
ntLink_6403 787 52675 152675 11016 441
ntLink_6405 4834 247 100247 11017 441
ntLink_6405 4834 50247 150247 11018 441
ntLink_6405 4834 100247 200247 11019 441
ntLink_6405 4834 150247 250247 11020 441
ntLink_6405 4834 200247 300247 11021 441
ntLink_6405 4834 250247 350247 11022 441
ntLink_6405 4834 300247 400247 11023 441
ntLink_6405 4834 350247 450247 11024 441
ntLink_6405 4834 400247 500247 11025 441
ntLink_6405 4834 450247 550247 11026 442
ntLink_6405 4834 500247 600247 11027 442
ntLink_6405 4834 550247 650247 11028 442
ntLink_6407 551 871 100871 11029 442
ntLink_6408 716 293 100293 11030 442
ntLink_6408 716 50293 150293 11031 442
ntLink_6408 716 100293 200293 11032 442
ntLink_6409 621 19902 119902 11033 442
ntLink_640 731 134 100134 11034 442
ntLink_640 731 50134 150134 11035 442
ntLink_6410 327 11317 111317 11036 442
ntLink_6411 1372 5341 105341 11037 442
ntLink_6411 1372 55341 155341 11038 442
ntLink_6411 1372 105341 205341 11039 442
ntLink_6411 1372 155341 255341 11040 442
ntLink_6412 615 45691 145691 11041 442
ntLink_6413 965 10607 110607 11042 442
ntLink_6415 1447 12 100012 11043 442
ntLink_6415 1447 50012 150012 11044 442
ntLink_6415 1447 100012 200012 11045 442
ntLink_6415 1447 150012 250012 11046 442
ntLink_6418 1152 163 100163 11047 442
ntLink_6418 1152 50163 150163 11048 442
ntLink_6418 1152 100163 200163 11049 442
ntLink_6418 1152 150163 250163 11050 442
ntLink_6418 1152 200163 300163 11051 443
ntLink_641 720 369 100369 11052 443
ntLink_6421 661 11287 111287 11053 443
ntLink_6421 661 61287 161287 11054 443
ntLink_6421 661 111287 211287 11055 443
ntLink_6421 661 161287 261287 11056 443
ntLink_6422 1399 422 100422 11057 443
ntLink_6422 1399 50422 150422 11058 443
ntLink_6422 1399 100422 200422 11059 443
ntLink_6422 1399 150422 250422 11060 443
ntLink_6422 1399 200422 300422 11061 443
ntLink_6423 1569 16074 116074 11062 443
ntLink_6423 1569 66074 166074 11063 443
ntLink_6423 1569 116074 216074 11064 443
ntLink_6424 1023 1509 101509 11065 443
ntLink_6424 1023 51509 151509 11066 443
ntLink_6426 682 573 100573 11067 443
ntLink_6426 682 50573 150573 11068 443
ntLink_6428 686 2157 102157 11069 443
ntLink_642 855 18326 118326 11070 443
ntLink_642 855 68326 168326 11071 443
ntLink_6430 2107 2018 102018 11072 443
ntLink_6430 2107 52018 152018 11073 443
ntLink_6430 2107 102018 202018 11074 443
ntLink_6430 2107 152018 252018 11075 443
ntLink_6430 2107 202018 302018 11076 444
ntLink_6430 2107 252018 352018 11077 444
ntLink_6434 914 3269 103269 11078 444
ntLink_6434 914 53269 153269 11079 444
ntLink_6434 914 103269 203269 11080 444
ntLink_6434 914 153269 253269 11081 444
ntLink_6435 115 16207 116207 11082 444
ntLink_6435 115 66207 166207 11083 444
ntLink_6438 758 228 100228 11084 444
ntLink_6438 758 50228 150228 11085 444
ntLink_6439 938 1124 101124 11086 444
ntLink_6439 938 51124 151124 11087 444
ntLink_6439 938 101124 201124 11088 444
ntLink_643 523 2794 102794 11089 444
ntLink_6440 1434 339 100339 11090 444
ntLink_6440 1434 50339 150339 11091 444
ntLink_6440 1434 100339 200339 11092 444
ntLink_6440 1434 150339 250339 11093 444
ntLink_6440 1434 200339 300339 11094 444
ntLink_6441 905 451 100451 11095 444
ntLink_6441 905 50451 150451 11096 444
ntLink_6441 905 100451 200451 11097 444
ntLink_6441 905 150451 250451 11098 444
ntLink_6441 905 200451 300451 11099 444
ntLink_6442 1088 215 100215 11100 444
ntLink_6442 1088 50215 150215 11101 445
ntLink_6443 386 2302 102302 11102 445
ntLink_6444 1022 1021 101021 11103 445
ntLink_6444 1022 51021 151021 11104 445
ntLink_6445 1377 181 100181 11105 445
ntLink_6445 1377 50181 150181 11106 445
ntLink_6445 1377 100181 200181 11107 445
ntLink_6445 1377 150181 250181 11108 445
ntLink_6446 820 257 100257 11109 445
ntLink_6446 820 50257 150257 11110 445
ntLink_6448 1448 3453 103453 11111 445
ntLink_6448 1448 53453 153453 11112 445
ntLink_6448 1448 103453 203453 11113 445
ntLink_644 2010 8603 108603 11114 445
ntLink_644 2010 58603 158603 11115 445
ntLink_644 2010 108603 208603 11116 445
ntLink_644 2010 158603 258603 11117 445
ntLink_644 2010 208603 308603 11118 445
ntLink_6450 874 9366 109366 11119 445
ntLink_6451 946 1255 101255 11120 445
ntLink_6451 946 51255 151255 11121 445
ntLink_6452 1177 436 100436 11122 445
ntLink_6452 1177 50436 150436 11123 445
ntLink_6452 1177 100436 200436 11124 445
ntLink_6452 1177 150436 250436 11125 445
ntLink_6453 1465 729 100729 11126 446
ntLink_6453 1465 50729 150729 11127 446
ntLink_6453 1465 100729 200729 11128 446
ntLink_6453 1465 150729 250729 11129 446
ntLink_6454 1264 686 100686 11130 446
ntLink_6454 1264 50686 150686 11131 446
ntLink_6454 1264 100686 200686 11132 446
ntLink_6457 1808 3318 103318 11133 446
ntLink_6457 1808 53318 153318 11134 446
ntLink_6457 1808 103318 203318 11135 446
ntLink_6457 1808 153318 253318 11136 446
ntLink_6457 1808 203318 303318 11137 446
ntLink_6457 1808 253318 353318 11138 446
ntLink_6460 2262 4614 104614 11139 446
ntLink_6460 2262 54614 154614 11140 446
ntLink_6460 2262 104614 204614 11141 446
ntLink_6460 2262 154614 254614 11142 446
ntLink_6460 2262 204614 304614 11143 446
ntLink_6464 2921 1072 101072 11144 446
ntLink_6464 2921 51072 151072 11145 446
ntLink_6464 2921 101072 201072 11146 446
ntLink_6464 2921 151072 251072 11147 446
ntLink_6464 2921 201072 301072 11148 446
ntLink_6464 2921 251072 351072 11149 446
ntLink_6464 2921 301072 401072 11150 446
ntLink_6464 2921 351072 451072 11151 447
ntLink_6466 816 224 100224 11152 447
ntLink_6466 816 50224 150224 11153 447
ntLink_6468 1685 30 100030 11154 447
ntLink_6468 1685 50030 150030 11155 447
ntLink_6468 1685 100030 200030 11156 447
ntLink_6468 1685 150030 250030 11157 447
ntLink_6468 1685 200030 300030 11158 447
ntLink_6470 1779 173 100173 11159 447
ntLink_6470 1779 50173 150173 11160 447
ntLink_6470 1779 100173 200173 11161 447
ntLink_6470 1779 150173 250173 11162 447
ntLink_6473 1598 361 100361 11163 447
ntLink_6473 1598 50361 150361 11164 447
ntLink_6473 1598 100361 200361 11165 447
ntLink_6473 1598 150361 250361 11166 447
ntLink_6474 1339 1347 101347 11167 447
ntLink_6474 1339 51347 151347 11168 447
ntLink_6474 1339 101347 201347 11169 447
ntLink_6475 911 4065 104065 11170 447
ntLink_6476 954 244 100244 11171 447
ntLink_6476 954 50244 150244 11172 447
ntLink_6476 954 100244 200244 11173 447
ntLink_6477 3616 12771 112771 11174 447
ntLink_6477 3616 62771 162771 11175 447
ntLink_6477 3616 112771 212771 11176 448
ntLink_6477 3616 162771 262771 11177 448
ntLink_6477 3616 212771 312771 11178 448
ntLink_6477 3616 262771 362771 11179 448
ntLink_6477 3616 312771 412771 11180 448
ntLink_6477 3616 362771 462771 11181 448
ntLink_6477 3616 412771 512771 11182 448
ntLink_6477 3616 462771 562771 11183 448
ntLink_6478 531 5009 105009 11184 448
ntLink_6479 851 1577 101577 11185 448
ntLink_6479 851 51577 151577 11186 448
ntLink_6480 1662 4810 104810 11187 448
ntLink_6480 1662 54810 154810 11188 448
ntLink_6480 1662 104810 204810 11189 448
ntLink_6480 1662 154810 254810 11190 448
ntLink_6481 1373 182 100182 11191 448
ntLink_6481 1373 50182 150182 11192 448
ntLink_6481 1373 100182 200182 11193 448
ntLink_6481 1373 150182 250182 11194 448
ntLink_6482 1206 166 100166 11195 448
ntLink_6482 1206 50166 150166 11196 448
ntLink_6482 1206 100166 200166 11197 448
ntLink_6483 805 462 100462 11198 448
ntLink_6483 805 50462 150462 11199 448
ntLink_6484 1429 2166 102166 11200 448
ntLink_6484 1429 52166 152166 11201 449
ntLink_6484 1429 102166 202166 11202 449
ntLink_6485 857 301 100301 11203 449
ntLink_6485 857 50301 150301 11204 449
ntLink_6486 798 934 100934 11205 449
ntLink_6486 798 50934 150934 11206 449
ntLink_6486 798 100934 200934 11207 449
ntLink_6486 798 150934 250934 11208 449
ntLink_6487 2373 1678 101678 11209 449
ntLink_6487 2373 51678 151678 11210 449
ntLink_6487 2373 101678 201678 11211 449
ntLink_6487 2373 151678 251678 11212 449
ntLink_6488 851 532 100532 11213 449
ntLink_6489 400 1291 101291 11214 449
ntLink_6491 1097 4605 104605 11215 449
ntLink_6491 1097 54605 154605 11216 449
ntLink_6492 1437 259 100259 11217 449
ntLink_6492 1437 50259 150259 11218 449
ntLink_6492 1437 100259 200259 11219 449
ntLink_6493 852 274 100274 11220 449
ntLink_6494 1409 595 100595 11221 449
ntLink_6494 1409 50595 150595 11222 449
ntLink_6494 1409 100595 200595 11223 449
ntLink_6494 1409 150595 250595 11224 449
ntLink_6494 1409 200595 300595 11225 449
ntLink_6494 1409 250595 350595 11226 450
ntLink_6495 961 3626 103626 11227 450
ntLink_6495 961 53626 153626 11228 450
ntLink_6495 961 103626 203626 11229 450
ntLink_6496 1408 247 100247 11230 450
ntLink_6496 1408 50247 150247 11231 450
ntLink_6496 1408 100247 200247 11232 450
ntLink_6496 1408 150247 250247 11233 450
ntLink_6497 1173 6828 106828 11234 450
ntLink_6497 1173 56828 156828 11235 450
ntLink_6497 1173 106828 206828 11236 450
ntLink_6498 880 496 100496 11237 450
ntLink_6498 880 50496 150496 11238 450
ntLink_6499 1502 382 100382 11239 450
ntLink_6499 1502 50382 150382 11240 450
ntLink_6499 1502 100382 200382 11241 450
ntLink_6499 1502 150382 250382 11242 450
ntLink_64 2902 1278 101278 11243 450
ntLink_64 2902 51278 151278 11244 450
ntLink_64 2902 101278 201278 11245 450
ntLink_64 2902 151278 251278 11246 450
ntLink_64 2902 201278 301278 11247 450
ntLink_64 2902 251278 351278 11248 450
ntLink_64 2902 301278 401278 11249 450
ntLink_6500 935 778 100778 11250 450
ntLink_6500 935 50778 150778 11251 451
ntLink_6501 3276 187 100187 11252 451
ntLink_6501 3276 50187 150187 11253 451
ntLink_6501 3276 100187 200187 11254 451
ntLink_6501 3276 150187 250187 11255 451
ntLink_6501 3276 200187 300187 11256 451
ntLink_6501 3276 250187 350187 11257 451
ntLink_6501 3276 300187 400187 11258 451
ntLink_6501 3276 350187 450187 11259 451
ntLink_6502 1277 1413 101413 11260 451
ntLink_6502 1277 51413 151413 11261 451
ntLink_6502 1277 101413 201413 11262 451
ntLink_6503 1218 2265 102265 11263 451
ntLink_6503 1218 52265 152265 11264 451
ntLink_6503 1218 102265 202265 11265 451
ntLink_6503 1218 152265 252265 11266 451
ntLink_6504 665 5052 105052 11267 451
ntLink_6505 410 8537 108537 11268 451
ntLink_6505 410 58537 158537 11269 451
ntLink_6506 864 859 100859 11270 451
ntLink_6506 864 50859 150859 11271 451
ntLink_6506 864 100859 200859 11272 451
ntLink_6506 864 150859 250859 11273 451
ntLink_6506 864 200859 300859 11274 451
ntLink_6506 864 250859 350859 11275 451
ntLink_6507 2123 393 100393 11276 452
ntLink_6507 2123 50393 150393 11277 452
ntLink_6507 2123 100393 200393 11278 452
ntLink_6507 2123 150393 250393 11279 452
ntLink_6507 2123 200393 300393 11280 452
ntLink_6509 740 4798 104798 11281 452
ntLink_6509 740 54798 154798 11282 452
ntLink_650 1650 19280 119280 11283 452
ntLink_650 1650 69280 169280 11284 452
ntLink_650 1650 119280 219280 11285 452
ntLink_6511 1729 2453 102453 11286 452
ntLink_6511 1729 52453 152453 11287 452
ntLink_6511 1729 102453 202453 11288 452
ntLink_6511 1729 152453 252453 11289 452
ntLink_6513 971 1268 101268 11290 452
ntLink_6513 971 51268 151268 11291 452
ntLink_6513 971 101268 201268 11292 452
Backbone_13388 916 3084 103084 11293 452
Backbone_13395 510 3614 103614 11294 452
Backbone_13398 880 294 100294 11295 452
Backbone_13406 853 180 100180 11296 452
Backbone_1340 736 459 100459 11297 452
Backbone_13425 688 13769 113769 11298 452
Backbone_13431 965 1439 101439 11299 452
Backbone_13431 965 51439 151439 11300 452
Backbone_13433 829 3822 103822 11301 453
Backbone_13441 657 1152 101152 11302 453
ntLink_6514 848 1778 101778 11303 453
ntLink_6515 514 267 100267 11304 453
ntLink_6515 514 50267 150267 11305 453
ntLink_6516 814 7882 107882 11306 453
ntLink_6517 918 8866 108866 11307 453
ntLink_6517 918 58866 158866 11308 453
ntLink_6517 918 108866 208866 11309 453
ntLink_6519 1524 12650 112650 11310 453
ntLink_6519 1524 62650 162650 11311 453
ntLink_6519 1524 112650 212650 11312 453
ntLink_6519 1524 162650 262650 11313 453
ntLink_6519 1524 212650 312650 11314 453
ntLink_651 1402 715 100715 11315 453
ntLink_651 1402 50715 150715 11316 453
ntLink_6520 729 817 100817 11317 453
ntLink_6522 483 9039 109039 11318 453
ntLink_6522 483 59039 159039 11319 453
ntLink_6524 1507 624 100624 11320 453
ntLink_6524 1507 50624 150624 11321 453
ntLink_6524 1507 100624 200624 11322 453
ntLink_6525 1207 685 100685 11323 453
ntLink_6525 1207 50685 150685 11324 453
ntLink_652 849 212 100212 11325 453
ntLink_6530 3253 884 100884 11326 454
ntLink_6530 3253 50884 150884 11327 454
ntLink_6530 3253 100884 200884 11328 454
ntLink_6530 3253 150884 250884 11329 454
ntLink_6530 3253 200884 300884 11330 454
ntLink_6530 3253 250884 350884 11331 454
ntLink_6530 3253 300884 400884 11332 454
ntLink_6531 1107 4263 104263 11333 454
ntLink_6531 1107 54263 154263 11334 454
ntLink_6531 1107 104263 204263 11335 454
ntLink_6531 1107 154263 254263 11336 454
ntLink_6532 662 613 100613 11337 454
ntLink_6533 1443 284 100284 11338 454
ntLink_6533 1443 50284 150284 11339 454
ntLink_6534 1551 2578 102578 11340 454
ntLink_6534 1551 52578 152578 11341 454
ntLink_6534 1551 102578 202578 11342 454
ntLink_6534 1551 152578 252578 11343 454
ntLink_6534 1551 202578 302578 11344 454
ntLink_6534 1551 252578 352578 11345 454
ntLink_6534 1551 302578 402578 11346 454
ntLink_6535 1735 187 100187 11347 454
ntLink_6535 1735 50187 150187 11348 454
ntLink_6535 1735 100187 200187 11349 454
ntLink_6535 1735 150187 250187 11350 454
ntLink_6536 1879 157 100157 11351 455
ntLink_6536 1879 50157 150157 11352 455
ntLink_6536 1879 100157 200157 11353 455
ntLink_6536 1879 150157 250157 11354 455
ntLink_6537 1130 703 100703 11355 455
ntLink_6537 1130 50703 150703 11356 455
ntLink_6538 1620 674 100674 11357 455
ntLink_6538 1620 50674 150674 11358 455
ntLink_6538 1620 100674 200674 11359 455
ntLink_6538 1620 150674 250674 11360 455
ntLink_6538 1620 200674 300674 11361 455
ntLink_6539 2481 2459 102459 11362 455
ntLink_6539 2481 52459 152459 11363 455
ntLink_6539 2481 102459 202459 11364 455
ntLink_6539 2481 152459 252459 11365 455
ntLink_6539 2481 202459 302459 11366 455
ntLink_6539 2481 252459 352459 11367 455
ntLink_6539 2481 302459 402459 11368 455
ntLink_6541 1701 198 100198 11369 455
ntLink_6541 1701 50198 150198 11370 455
ntLink_6541 1701 100198 200198 11371 455
ntLink_6541 1701 150198 250198 11372 455
ntLink_6542 591 270 100270 11373 455
ntLink_6543 1494 519 100519 11374 455
ntLink_6543 1494 50519 150519 11375 455
ntLink_6543 1494 100519 200519 11376 456
ntLink_6544 1200 29091 129091 11377 456
ntLink_6544 1200 79091 179091 11378 456
ntLink_6544 1200 129091 229091 11379 456
ntLink_6544 1200 179091 279091 11380 456
ntLink_6547 938 505 100505 11381 456
ntLink_6547 938 50505 150505 11382 456
ntLink_6547 938 100505 200505 11383 456
ntLink_654 1177 1613 101613 11384 456
ntLink_6551 873 249 100249 11385 456
ntLink_6551 873 50249 150249 11386 456
ntLink_6552 431 5500 105500 11387 456
ntLink_6553 1898 459 100459 11388 456
ntLink_6553 1898 50459 150459 11389 456
ntLink_6553 1898 100459 200459 11390 456
ntLink_6553 1898 150459 250459 11391 456
ntLink_6553 1898 200459 300459 11392 456
ntLink_6553 1898 250459 350459 11393 456
ntLink_6553 1898 300459 400459 11394 456
ntLink_6555 1989 185 100185 11395 456
ntLink_6555 1989 50185 150185 11396 456
ntLink_6555 1989 100185 200185 11397 456
ntLink_6557 1470 202 100202 11398 456
ntLink_6557 1470 50202 150202 11399 456
ntLink_6557 1470 100202 200202 11400 456
ntLink_6558 271 3349 103349 11401 457
ntLink_655 398 311 100311 11402 457
ntLink_6560 3417 273 100273 11403 457
ntLink_6560 3417 50273 150273 11404 457
ntLink_6560 3417 100273 200273 11405 457
ntLink_6560 3417 150273 250273 11406 457
ntLink_6560 3417 200273 300273 11407 457
ntLink_6560 3417 250273 350273 11408 457
ntLink_6560 3417 300273 400273 11409 457
ntLink_6560 3417 350273 450273 11410 457
ntLink_6560 3417 400273 500273 11411 457
ntLink_6560 3417 450273 550273 11412 457
ntLink_6560 3417 500273 600273 11413 457
ntLink_6560 3417 550273 650273 11414 457
ntLink_6561 1003 1618 101618 11415 457
ntLink_6561 1003 51618 151618 11416 457
ntLink_6564 684 3480 103480 11417 457
ntLink_6567 1513 275 100275 11418 457
ntLink_6567 1513 50275 150275 11419 457
ntLink_6567 1513 100275 200275 11420 457
ntLink_6567 1513 150275 250275 11421 457
ntLink_6567 1513 200275 300275 11422 457
ntLink_656 866 448 100448 11423 457
ntLink_657 750 406 100406 11424 457
ntLink_659 2130 476 100476 11425 457
ntLink_659 2130 50476 150476 11426 458
ntLink_659 2130 100476 200476 11427 458
ntLink_659 2130 150476 250476 11428 458
ntLink_659 2130 200476 300476 11429 458
ntLink_65 2166 262 100262 11430 458
ntLink_65 2166 50262 150262 11431 458
ntLink_65 2166 100262 200262 11432 458
ntLink_65 2166 150262 250262 11433 458
ntLink_65 2166 200262 300262 11434 458
ntLink_65 2166 250262 350262 11435 458
ntLink_65 2166 300262 400262 11436 458
ntLink_65 2166 350262 450262 11437 458
ntLink_65 2166 400262 500262 11438 458
ntLink_65 2166 450262 550262 11439 458
ntLink_660 1036 5041 105041 11440 458
ntLink_660 1036 55041 155041 11441 458
ntLink_660 1036 105041 205041 11442 458
ntLink_661 1778 1281 101281 11443 458
ntLink_661 1778 51281 151281 11444 458
ntLink_661 1778 101281 201281 11445 458
ntLink_662 2731 429 100429 11446 458
ntLink_662 2731 50429 150429 11447 458
ntLink_662 2731 100429 200429 11448 458
ntLink_662 2731 150429 250429 11449 458
ntLink_662 2731 200429 300429 11450 458
ntLink_664 475 1288 101288 11451 459
ntLink_665 540 6332 106332 11452 459
ntLink_665 540 56332 156332 11453 459
ntLink_666 1863 533 100533 11454 459
ntLink_666 1863 50533 150533 11455 459
ntLink_666 1863 100533 200533 11456 459
ntLink_666 1863 150533 250533 11457 459
ntLink_66 968 239 100239 11458 459
ntLink_66 968 50239 150239 11459 459
ntLink_671 1853 3130 103130 11460 459
ntLink_671 1853 53130 153130 11461 459
ntLink_671 1853 103130 203130 11462 459
ntLink_673 1372 3707 103707 11463 459
ntLink_673 1372 53707 153707 11464 459
ntLink_673 1372 103707 203707 11465 459
ntLink_675 1005 345 100345 11466 459
ntLink_679 1477 9584 109584 11467 459
ntLink_679 1477 59584 159584 11468 459
ntLink_679 1477 109584 209584 11469 459
ntLink_679 1477 159584 259584 11470 459
ntLink_679 1477 209584 309584 11471 459
ntLink_679 1477 259584 359584 11472 459
ntLink_683 2117 1605 101605 11473 459
ntLink_683 2117 51605 151605 11474 459
ntLink_683 2117 101605 201605 11475 459
ntLink_683 2117 151605 251605 11476 460
ntLink_683 2117 201605 301605 11477 460
ntLink_683 2117 251605 351605 11478 460
ntLink_683 2117 301605 401605 11479 460
ntLink_683 2117 351605 451605 11480 460
ntLink_687 302 7989 107989 11481 460
ntLink_687 302 57989 157989 11482 460
ntLink_688 1065 171 100171 11483 460
ntLink_688 1065 50171 150171 11484 460
ntLink_689 1960 2489 102489 11485 460
ntLink_689 1960 52489 152489 11486 460
ntLink_689 1960 102489 202489 11487 460
ntLink_689 1960 152489 252489 11488 460
ntLink_689 1960 202489 302489 11489 460
ntLink_689 1960 252489 352489 11490 460
ntLink_692 262 3593 103593 11491 460
ntLink_693 1630 2171 102171 11492 460
ntLink_693 1630 52171 152171 11493 460
ntLink_693 1630 102171 202171 11494 460
ntLink_695 1003 789 100789 11495 460
ntLink_695 1003 50789 150789 11496 460
ntLink_696 1012 3144 103144 11497 460
ntLink_697 1267 970 100970 11498 460
ntLink_697 1267 50970 150970 11499 460
ntLink_697 1267 100970 200970 11500 460
ntLink_697 1267 150970 250970 11501 461
ntLink_698 650 1440 101440 11502 461
ntLink_699 684 271 100271 11503 461
ntLink_6 1164 311 100311 11504 461
ntLink_6 1164 50311 150311 11505 461
ntLink_6 1164 100311 200311 11506 461
ntLink_6 1164 150311 250311 11507 461
ntLink_701 1754 331 100331 11508 461
ntLink_701 1754 50331 150331 11509 461
ntLink_701 1754 100331 200331 11510 461
ntLink_701 1754 150331 250331 11511 461
ntLink_701 1754 200331 300331 11512 461
ntLink_703 1270 300 100300 11513 461
ntLink_703 1270 50300 150300 11514 461
ntLink_705 1377 3904 103904 11515 461
ntLink_705 1377 53904 153904 11516 461
ntLink_705 1377 103904 203904 11517 461
ntLink_707 1267 232 100232 11518 461
ntLink_707 1267 50232 150232 11519 461
ntLink_709 700 576 100576 11520 461
ntLink_709 700 50576 150576 11521 461
ntLink_709 700 100576 200576 11522 461
ntLink_710 1220 4455 104455 11523 461
ntLink_710 1220 54455 154455 11524 461
ntLink_711 1341 205 100205 11525 461
ntLink_711 1341 50205 150205 11526 462
ntLink_713 951 1119 101119 11527 462
ntLink_713 951 51119 151119 11528 462
ntLink_714 2343 302 100302 11529 462
ntLink_714 2343 50302 150302 11530 462
ntLink_714 2343 100302 200302 11531 462
ntLink_714 2343 150302 250302 11532 462
ntLink_714 2343 200302 300302 11533 462
ntLink_714 2343 250302 350302 11534 462
ntLink_716 3759 123 100123 11535 462
ntLink_716 3759 50123 150123 11536 462
ntLink_716 3759 100123 200123 11537 462
ntLink_716 3759 150123 250123 11538 462
ntLink_716 3759 200123 300123 11539 462
ntLink_716 3759 250123 350123 11540 462
ntLink_716 3759 300123 400123 11541 462
ntLink_716 3759 350123 450123 11542 462
ntLink_716 3759 400123 500123 11543 462
ntLink_717 1595 1083 101083 11544 462
ntLink_717 1595 51083 151083 11545 462
ntLink_717 1595 101083 201083 11546 462
ntLink_717 1595 151083 251083 11547 462
ntLink_717 1595 201083 301083 11548 462
ntLink_71 1263 5194 105194 11549 462
ntLink_71 1263 55194 155194 11550 462
ntLink_71 1263 105194 205194 11551 463
ntLink_720 1249 453 100453 11552 463
ntLink_720 1249 50453 150453 11553 463
ntLink_721 769 379 100379 11554 463
ntLink_721 769 50379 150379 11555 463
ntLink_721 769 100379 200379 11556 463
ntLink_722 861 15259 115259 11557 463
ntLink_722 861 65259 165259 11558 463
ntLink_727 1619 157 100157 11559 463
ntLink_727 1619 50157 150157 11560 463
ntLink_727 1619 100157 200157 11561 463
ntLink_727 1619 150157 250157 11562 463
ntLink_728 2108 249 100249 11563 463
ntLink_728 2108 50249 150249 11564 463
ntLink_728 2108 100249 200249 11565 463
ntLink_728 2108 150249 250249 11566 463
ntLink_728 2108 200249 300249 11567 463
ntLink_729 1590 15408 115408 11568 463
ntLink_729 1590 65408 165408 11569 463
ntLink_729 1590 115408 215408 11570 463
ntLink_72 4796 382 100382 11571 463
ntLink_72 4796 50382 150382 11572 463
ntLink_72 4796 100382 200382 11573 463
ntLink_72 4796 150382 250382 11574 463
ntLink_72 4796 200382 300382 11575 463
ntLink_72 4796 250382 350382 11576 464
ntLink_72 4796 300382 400382 11577 464
ntLink_72 4796 350382 450382 11578 464
ntLink_72 4796 400382 500382 11579 464
ntLink_72 4796 450382 550382 11580 464
ntLink_72 4796 500382 600382 11581 464
ntLink_72 4796 550382 650382 11582 464
ntLink_730 1182 6662 106662 11583 464
ntLink_730 1182 56662 156662 11584 464
ntLink_730 1182 106662 206662 11585 464
ntLink_731 818 1426 101426 11586 464
ntLink_732 1632 2848 102848 11587 464
ntLink_732 1632 52848 152848 11588 464
ntLink_732 1632 102848 202848 11589 464
ntLink_734 1507 379 100379 11590 464
ntLink_734 1507 50379 150379 11591 464
ntLink_734 1507 100379 200379 11592 464
ntLink_735 2064 10040 110040 11593 464
ntLink_735 2064 60040 160040 11594 464
ntLink_735 2064 110040 210040 11595 464
ntLink_735 2064 160040 260040 11596 464
ntLink_736 782 5697 105697 11597 464
ntLink_736 782 55697 155697 11598 464
ntLink_737 608 1446 101446 11599 464
ntLink_73 622 286 100286 11600 464
ntLink_73 622 50286 150286 11601 465
ntLink_742 739 192 100192 11602 465
ntLink_746 375 4711 104711 11603 465
ntLink_748 810 300 100300 11604 465
ntLink_749 1875 598 100598 11605 465
ntLink_749 1875 50598 150598 11606 465
ntLink_749 1875 100598 200598 11607 465
ntLink_749 1875 150598 250598 11608 465
ntLink_74 1297 763 100763 11609 465
ntLink_74 1297 50763 150763 11610 465
ntLink_74 1297 100763 200763 11611 465
ntLink_74 1297 150763 250763 11612 465
ntLink_74 1297 200763 300763 11613 465
ntLink_74 1297 250763 350763 11614 465
ntLink_751 883 501 100501 11615 465
ntLink_752 2503 358 100358 11616 465
ntLink_752 2503 50358 150358 11617 465
ntLink_752 2503 100358 200358 11618 465
ntLink_752 2503 150358 250358 11619 465
ntLink_752 2503 200358 300358 11620 465
ntLink_752 2503 250358 350358 11621 465
ntLink_753 1049 461 100461 11622 465
ntLink_75 1686 1487 101487 11623 465
ntLink_75 1686 51487 151487 11624 465
ntLink_75 1686 101487 201487 11625 465
ntLink_75 1686 151487 251487 11626 466
ntLink_75 1686 201487 301487 11627 466
ntLink_760 847 786 100786 11628 466
ntLink_760 847 50786 150786 11629 466
ntLink_763 753 223 100223 11630 466
ntLink_764 1934 1441 101441 11631 466
ntLink_764 1934 51441 151441 11632 466
ntLink_764 1934 101441 201441 11633 466
ntLink_764 1934 151441 251441 11634 466
ntLink_764 1934 201441 301441 11635 466
ntLink_767 680 1866 101866 11636 466
ntLink_768 485 8 100008 11637 466
ntLink_769 553 635 100635 11638 466
ntLink_769 553 50635 150635 11639 466
ntLink_76 1460 6002 106002 11640 466
ntLink_76 1460 56002 156002 11641 466
ntLink_76 1460 106002 206002 11642 466
ntLink_770 495 448 100448 11643 466
ntLink_773 336 614 100614 11644 466
ntLink_774 1109 349 100349 11645 466
ntLink_774 1109 50349 150349 11646 466
ntLink_774 1109 100349 200349 11647 466
ntLink_775 1113 349 100349 11648 466
ntLink_775 1113 50349 150349 11649 466
ntLink_775 1113 100349 200349 11650 466
ntLink_775 1113 150349 250349 11651 467
ntLink_775 1113 200349 300349 11652 467
ntLink_778 904 260 100260 11653 467
ntLink_779 693 285 100285 11654 467
ntLink_77 2045 932 100932 11655 467
ntLink_77 2045 50932 150932 11656 467
ntLink_77 2045 100932 200932 11657 467
ntLink_77 2045 150932 250932 11658 467
ntLink_77 2045 200932 300932 11659 467
ntLink_780 1606 4690 104690 11660 467
ntLink_780 1606 54690 154690 11661 467
ntLink_780 1606 104690 204690 11662 467
ntLink_782 646 18867 118867 11663 467
ntLink_782 646 68867 168867 11664 467
ntLink_784 1010 229 100229 11665 467
ntLink_784 1010 50229 150229 11666 467
ntLink_786 1913 13763 113763 11667 467
ntLink_786 1913 63763 163763 11668 467
ntLink_786 1913 113763 213763 11669 467
ntLink_786 1913 163763 263763 11670 467
ntLink_786 1913 213763 313763 11671 467
ntLink_787 940 57 100057 11672 467
ntLink_788 1822 10640 110640 11673 467
ntLink_788 1822 60640 160640 11674 467
ntLink_788 1822 110640 210640 11675 467
ntLink_788 1822 160640 260640 11676 468
ntLink_789 1036 836 100836 11677 468
ntLink_789 1036 50836 150836 11678 468
ntLink_789 1036 100836 200836 11679 468
ntLink_789 1036 150836 250836 11680 468
ntLink_78 1324 378 100378 11681 468
ntLink_78 1324 50378 150378 11682 468
ntLink_78 1324 100378 200378 11683 468
ntLink_78 1324 150378 250378 11684 468
ntLink_790 1399 5409 105409 11685 468
ntLink_790 1399 55409 155409 11686 468
ntLink_790 1399 105409 205409 11687 468
ntLink_790 1399 155409 255409 11688 468
ntLink_791 761 104 100104 11689 468
ntLink_792 1049 375 100375 11690 468
ntLink_796 868 244 100244 11691 468
ntLink_796 868 50244 150244 11692 468
ntLink_797 2044 67 100067 11693 468
ntLink_797 2044 50067 150067 11694 468
ntLink_797 2044 100067 200067 11695 468
ntLink_797 2044 150067 250067 11696 468
ntLink_797 2044 200067 300067 11697 468
ntLink_798 683 705 100705 11698 468
ntLink_79 561 479 100479 11699 468
ntLink_7 2114 420 100420 11700 468
ntLink_7 2114 50420 150420 11701 469
ntLink_7 2114 100420 200420 11702 469
ntLink_7 2114 150420 250420 11703 469
ntLink_7 2114 200420 300420 11704 469
ntLink_7 2114 250420 350420 11705 469
ntLink_801 1237 325 100325 11706 469
ntLink_801 1237 50325 150325 11707 469
ntLink_801 1237 100325 200325 11708 469
ntLink_802 385 512 100512 11709 469
ntLink_803 599 633 100633 11710 469
ntLink_805 1500 484 100484 11711 469
ntLink_805 1500 50484 150484 11712 469
ntLink_805 1500 100484 200484 11713 469
ntLink_805 1500 150484 250484 11714 469
ntLink_806 2232 440 100440 11715 469
ntLink_806 2232 50440 150440 11716 469
ntLink_806 2232 100440 200440 11717 469
ntLink_806 2232 150440 250440 11718 469
ntLink_80 2306 1274 101274 11719 469
ntLink_80 2306 51274 151274 11720 469
ntLink_80 2306 101274 201274 11721 469
ntLink_80 2306 151274 251274 11722 469
ntLink_80 2306 201274 301274 11723 469
ntLink_80 2306 251274 351274 11724 469
ntLink_810 919 1095 101095 11725 469
ntLink_810 919 51095 151095 11726 470
ntLink_811 1414 311 100311 11727 470
ntLink_811 1414 50311 150311 11728 470
ntLink_812 1432 369 100369 11729 470
ntLink_812 1432 50369 150369 11730 470
ntLink_812 1432 100369 200369 11731 470
ntLink_814 1122 8108 108108 11732 470
ntLink_814 1122 58108 158108 11733 470
ntLink_814 1122 108108 208108 11734 470
ntLink_815 1220 3649 103649 11735 470
ntLink_815 1220 53649 153649 11736 470
ntLink_816 1796 1004 101004 11737 470
ntLink_816 1796 51004 151004 11738 470
ntLink_816 1796 101004 201004 11739 470
ntLink_816 1796 151004 251004 11740 470
ntLink_816 1796 201004 301004 11741 470
ntLink_821 787 9611 109611 11742 470
ntLink_821 787 59611 159611 11743 470
ntLink_821 787 109611 209611 11744 470
ntLink_821 787 159611 259611 11745 470
ntLink_822 1027 1602 101602 11746 470
ntLink_822 1027 51602 151602 11747 470
ntLink_822 1027 101602 201602 11748 470
ntLink_824 833 1500 101500 11749 470
ntLink_824 833 51500 151500 11750 470
ntLink_826 1440 560 100560 11751 471
ntLink_826 1440 50560 150560 11752 471
ntLink_826 1440 100560 200560 11753 471
ntLink_828 1404 464 100464 11754 471
ntLink_828 1404 50464 150464 11755 471
ntLink_828 1404 100464 200464 11756 471
ntLink_829 429 511 100511 11757 471
ntLink_830 434 24289 124289 11758 471
ntLink_836 745 3845 103845 11759 471
ntLink_836 745 53845 153845 11760 471
ntLink_838 2171 1197 101197 11761 471
ntLink_838 2171 51197 151197 11762 471
ntLink_838 2171 101197 201197 11763 471
ntLink_838 2171 151197 251197 11764 471
ntLink_838 2171 201197 301197 11765 471
ntLink_83 1708 701 100701 11766 471
ntLink_83 1708 50701 150701 11767 471
ntLink_83 1708 100701 200701 11768 471
ntLink_83 1708 150701 250701 11769 471
ntLink_840 785 1277 101277 11770 471
ntLink_841 904 4409 104409 11771 471
ntLink_841 904 54409 154409 11772 471
ntLink_841 904 104409 204409 11773 471
ntLink_844 841 603 100603 11774 471
ntLink_845 764 592 100592 11775 471
ntLink_846 1825 402 100402 11776 472
ntLink_846 1825 50402 150402 11777 472
ntLink_846 1825 100402 200402 11778 472
ntLink_846 1825 150402 250402 11779 472
ntLink_846 1825 200402 300402 11780 472
ntLink_846 1825 250402 350402 11781 472
ntLink_846 1825 300402 400402 11782 472
ntLink_846 1825 350402 450402 11783 472
ntLink_846 1825 400402 500402 11784 472
ntLink_847 1121 1496 101496 11785 472
ntLink_847 1121 51496 151496 11786 472
ntLink_848 1021 595 100595 11787 472
ntLink_848 1021 50595 150595 11788 472
ntLink_848 1021 100595 200595 11789 472
ntLink_849 862 1028 101028 11790 472
ntLink_850 979 248 100248 11791 472
ntLink_850 979 50248 150248 11792 472
ntLink_852 705 327 100327 11793 472
ntLink_854 794 531 100531 11794 472
ntLink_855 1187 8990 108990 11795 472
ntLink_855 1187 58990 158990 11796 472
ntLink_859 505 1189 101189 11797 472
ntLink_859 505 51189 151189 11798 472
ntLink_860 1718 198 100198 11799 472
ntLink_860 1718 50198 150198 11800 472
ntLink_860 1718 100198 200198 11801 473
ntLink_860 1718 150198 250198 11802 473
ntLink_860 1718 200198 300198 11803 473
ntLink_860 1718 250198 350198 11804 473
ntLink_861 989 860 100860 11805 473
ntLink_861 989 50860 150860 11806 473
ntLink_862 1368 121 100121 11807 473
ntLink_862 1368 50121 150121 11808 473
ntLink_865 674 2869 102869 11809 473
ntLink_866 1674 4694 104694 11810 473
ntLink_866 1674 54694 154694 11811 473
ntLink_866 1674 104694 204694 11812 473
ntLink_866 1674 154694 254694 11813 473
ntLink_867 1673 548 100548 11814 473
ntLink_867 1673 50548 150548 11815 473
ntLink_867 1673 100548 200548 11816 473
ntLink_867 1673 150548 250548 11817 473
ntLink_867 1673 200548 300548 11818 473
ntLink_868 874 435 100435 11819 473
ntLink_868 874 50435 150435 11820 473
ntLink_868 874 100435 200435 11821 473
ntLink_86 3784 16263 116263 11822 473
ntLink_86 3784 66263 166263 11823 473
ntLink_86 3784 116263 216263 11824 473
ntLink_86 3784 166263 266263 11825 473
ntLink_86 3784 216263 316263 11826 474
ntLink_86 3784 266263 366263 11827 474
ntLink_86 3784 316263 416263 11828 474
ntLink_871 1314 375 100375 11829 474
ntLink_871 1314 50375 150375 11830 474
ntLink_872 1152 1447 101447 11831 474
ntLink_872 1152 51447 151447 11832 474
ntLink_873 565 2477 102477 11833 474
ntLink_876 453 674 100674 11834 474
ntLink_877 967 298 100298 11835 474
ntLink_877 967 50298 150298 11836 474
ntLink_877 967 100298 200298 11837 474
ntLink_877 967 150298 250298 11838 474
ntLink_877 967 200298 300298 11839 474
ntLink_87 2324 268 100268 11840 474
ntLink_87 2324 50268 150268 11841 474
ntLink_87 2324 100268 200268 11842 474
ntLink_87 2324 150268 250268 11843 474
ntLink_87 2324 200268 300268 11844 474
ntLink_882 1198 301 100301 11845 474
ntLink_882 1198 50301 150301 11846 474
ntLink_883 779 968 100968 11847 474
ntLink_884 341 131 100131 11848 474
ntLink_885 2922 430 100430 11849 474
ntLink_885 2922 50430 150430 11850 474
ntLink_885 2922 100430 200430 11851 475
ntLink_885 2922 150430 250430 11852 475
ntLink_885 2922 200430 300430 11853 475
ntLink_885 2922 250430 350430 11854 475
ntLink_887 1816 213 100213 11855 475
ntLink_887 1816 50213 150213 11856 475
ntLink_887 1816 100213 200213 11857 475
ntLink_889 320 21512 121512 11858 475
ntLink_88 1978 511 100511 11859 475
ntLink_88 1978 50511 150511 11860 475
ntLink_88 1978 100511 200511 11861 475
ntLink_88 1978 150511 250511 11862 475
ntLink_88 1978 200511 300511 11863 475
ntLink_88 1978 250511 350511 11864 475
ntLink_892 2968 811 100811 11865 475
ntLink_892 2968 50811 150811 11866 475
ntLink_892 2968 100811 200811 11867 475
ntLink_892 2968 150811 250811 11868 475
ntLink_892 2968 200811 300811 11869 475
ntLink_892 2968 250811 350811 11870 475
ntLink_892 2968 300811 400811 11871 475
ntLink_892 2968 350811 450811 11872 475
ntLink_892 2968 400811 500811 11873 475
ntLink_897 1683 41934 141934 11874 475
ntLink_897 1683 91934 191934 11875 475
ntLink_897 1683 141934 241934 11876 476
ntLink_8 2028 1431 101431 11877 476
ntLink_8 2028 51431 151431 11878 476
ntLink_8 2028 101431 201431 11879 476
ntLink_8 2028 151431 251431 11880 476
ntLink_901 940 5290 105290 11881 476
ntLink_902 900 262 100262 11882 476
ntLink_904 950 254 100254 11883 476
ntLink_904 950 50254 150254 11884 476
ntLink_906 844 243 100243 11885 476
ntLink_908 2000 96 100096 11886 476
ntLink_908 2000 50096 150096 11887 476
ntLink_908 2000 100096 200096 11888 476
ntLink_90 1645 4494 104494 11889 476
ntLink_90 1645 54494 154494 11890 476
ntLink_90 1645 104494 204494 11891 476
ntLink_90 1645 154494 254494 11892 476
ntLink_911 1917 355 100355 11893 476
ntLink_911 1917 50355 150355 11894 476
ntLink_911 1917 100355 200355 11895 476
ntLink_911 1917 150355 250355 11896 476
ntLink_912 2098 2192 102192 11897 476
ntLink_912 2098 52192 152192 11898 476
ntLink_912 2098 102192 202192 11899 476
ntLink_912 2098 152192 252192 11900 476
ntLink_912 2098 202192 302192 11901 477
ntLink_912 2098 252192 352192 11902 477
ntLink_913 1763 174 100174 11903 477
ntLink_913 1763 50174 150174 11904 477
ntLink_913 1763 100174 200174 11905 477
ntLink_913 1763 150174 250174 11906 477
ntLink_917 761 300 100300 11907 477
ntLink_918 2217 388 100388 11908 477
ntLink_918 2217 50388 150388 11909 477
ntLink_918 2217 100388 200388 11910 477
ntLink_918 2217 150388 250388 11911 477
ntLink_918 2217 200388 300388 11912 477
ntLink_918 2217 250388 350388 11913 477
ntLink_91 1367 2764 102764 11914 477
ntLink_91 1367 52764 152764 11915 477
ntLink_91 1367 102764 202764 11916 477
ntLink_91 1367 152764 252764 11917 477
ntLink_920 477 11468 111468 11918 477
ntLink_922 523 1744 101744 11919 477
ntLink_928 269 2443 102443 11920 477
ntLink_92 631 266 100266 11921 477
ntLink_933 986 875 100875 11922 477
ntLink_933 986 50875 150875 11923 477
ntLink_933 986 100875 200875 11924 477
ntLink_933 986 150875 250875 11925 477
ntLink_933 986 200875 300875 11926 478
ntLink_933 986 250875 350875 11927 478
ntLink_934 1594 504 100504 11928 478
ntLink_934 1594 50504 150504 11929 478
ntLink_934 1594 100504 200504 11930 478
ntLink_935 2154 2220 102220 11931 478
ntLink_935 2154 52220 152220 11932 478
ntLink_935 2154 102220 202220 11933 478
ntLink_935 2154 152220 252220 11934 478
ntLink_936 967 282 100282 11935 478
ntLink_936 967 50282 150282 11936 478
ntLink_937 1298 1771 101771 11937 478
ntLink_937 1298 51771 151771 11938 478
ntLink_938 592 110 100110 11939 478
Backbone_13442 746 391 100391 11940 478
Backbone_13455 594 27551 127551 11941 478
Backbone_13461 752 2533 102533 11942 478
ntLink_939 266 4956 104956 11943 478
ntLink_93 1539 5463 105463 11944 478
ntLink_93 1539 55463 155463 11945 478
ntLink_93 1539 105463 205463 11946 478
ntLink_940 1395 215 100215 11947 478
ntLink_940 1395 50215 150215 11948 478
ntLink_940 1395 100215 200215 11949 478
ntLink_940 1395 150215 250215 11950 478
ntLink_943 925 3170 103170 11951 479
ntLink_943 925 53170 153170 11952 479
ntLink_947 542 4407 104407 11953 479
ntLink_949 4246 380 100380 11954 479
ntLink_949 4246 50380 150380 11955 479
ntLink_949 4246 100380 200380 11956 479
ntLink_949 4246 150380 250380 11957 479
ntLink_949 4246 200380 300380 11958 479
ntLink_949 4246 250380 350380 11959 479
ntLink_949 4246 300380 400380 11960 479
ntLink_949 4246 350380 450380 11961 479
ntLink_949 4246 400380 500380 11962 479
ntLink_949 4246 450380 550380 11963 479
ntLink_949 4246 500380 600380 11964 479
ntLink_94 1796 146 100146 11965 479
ntLink_94 1796 50146 150146 11966 479
ntLink_94 1796 100146 200146 11967 479
ntLink_94 1796 150146 250146 11968 479
ntLink_94 1796 200146 300146 11969 479
ntLink_951 449 232 100232 11970 479
ntLink_952 385 244 100244 11971 479
ntLink_954 1489 919 100919 11972 479
ntLink_954 1489 50919 150919 11973 479
ntLink_954 1489 100919 200919 11974 479
ntLink_954 1489 150919 250919 11975 479
ntLink_959 837 317 100317 11976 480
ntLink_959 837 50317 150317 11977 480
ntLink_959 837 100317 200317 11978 480
ntLink_960 1560 6813 106813 11979 480
ntLink_960 1560 56813 156813 11980 480
ntLink_960 1560 106813 206813 11981 480
ntLink_961 2751 17575 117575 11982 480
ntLink_961 2751 67575 167575 11983 480
ntLink_961 2751 117575 217575 11984 480
ntLink_961 2751 167575 267575 11985 480
ntLink_961 2751 217575 317575 11986 480
ntLink_964 652 82 100082 11987 480
ntLink_964 652 50082 150082 11988 480
ntLink_965 720 826 100826 11989 480
ntLink_966 791 3821 103821 11990 480
ntLink_966 791 53821 153821 11991 480
ntLink_967 1474 160 100160 11992 480
ntLink_967 1474 50160 150160 11993 480
ntLink_967 1474 100160 200160 11994 480
ntLink_967 1474 150160 250160 11995 480
ntLink_967 1474 200160 300160 11996 480
ntLink_968 1190 480 100480 11997 480
ntLink_968 1190 50480 150480 11998 480
ntLink_968 1190 100480 200480 11999 480
ntLink_969 1317 780 100780 12000 480
ntLink_969 1317 50780 150780 12001 481
ntLink_970 1058 419 100419 12002 481
ntLink_970 1058 50419 150419 12003 481
ntLink_971 1577 1912 101912 12004 481
ntLink_971 1577 51912 151912 12005 481
ntLink_971 1577 101912 201912 12006 481
ntLink_971 1577 151912 251912 12007 481
ntLink_976 1897 4814 104814 12008 481
ntLink_976 1897 54814 154814 12009 481
ntLink_976 1897 104814 204814 12010 481
ntLink_976 1897 154814 254814 12011 481
ntLink_978 1391 434 100434 12012 481
ntLink_978 1391 50434 150434 12013 481
ntLink_978 1391 100434 200434 12014 481
ntLink_978 1391 150434 250434 12015 481
ntLink_97 1201 281 100281 12016 481
ntLink_97 1201 50281 150281 12017 481
ntLink_97 1201 100281 200281 12018 481
ntLink_97 1201 150281 250281 12019 481
ntLink_97 1201 200281 300281 12020 481
ntLink_980 882 391 100391 12021 481
ntLink_980 882 50391 150391 12022 481
ntLink_983 1855 404 100404 12023 481
ntLink_983 1855 50404 150404 12024 481
ntLink_983 1855 100404 200404 12025 481
ntLink_983 1855 150404 250404 12026 482
ntLink_983 1855 200404 300404 12027 482
ntLink_983 1855 250404 350404 12028 482
ntLink_984 794 2192 102192 12029 482
ntLink_988 421 1670 101670 12030 482
ntLink_98 2379 436 100436 12031 482
ntLink_98 2379 50436 150436 12032 482
ntLink_98 2379 100436 200436 12033 482
ntLink_98 2379 150436 250436 12034 482
ntLink_98 2379 200436 300436 12035 482
ntLink_98 2379 250436 350436 12036 482
ntLink_990 546 850 100850 12037 482
ntLink_990 546 50850 150850 12038 482
ntLink_991 1524 2190 102190 12039 482
ntLink_991 1524 52190 152190 12040 482
ntLink_992 1405 161 100161 12041 482
ntLink_992 1405 50161 150161 12042 482
ntLink_995 862 4278 104278 12043 482
ntLink_996 877 477 100477 12044 482
ntLink_997 1602 2101 102101 12045 482
ntLink_997 1602 52101 152101 12046 482
ntLink_997 1602 102101 202101 12047 482
ntLink_997 1602 152101 252101 12048 482
ntLink_997 1602 202101 302101 12049 482
ntLink_99 1459 151 100151 12050 482
ntLink_99 1459 50151 150151 12051 483
ntLink_99 1459 100151 200151 12052 483
ntLink_99 1459 150151 250151 12053 483
ntLink_99 1459 200151 300151 12054 483
ntLink_9 1840 219 100219 12055 483
ntLink_9 1840 50219 150219 12056 483
ntLink_9 1840 100219 200219 12057 483
ntLink_9 1840 150219 250219 12058 483
ntLink_9 1840 200219 300219 12059 483
Backbone_13492 774 1275 101275 12060 483
Backbone_13496 783 364 100364 12061 483
Backbone_13496 783 50364 150364 12062 483
Backbone_1349 812 637 100637 12063 483
Backbone_13508 1617 1404 101404 12064 483
Backbone_13508 1617 51404 151404 12065 483
Backbone_13508 1617 101404 201404 12066 483
Backbone_13508 1617 151404 251404 12067 483
Backbone_13527 224 230 100230 12068 483
Backbone_13530 775 108 100108 12069 483
Backbone_1354 1159 1456 101456 12070 483
Backbone_1354 1159 51456 151456 12071 483
Backbone_1354 1159 101456 201456 12072 483
Backbone_13551 641 17185 117185 12073 483
Backbone_13556 922 353 100353 12074 483
Backbone_13566 945 706 100706 12075 483
Backbone_13566 945 50706 150706 12076 484
Backbone_13569 737 5950 105950 12077 484
Backbone_13570 701 16287 116287 12078 484
Backbone_13589 1093 1291 101291 12079 484
Backbone_13589 1093 51291 151291 12080 484
Backbone_13616 715 2792 102792 12081 484
Backbone_13669 813 487 100487 12082 484
Backbone_13671 594 2075 102075 12083 484
Backbone_13671 594 52075 152075 12084 484
Backbone_13672 541 123 100123 12085 484
Backbone_13672 541 50123 150123 12086 484
Backbone_13704 684 8318 108318 12087 484
Backbone_13709 434 308 100308 12088 484
Backbone_13730 1376 8195 108195 12089 484
Backbone_13730 1376 58195 158195 12090 484
Backbone_13735 1063 11569 111569 12091 484
Backbone_1373 466 12718 112718 12092 484
Backbone_1373 466 62718 162718 12093 484
Backbone_1374 783 452 100452 12094 484
Backbone_13752 649 4942 104942 12095 484
Backbone_13759 751 4074 104074 12096 484
Backbone_1376 1347 1174 101174 12097 484
Backbone_1376 1347 51174 151174 12098 484
Backbone_1377 622 3589 103589 12099 484
Backbone_13795 1088 563 100563 12100 484
Backbone_13795 1088 50563 150563 12101 485
Backbone_13799 227 865 100865 12102 485
Backbone_137 1447 13000 113000 12103 485
Backbone_137 1447 63000 163000 12104 485
Backbone_137 1447 113000 213000 12105 485
Backbone_13801 445 22185 122185 12106 485
Backbone_13805 675 14906 114906 12107 485
Backbone_13822 1235 329 100329 12108 485
Backbone_10294 1079 3481 103481 12109 485
Backbone_10294 1079 53481 153481 12110 485
Backbone_10314 1044 3179 103179 12111 485
Backbone_10314 1044 53179 153179 12112 485
Backbone_10314 1044 103179 203179 12113 485
Backbone_1031 571 276 100276 12114 485
Backbone_10337 1762 206 100206 12115 485
Backbone_10337 1762 50206 150206 12116 485
Backbone_10337 1762 100206 200206 12117 485
Backbone_10337 1762 150206 250206 12118 485
Backbone_10337 1762 200206 300206 12119 485
Backbone_1033 758 8955 108955 12120 485
Backbone_10343 239 8396 108396 12121 485
Backbone_13885 1042 694 100694 12122 485
Backbone_1388 788 4619 104619 12123 485
Backbone_1388 788 54619 154619 12124 485
Backbone_13901 750 373 100373 12125 485
Backbone_13908 1004 336 100336 12126 486
Backbone_13908 1004 50336 150336 12127 486
Backbone_13941 945 627 100627 12128 486
Backbone_13944 926 262 100262 12129 486
Backbone_13954 648 385 100385 12130 486
Backbone_13955 656 1588 101588 12131 486
Backbone_13978 988 368 100368 12132 486
Backbone_13978 988 50368 150368 12133 486
Backbone_13988 795 293 100293 12134 486
Backbone_13999 814 266 100266 12135 486
Backbone_139 589 140 100140 12136 486
Backbone_14033 705 1461 101461 12137 486
Backbone_14036 1072 2482 102482 12138 486
Backbone_14036 1072 52482 152482 12139 486
Backbone_1408 1127 1749 101749 12140 486
Backbone_1409 1224 8391 108391 12141 486
Backbone_1409 1224 58391 158391 12142 486
Backbone_14102 761 741 100741 12143 486
Backbone_14142 651 873 100873 12144 486
Backbone_14152 231 6506 106506 12145 486
Backbone_14189 615 322 100322 12146 486
Backbone_14204 955 532 100532 12147 486
Backbone_1420 1732 1969 101969 12148 486
Backbone_1420 1732 51969 151969 12149 486
Backbone_1420 1732 101969 201969 12150 486
Backbone_14225 718 2280 102280 12151 487
Backbone_14229 837 1408 101408 12152 487
Backbone_14262 492 448 100448 12153 487
Backbone_1430 1013 17507 117507 12154 487
Backbone_14314 796 722 100722 12155 487
Backbone_14327 657 2949 102949 12156 487
Backbone_14330 761 14328 114328 12157 487
Backbone_14331 196 4808 104808 12158 487
Backbone_14393 1042 370 100370 12159 487
Backbone_14393 1042 50370 150370 12160 487
Backbone_10352 1358 10659 110659 12161 487
Backbone_10352 1358 60659 160659 12162 487
Backbone_10357 747 2821 102821 12163 487
Backbone_10376 293 1836 101836 12164 487
Backbone_10380 1368 181 100181 12165 487
Backbone_10380 1368 50181 150181 12166 487
Backbone_10386 718 225 100225 12167 487
Backbone_10390 1063 547 100547 12168 487
Backbone_10390 1063 50547 150547 12169 487
Backbone_14416 674 839 100839 12170 487
Backbone_14423 714 217 100217 12171 487
Backbone_14432 1102 1525 101525 12172 487
Backbone_14432 1102 51525 151525 12173 487
Backbone_14434 758 751 100751 12174 487
Backbone_14452 1513 336 100336 12175 487
Backbone_14452 1513 50336 150336 12176 488
Backbone_14452 1513 100336 200336 12177 488
Backbone_14489 930 486 100486 12178 488
Backbone_14489 930 50486 150486 12179 488
Backbone_14497 1505 991 100991 12180 488
Backbone_14497 1505 50991 150991 12181 488
Backbone_14497 1505 100991 200991 12182 488
Backbone_1449 2061 674 100674 12183 488
Backbone_1449 2061 50674 150674 12184 488
Backbone_1449 2061 100674 200674 12185 488
Backbone_1449 2061 150674 250674 12186 488
Backbone_1449 2061 200674 300674 12187 488
Backbone_14524 1400 1764 101764 12188 488
Backbone_14524 1400 51764 151764 12189 488
Backbone_14524 1400 101764 201764 12190 488
Backbone_14529 833 902 100902 12191 488
Backbone_14529 833 50902 150902 12192 488
Backbone_14531 1076 3965 103965 12193 488
Backbone_14531 1076 53965 153965 12194 488
Backbone_14531 1076 103965 203965 12195 488
Backbone_14539 2472 153 100153 12196 488
Backbone_14539 2472 50153 150153 12197 488
Backbone_14539 2472 100153 200153 12198 488
Backbone_14539 2472 150153 250153 12199 488
Backbone_14559 1590 3929 103929 12200 488
Backbone_14559 1590 53929 153929 12201 489
Backbone_14559 1590 103929 203929 12202 489
Backbone_14574 855 373 100373 12203 489
Backbone_14588 901 1116 101116 12204 489
Backbone_14622 1085 351 100351 12205 489
Backbone_14622 1085 50351 150351 12206 489
Backbone_14656 617 221 100221 12207 489
Backbone_1466 1693 1115 101115 12208 489
Backbone_1466 1693 51115 151115 12209 489
Backbone_1466 1693 101115 201115 12210 489
Backbone_1466 1693 151115 251115 12211 489
Backbone_1466 1693 201115 301115 12212 489
Backbone_1466 1693 251115 351115 12213 489
Backbone_1466 1693 301115 401115 12214 489
Backbone_14679 1839 1262 101262 12215 489
Backbone_14679 1839 51262 151262 12216 489
Backbone_14679 1839 101262 201262 12217 489
Backbone_14679 1839 151262 251262 12218 489
Backbone_14679 1839 201262 301262 12219 489
Backbone_1472 557 4634 104634 12220 489
Backbone_14736 636 874 100874 12221 489
Backbone_14740 1043 142 100142 12222 489
Backbone_14740 1043 50142 150142 12223 489
Backbone_14741 853 552 100552 12224 489
Backbone_1475 864 3703 103703 12225 489
Backbone_14768 586 373 100373 12226 490
Backbone_14798 583 555 100555 12227 490
Backbone_1481 826 4342 104342 12228 490
Backbone_14820 771 385 100385 12229 490
Backbone_14833 484 342 100342 12230 490
Backbone_14835 1875 80 100080 12231 490
Backbone_14835 1875 50080 150080 12232 490
Backbone_14835 1875 100080 200080 12233 490
Backbone_14835 1875 150080 250080 12234 490
Backbone_14852 960 290 100290 12235 490
Backbone_14869 676 4950 104950 12236 490
Backbone_1487 1088 11921 111921 12237 490
Backbone_14885 1494 2692 102692 12238 490
Backbone_14885 1494 52692 152692 12239 490
Backbone_14890 362 239 100239 12240 490
Backbone_14906 665 1349 101349 12241 490
Backbone_14907 397 1181 101181 12242 490
Backbone_1495 325 244 100244 12243 490
Backbone_14984 316 432 100432 12244 490
Backbone_10433 857 14942 114942 12245 490
Backbone_10439 564 470 100470 12246 490
Backbone_10447 979 23545 123545 12247 490
Backbone_1046 1265 3591 103591 12248 490
Backbone_1046 1265 53591 153591 12249 490
Backbone_14994 818 1170 101170 12250 490
Backbone_14999 1283 3605 103605 12251 491
Backbone_149 1101 154 100154 12252 491
Backbone_149 1101 50154 150154 12253 491
Backbone_15008 1698 963 100963 12254 491
Backbone_15008 1698 50963 150963 12255 491
Backbone_15008 1698 100963 200963 12256 491
Backbone_15012 482 738 100738 12257 491
Backbone_15029 1328 5203 105203 12258 491
Backbone_15029 1328 55203 155203 12259 491
Backbone_15029 1328 105203 205203 12260 491
Backbone_1504 1520 568 100568 12261 491
Backbone_1504 1520 50568 150568 12262 491
Backbone_1504 1520 100568 200568 12263 491
Backbone_15089 1367 150 100150 12264 491
Backbone_15098 395 12516 112516 12265 491
Backbone_15132 541 2109 102109 12266 491
Backbone_15158 387 212 100212 12267 491
Backbone_1515 2310 2289 102289 12268 491
Backbone_1515 2310 52289 152289 12269 491
Backbone_1515 2310 102289 202289 12270 491
Backbone_1515 2310 152289 252289 12271 491
Backbone_1515 2310 202289 302289 12272 491
Backbone_15160 704 641 100641 12273 491
Backbone_1517 730 515 100515 12274 491
Backbone_1517 730 50515 150515 12275 491
Backbone_15180 1071 295 100295 12276 492
Backbone_15194 1546 14324 114324 12277 492
Backbone_15194 1546 64324 164324 12278 492
Backbone_15194 1546 114324 214324 12279 492
Backbone_15196 772 4331 104331 12280 492
Backbone_15220 969 1924 101924 12281 492
Backbone_15221 684 533 100533 12282 492
Backbone_15239 522 3160 103160 12283 492
Backbone_15245 862 484 100484 12284 492
Backbone_15245 862 50484 150484 12285 492
Backbone_15247 1094 2012 102012 12286 492
Backbone_1524 606 701 100701 12287 492
Backbone_1527 2076 557 100557 12288 492
Backbone_1527 2076 50557 150557 12289 492
Backbone_1527 2076 100557 200557 12290 492
Backbone_1527 2076 150557 250557 12291 492
Backbone_15285 576 1671 101671 12292 492
Backbone_15319 1562 530 100530 12293 492
Backbone_15319 1562 50530 150530 12294 492
Backbone_15319 1562 100530 200530 12295 492
Backbone_15351 638 260 100260 12296 492
Backbone_15408 1003 632 100632 12297 492
Backbone_15408 1003 50632 150632 12298 492
Backbone_1541 655 204 100204 12299 492
Backbone_15427 839 582 100582 12300 492
Backbone_15432 1048 314 100314 12301 493
Backbone_15470 561 6233 106233 12302 493
Backbone_15479 2359 961 100961 12303 493
Backbone_15479 2359 50961 150961 12304 493
Backbone_15479 2359 100961 200961 12305 493
Backbone_15479 2359 150961 250961 12306 493
Backbone_15479 2359 200961 300961 12307 493
Backbone_15487 781 105 100105 12308 493
Backbone_10503 1096 2452 102452 12309 493
Backbone_10508 211 398 100398 12310 493
Backbone_10508 211 50398 150398 12311 493
Backbone_10510 526 2030 102030 12312 493
Backbone_10522 589 6643 106643 12313 493
Backbone_10522 589 56643 156643 12314 493
Backbone_10522 589 106643 206643 12315 493
Backbone_10524 1430 165 100165 12316 493
Backbone_10524 1430 50165 150165 12317 493
Backbone_10524 1430 100165 200165 12318 493
